bras,t_pulse,seed,dstar,flip_time
B1_FULL,1500,0,-1,5538
B2_FIXE_INIT,1500,0,-1,2612
B5a_PAR_NOEUD_PAR_COPIE,1500,0,-1,5538
B5b_PAR_NOEUD_COMMUN,1500,0,-1,2586
B1_FULL,1500,1,-1,5665
B2_FIXE_INIT,1500,1,-1,2425
B5a_PAR_NOEUD_PAR_COPIE,1500,1,-1,5665
B5b_PAR_NOEUD_COMMUN,1500,1,-1,2538
B1_FULL,1500,2,1,2917
B2_FIXE_INIT,1500,2,1,2867
B5a_PAR_NOEUD_PAR_COPIE,1500,2,1,2917
B5b_PAR_NOEUD_COMMUN,1500,2,1,2633
B1_FULL,1500,3,-1,3935
B2_FIXE_INIT,1500,3,-1,2532
B5a_PAR_NOEUD_PAR_COPIE,1500,3,-1,3935
B5b_PAR_NOEUD_COMMUN,1500,3,-1,2659
B1_FULL,1500,4,1,6447
B2_FIXE_INIT,1500,4,1,2890
B5a_PAR_NOEUD_PAR_COPIE,1500,4,1,6447
B5b_PAR_NOEUD_COMMUN,1500,4,1,2742
B1_FULL,1500,5,-1,5614
B2_FIXE_INIT,1500,5,-1,2330
B5a_PAR_NOEUD_PAR_COPIE,1500,5,-1,5614
B5b_PAR_NOEUD_COMMUN,1500,5,-1,2691
B1_FULL,1500,6,-1,5648
B2_FIXE_INIT,1500,6,-1,2472
B5a_PAR_NOEUD_PAR_COPIE,1500,6,-1,5648
B5b_PAR_NOEUD_COMMUN,1500,6,-1,2655
B1_FULL,1500,7,-1,2813
B2_FIXE_INIT,1500,7,-1,2685
B5a_PAR_NOEUD_PAR_COPIE,1500,7,-1,2813
B5b_PAR_NOEUD_COMMUN,1500,7,-1,2695
B1_FULL,1500,8,-1,5742
B2_FIXE_INIT,1500,8,-1,2478
B5a_PAR_NOEUD_PAR_COPIE,1500,8,-1,5742
B5b_PAR_NOEUD_COMMUN,1500,8,-1,2567
B1_FULL,1500,9,-1,5032
B2_FIXE_INIT,1500,9,-1,2626
B5a_PAR_NOEUD_PAR_COPIE,1500,9,-1,5032
B5b_PAR_NOEUD_COMMUN,1500,9,-1,2752
B1_FULL,1500,10,1,4885
B2_FIXE_INIT,1500,10,1,2692
B5a_PAR_NOEUD_PAR_COPIE,1500,10,1,4885
B5b_PAR_NOEUD_COMMUN,1500,10,1,2582
B1_FULL,1500,11,-1,6995
B2_FIXE_INIT,1500,11,-1,2728
B5a_PAR_NOEUD_PAR_COPIE,1500,11,-1,6995
B5b_PAR_NOEUD_COMMUN,1500,11,-1,2639
B1_FULL,3000,0,-1,6092
B2_FIXE_INIT,3000,0,-1,4264
B5a_PAR_NOEUD_PAR_COPIE,3000,0,-1,6092
B5b_PAR_NOEUD_COMMUN,3000,0,-1,4254
B1_FULL,3000,1,-1,6808
B2_FIXE_INIT,3000,1,-1,4139
B5a_PAR_NOEUD_PAR_COPIE,3000,1,-1,6808
B5b_PAR_NOEUD_COMMUN,3000,1,-1,4136
B1_FULL,3000,2,1,6438
B2_FIXE_INIT,3000,2,1,4629
B5a_PAR_NOEUD_PAR_COPIE,3000,2,1,6438
B5b_PAR_NOEUD_COMMUN,3000,2,1,4172
B1_FULL,3000,3,-1,5578
B2_FIXE_INIT,3000,3,-1,4424
B5a_PAR_NOEUD_PAR_COPIE,3000,3,-1,5578
B5b_PAR_NOEUD_COMMUN,3000,3,-1,4121
B1_FULL,3000,4,1,8829
B2_FIXE_INIT,3000,4,1,4195
B5a_PAR_NOEUD_PAR_COPIE,3000,4,1,8829
B5b_PAR_NOEUD_COMMUN,3000,4,1,4363
B1_FULL,3000,5,-1,6170
B2_FIXE_INIT,3000,5,-1,3763
B5a_PAR_NOEUD_PAR_COPIE,3000,5,-1,6170
B5b_PAR_NOEUD_COMMUN,3000,5,-1,4282
B1_FULL,3000,6,-1,6294
B2_FIXE_INIT,3000,6,-1,4117
B5a_PAR_NOEUD_PAR_COPIE,3000,6,-1,6294
B5b_PAR_NOEUD_COMMUN,3000,6,-1,4439
B1_FULL,3000,7,-1,8837
B2_FIXE_INIT,3000,7,-1,4371
B5a_PAR_NOEUD_PAR_COPIE,3000,7,-1,8837
B5b_PAR_NOEUD_COMMUN,3000,7,-1,4153
B1_FULL,3000,8,-1,6667
B2_FIXE_INIT,3000,8,-1,3987
B5a_PAR_NOEUD_PAR_COPIE,3000,8,-1,6667
B5b_PAR_NOEUD_COMMUN,3000,8,-1,4257
B1_FULL,3000,9,-1,6039
B2_FIXE_INIT,3000,9,-1,4122
B5a_PAR_NOEUD_PAR_COPIE,3000,9,-1,6039
B5b_PAR_NOEUD_COMMUN,3000,9,-1,4426
B1_FULL,3000,10,1,6243
B2_FIXE_INIT,3000,10,1,4235
B5a_PAR_NOEUD_PAR_COPIE,3000,10,1,6243
B5b_PAR_NOEUD_COMMUN,3000,10,1,4043
B1_FULL,3000,11,-1,8068
B2_FIXE_INIT,3000,11,-1,4629
B5a_PAR_NOEUD_PAR_COPIE,3000,11,-1,8068
B5b_PAR_NOEUD_COMMUN,3000,11,-1,4284
B1_FULL,4500,0,-1,6542
B2_FIXE_INIT,4500,0,-1,5850
B5a_PAR_NOEUD_PAR_COPIE,4500,0,-1,6542
B5b_PAR_NOEUD_COMMUN,4500,0,-1,5562
B1_FULL,4500,1,-1,8154
B2_FIXE_INIT,4500,1,-1,5535
B5a_PAR_NOEUD_PAR_COPIE,4500,1,-1,8154
B5b_PAR_NOEUD_COMMUN,4500,1,-1,5502
B1_FULL,4500,2,1,7551
B2_FIXE_INIT,4500,2,1,6213
B5a_PAR_NOEUD_PAR_COPIE,4500,2,1,7551
B5b_PAR_NOEUD_COMMUN,4500,2,1,5864
B1_FULL,4500,3,-1,6276
B2_FIXE_INIT,4500,3,-1,5760
B5a_PAR_NOEUD_PAR_COPIE,4500,3,-1,6276
B5b_PAR_NOEUD_COMMUN,4500,3,-1,5317
B1_FULL,4500,4,1,8756
B2_FIXE_INIT,4500,4,1,5617
B5a_PAR_NOEUD_PAR_COPIE,4500,4,1,8756
B5b_PAR_NOEUD_COMMUN,4500,4,1,5366
B1_FULL,4500,5,-1,7219
B2_FIXE_INIT,4500,5,-1,5375
B5a_PAR_NOEUD_PAR_COPIE,4500,5,-1,7219
B5b_PAR_NOEUD_COMMUN,4500,5,-1,5504
B1_FULL,4500,6,-1,8301
B2_FIXE_INIT,4500,6,-1,5637
B5a_PAR_NOEUD_PAR_COPIE,4500,6,-1,8301
B5b_PAR_NOEUD_COMMUN,4500,6,-1,5507
B1_FULL,4500,7,-1,9001
B2_FIXE_INIT,4500,7,-1,5854
B5a_PAR_NOEUD_PAR_COPIE,4500,7,-1,9001
B5b_PAR_NOEUD_COMMUN,4500,7,-1,5286
B1_FULL,4500,8,-1,8584
B2_FIXE_INIT,4500,8,-1,5396
B5a_PAR_NOEUD_PAR_COPIE,4500,8,-1,8584
B5b_PAR_NOEUD_COMMUN,4500,8,-1,5493
B1_FULL,4500,9,-1,7081
B2_FIXE_INIT,4500,9,-1,5712
B5a_PAR_NOEUD_PAR_COPIE,4500,9,-1,7081
B5b_PAR_NOEUD_COMMUN,4500,9,-1,5488
B1_FULL,4500,10,1,7898
B2_FIXE_INIT,4500,10,1,5880
B5a_PAR_NOEUD_PAR_COPIE,4500,10,1,7898
B5b_PAR_NOEUD_COMMUN,4500,10,1,5518
B1_FULL,4500,11,-1,9001
B2_FIXE_INIT,4500,11,-1,5868
B5a_PAR_NOEUD_PAR_COPIE,4500,11,-1,9001
B5b_PAR_NOEUD_COMMUN,4500,11,-1,5575
