bras,gain_u,sigma_capteur,seed,R_mean,u_mean,u_max,sigma_social_capte
FROZEN_U,,,42,0.710464010627781,0.05,0.04999999999999999,0.1614993613673428
FROZEN_U,,,123,0.410563929752614,0.05,0.04999999999999999,0.12321091222652
FROZEN_U,,,777,0.6497340053429448,0.05,0.04999999999999999,0.16011502967619026
FROZEN_U,,,17,0.6544778932833645,0.05,0.04999999999999999,0.14015942322155955
FROZEN_U,,,256,0.5956343455966304,0.05,0.04999999999999999,0.15335999584329157
FROZEN_U,,,1337,0.512376071407666,0.05,0.04999999999999999,0.15020884087056732
FROZEN_U,,,99,0.6807826976642475,0.05,0.04999999999999999,0.15283464709353736
FROZEN_U,,,314,0.5988985716193046,0.05,0.04999999999999999,0.1613464342177086
FROZEN_U,,,2024,0.7025598661953839,0.05,0.04999999999999999,0.15490236349347317
FROZEN_U,,,888,0.6868312676787367,0.05,0.04999999999999999,0.1437971627176651
FULL,1.0,0.0,42,0.7032594812807038,0.06205681823491618,0.07048803349473327,0.16272879773918394
FULL,1.0,0.0,123,0.3979638320073295,0.05943344364732064,0.06536990375053549,0.12358224995560133
FULL,1.0,0.0,777,0.6420068908152678,0.061437711143305276,0.06988472747929339,0.16105581253973758
FULL,1.0,0.0,17,0.6505551074191517,0.05937873383727627,0.06741406904018375,0.1409170909506169
FULL,1.0,0.0,256,0.5891303868461282,0.06120963802736006,0.06911788853013148,0.1542809084039413
FULL,1.0,0.0,1337,0.5031905187123816,0.06083534150171547,0.06863085027066484,0.15074953019309834
FULL,1.0,0.0,99,0.6742889404394556,0.06118215762613918,0.06922007707695017,0.15371301998993375
FULL,1.0,0.0,314,0.5894824727270375,0.061579518948015576,0.07006509784954201,0.1623518161697327
FULL,1.0,0.0,2024,0.6947928502111965,0.060955938742402876,0.06926115778986076,0.15566705467963862
FULL,1.0,0.0,888,0.6817120127690963,0.060146722708596875,0.06819875668969877,0.14465954148189178
FULL,1.0,0.05,42,0.7024224524607238,0.06401714980026088,0.07311571561946999,0.17280163990644912
FULL,1.0,0.05,123,0.3953260168129429,0.06152924145807772,0.06826474131439261,0.13700206739100962
FULL,1.0,0.05,777,0.6408129850515798,0.06343978851460333,0.07252807209793759,0.17086040974995875
FULL,1.0,0.05,17,0.6496155054172168,0.06160306181479799,0.07031482039947134,0.15360164439639318
FULL,1.0,0.05,256,0.5880753226346,0.06319157816209293,0.07176725028128937,0.1644798770923407
FULL,1.0,0.05,1337,0.5017862968582161,0.0628344723854042,0.07129121926203846,0.16117878702268998
FULL,1.0,0.05,99,0.6733341155191903,0.06315247827527287,0.07185013951719346,0.1640223274306245
FULL,1.0,0.05,314,0.5879415272878311,0.06355646882841262,0.07267588240469554,0.17194105256011963
FULL,1.0,0.05,2024,0.6935832675443828,0.06298512192775638,0.07193701594551867,0.16601629173177862
FULL,1.0,0.05,888,0.6807966224079174,0.06223464465990405,0.0709924668953445,0.15692302272730194
FULL,1.0,0.1,42,0.7001165962441543,0.0691776329419408,0.0803045196265348,0.20285366079415382
FULL,1.0,0.1,123,0.38811784074936917,0.06695839093664427,0.07596669815588426,0.1735067714368153
FULL,1.0,0.1,777,0.6376735866893658,0.06866753341197332,0.07973305462511951,0.20055574812185473
FULL,1.0,0.1,17,0.6472836506821333,0.06712059744468675,0.07787277153532707,0.1875696640208475
FULL,1.0,0.1,256,0.5852553856171059,0.06841636924113176,0.07903765355430176,0.1953120923716718
FULL,1.0,0.1,1337,0.497871167152594,0.06807982209537704,0.07855582907876588,0.19217360716893175
FULL,1.0,0.1,99,0.6706503008638964,0.06836239842506396,0.07908457860158691,0.19485728910181746
FULL,1.0,0.1,314,0.5838435454266855,0.06874209592778714,0.07982387834064167,0.20113906956888217
FULL,1.0,0.1,2024,0.6902229349186683,0.06824859830942336,0.07918492890617253,0.19649238104669495
FULL,1.0,0.1,888,0.6783198005116412,0.0676334251439832,0.07847394349571396,0.1906004606950205
FULL,1.0,0.2,42,0.6916528841484515,0.08585427747599193,0.10417817534401479,0.2969416733655963
FULL,1.0,0.2,123,0.3648678021904293,0.0840374183530583,0.10061809419618388,0.27762533986690313
FULL,1.0,0.2,777,0.6265266872628199,0.0854478921856348,0.10366931171274095,0.2949677091797393
FULL,1.0,0.2,17,0.6393657057499849,0.08422250126068101,0.10221529366277324,0.28702532964382654
FULL,1.0,0.2,256,0.5754024918189553,0.08521500749459378,0.1031015831898376,0.2916024903744467
FULL,1.0,0.2,1337,0.4839081334995864,0.08490473561894261,0.10261133807740523,0.2889750638418772
FULL,1.0,0.2,99,0.6606675686459389,0.08516917698730762,0.10313032702903115,0.29128359861420483
FULL,1.0,0.2,314,0.5692215396256968,0.08549501083846836,0.10372653938977065,0.2951764007357151
FULL,1.0,0.2,2024,0.6779605617308564,0.08508795259245894,0.10320649106629513,0.29223164522746786
FULL,1.0,0.2,888,0.6695893282193915,0.08462798858262331,0.10271244326739733,0.28923038154470343
FULL,1.0,0.4,42,0.6579709073940709,0.13795064385349592,0.17920503829470794,0.5274292796708276
FULL,1.0,0.4,123,0.28476636030606567,0.13640965924141313,0.17619968236170042,0.5161950683497913
FULL,1.0,0.4,777,0.5807276731367987,0.13764327834540227,0.17871719635140693,0.5259117059833442
FULL,1.0,0.4,17,0.6070585458951402,0.13660629773784122,0.17754603945124622,0.5216417110514754
FULL,1.0,0.4,256,0.5374683096315204,0.13740343880123873,0.1782870174326503,0.5242939133381399
FULL,1.0,0.4,1337,0.43346656848635473,0.13704798868016443,0.1776335037888561,0.5218682452666683
FULL,1.0,0.4,99,0.618529891804196,0.13740165854531308,0.17832889774630367,0.524179787013169
FULL,1.0,0.4,314,0.5101385437078576,0.13770799517453378,0.1788322875111042,0.5262610871742288
FULL,1.0,0.4,2024,0.6252135746392237,0.13729770328154342,0.17830964426024817,0.5243704390203063
FULL,1.0,0.4,888,0.6327660380706711,0.13696055116661368,0.17795009836219797,0.5229767599571253
FULL,1.0,0.8,42,0.44593960024047086,0.3011007067532245,0.4121042779955291,1.0250436895468031
FULL,1.0,0.8,123,0.11489579940984643,0.29969681216293304,0.40963462725669714,1.0186421788299045
FULL,1.0,0.8,777,0.33765494019902464,0.3009424864130225,0.4117115658428336,1.0238635890224599
FULL,1.0,0.8,17,0.39403903203631707,0.2997374671219604,0.41008276787936077,1.0200840986123405
FULL,1.0,0.8,256,0.34572689169129894,0.3005370208873172,0.41107918170167734,1.0225330349669743
FULL,1.0,0.8,1337,0.2796937292634846,0.2999420958570108,0.40986441547401514,1.019578173837925
FULL,1.0,0.8,99,0.35572691933915085,0.3006924405806412,0.41136494977231086,1.0233319677748083
FULL,1.0,0.8,314,0.28152696531432087,0.3010906110721966,0.41205113344058203,1.0247441502019772
FULL,1.0,0.8,2024,0.3313499859047982,0.3003911082990321,0.4110075166924298,1.022259745412432
FULL,1.0,0.8,888,0.3576660895984296,0.3002082041303328,0.4104668633506534,1.0210256369293724
FULL,5.0,0.0,42,0.5602650066085112,0.17855159237760107,0.2972035653557239,0.1905768468765292
FULL,5.0,0.0,123,0.2853845440044369,0.13556759721010483,0.1940338618544894,0.13031317290579086
FULL,5.0,0.0,777,0.4978052821809793,0.16586372937747387,0.2694666707887182,0.17853736395261066
FULL,5.0,0.0,17,0.5940793383101228,0.13878628077404487,0.23018882833094204,0.15166934083773043
FULL,5.0,0.0,256,0.48476663294445366,0.16195666918906576,0.2597181906274262,0.17202314552649786
FULL,5.0,0.0,1337,0.3954704447407173,0.15417838030058728,0.23856220027860808,0.16043566642058624
FULL,5.0,0.0,99,0.5417405674525252,0.16037396423793507,0.25593367680579393,0.1687323395989418
FULL,5.0,0.0,314,0.42991830725343605,0.16839405569101734,0.2744072179183449,0.1815037033702114
FULL,5.0,0.0,2024,0.540646153107637,0.15718150776912793,0.2513345417951083,0.16769088468219948
FULL,5.0,0.0,888,0.5796938666540523,0.1483452593736772,0.24619298793558347,0.15931592960468063
FULL,5.0,0.05,42,0.5334611774472633,0.20594736550278497,0.344629679237268,0.20813741638411876
FULL,5.0,0.05,123,0.24443125472525332,0.16184483327927865,0.23399661602632432,0.14716375888934335
FULL,5.0,0.05,777,0.46218549399508,0.19251537891128478,0.31284635437563735,0.19385303719247354
FULL,5.0,0.05,17,0.5694997876321481,0.16589856886024434,0.27162137997258734,0.16828200731727536
FULL,5.0,0.05,256,0.4550676794333419,0.1886569356742192,0.30285124664371105,0.1876421287542067
FULL,5.0,0.05,1337,0.3743970361677683,0.1802422257724559,0.27915386960814215,0.17509525877756443
FULL,5.0,0.05,99,0.5072145879594786,0.18662802568489842,0.29736700671814675,0.1836619249554851
FULL,5.0,0.05,314,0.39223114600092424,0.19517896910173027,0.3171447398099231,0.19649789054560918
FULL,5.0,0.05,2024,0.5060832521078816,0.18321420560940407,0.29132688477366747,0.1818292161127834
FULL,5.0,0.05,888,0.5460031091518289,0.17489325942963724,0.2868735782744039,0.17545115486901253
FULL,5.0,0.1,42,0.443515334096288,0.2845520993676477,0.49090513064176333,0.2661273497941206
FULL,5.0,0.1,123,0.15464929158888893,0.23765899809587948,0.3611833851840462,0.1997995687133063
FULL,5.0,0.1,777,0.3697477718692617,0.26999559783007765,0.45338893944755904,0.2482037295026364
FULL,5.0,0.1,17,0.4759947687285585,0.24143321722084082,0.39723039632169,0.21824577091939623
FULL,5.0,0.1,256,0.36901364564988864,0.26587795534058056,0.4402854841250556,0.241186797407822
FULL,5.0,0.1,1337,0.30555361870522374,0.2560649691621658,0.41117350716287393,0.22613281678142677
FULL,5.0,0.1,99,0.4155010386667166,0.26333543237238854,0.434805862632514,0.2374518465289857
FULL,5.0,0.1,314,0.30920015199657186,0.2729744909747716,0.4576139916598377,0.25037028060949407
FULL,5.0,0.1,2024,0.4056716005470791,0.2577583382329544,0.4219068423039542,0.23141571256266666
FULL,5.0,0.1,888,0.43127313754665564,0.2500824238230551,0.4107301882714527,0.2247101446018894
FULL,5.0,0.2,42,0.21392031694301106,0.5779590401589452,0.9681533007321442,0.5698128269153724
FULL,5.0,0.2,123,0.08418910902250566,0.5344386852388259,0.9350478494806131,0.49640650888573096
FULL,5.0,0.2,777,0.20973838026871422,0.5635450638263864,0.9676095555312579,0.5534101678097944
FULL,5.0,0.2,17,0.26534374279443057,0.5215669166467083,0.9262416310552952,0.4845236581847671
FULL,5.0,0.2,256,0.1949635766801441,0.5491940978755072,0.9561391976928895,0.5313165711183581
FULL,5.0,0.2,1337,0.194334998479583,0.5495330209828567,0.9555118739087193,0.5274568274560827
FULL,5.0,0.2,99,0.1851966115330202,0.5562263223139338,0.955423437395596,0.5414584315286579
FULL,5.0,0.2,314,0.1864103252730963,0.5744102529774058,0.9795045420332127,0.5858006562033409
FULL,5.0,0.2,2024,0.18192322333542926,0.5510426542092859,0.9586100828093485,0.5392332555003416
FULL,5.0,0.2,888,0.18607905207314746,0.5438393461397689,0.9592770430886297,0.5233526603662338
FULL,5.0,0.4,42,0.09409391757665427,0.8984168998144846,1.0,0.9671106223665471
FULL,5.0,0.4,123,0.07011033743907256,0.8931791159218752,1.0,0.9691532427252627
FULL,5.0,0.4,777,0.05457848512548478,0.8951959943385286,1.0,0.9683047754667496
FULL,5.0,0.4,17,0.06443119489159804,0.8958711472011361,1.0,0.9624235021174038
FULL,5.0,0.4,256,0.0713499910473397,0.8958813431199765,1.0,0.9709888730052069
FULL,5.0,0.4,1337,0.07715481043515626,0.8946988920481326,1.0,0.9662771852805349
FULL,5.0,0.4,99,0.08082577014197384,0.8998218548197415,1.0,0.9901337987976214
FULL,5.0,0.4,314,0.11365418320613734,0.8973941427199283,1.0,0.9732185006437919
FULL,5.0,0.4,2024,0.0573225906162574,0.891153856857877,1.0,0.9433154667477401
FULL,5.0,0.4,888,0.08520492284916673,0.8978903618919444,1.0,0.9950532497152922
FULL,5.0,0.8,42,0.05515536842023871,0.9999797717048857,1.0,1.381055451637134
FULL,5.0,0.8,123,0.06623309996846342,0.9999771521988751,1.0,1.3631721793872265
FULL,5.0,0.8,777,0.07291222488021398,0.9999759308096902,1.0,1.3597925282782959
FULL,5.0,0.8,17,0.06231423601516272,0.9999732433451852,1.0,1.3767396414067619
FULL,5.0,0.8,256,0.07633560136346076,0.9999785590414587,1.0,1.4029053929467545
FULL,5.0,0.8,1337,0.0407910167701211,0.9999818107631827,1.0,1.3763666532532262
FULL,5.0,0.8,99,0.08140228320541246,0.9999752595510804,1.0,1.3745983643163997
FULL,5.0,0.8,314,0.07402466799871345,0.999978186214226,1.0,1.3430704504907112
FULL,5.0,0.8,2024,0.07721531347836778,0.9999690464512208,1.0,1.3381740300020666
FULL,5.0,0.8,888,0.11040027347203048,0.9999696968007776,1.0,1.3782330282160773
