topology,n_nonlin,condition,gain_u,seed,R_mean,R_std,p_mean,u_mean,u_max
BA_m3,0.0,FROZEN_U,,42,0.710464010627781,0.01986652439836746,0.10916623100472196,0.05,0.04999999999999999
BA_m3,0.0,FROZEN_U,,123,0.410563929752614,0.12006820424091175,0.037931212519512175,0.05,0.04999999999999999
BA_m3,0.0,FROZEN_U,,777,0.6497340053429448,0.06655012056135687,0.09244584850357902,0.05,0.04999999999999999
BA_m3,0.0,FROZEN_U,,17,0.6544778932833645,0.08624041836604829,0.07292696089155254,0.05,0.04999999999999999
BA_m3,0.0,FROZEN_U,,256,0.5956343455966304,0.01738557344383449,0.09016893562766251,0.05,0.04999999999999999
BA_m3,0.0,FROZEN_U,,1337,0.512376071407666,0.09820569193275962,0.06720611887599998,0.05,0.04999999999999999
BA_m3,0.0,FROZEN_U,,99,0.6807826976642475,0.025361172259709987,0.08755694892073347,0.05,0.04999999999999999
BA_m3,0.0,FROZEN_U,,314,0.5988985716193046,0.03757650131022423,0.08370745254941883,0.05,0.04999999999999999
BA_m3,0.0,FROZEN_U,,2024,0.7025598661953839,0.03603952713270162,0.07967992812172116,0.05,0.04999999999999999
BA_m3,0.0,FROZEN_U,,888,0.6868312676787367,0.08001268412306951,0.08542215659675893,0.05,0.04999999999999999
BA_m3,0.0,FULL,1.0,42,0.7032594812807038,0.02371722098131853,0.10828425032946856,0.06205681823491618,0.07048803349473327
BA_m3,0.0,FULL,1.0,123,0.3979638320073295,0.11514110629312377,0.03770900251468334,0.05943344364732064,0.06536990375053549
BA_m3,0.0,FULL,1.0,777,0.6420068908152678,0.07160367506484341,0.09169946703182992,0.061437711143305276,0.06988472747929339
BA_m3,0.0,FULL,1.0,17,0.6505551074191517,0.08572722532832926,0.07266191688356922,0.05937873383727627,0.06741406904018375
BA_m3,0.0,FULL,1.0,256,0.5891303868461282,0.019651610750223317,0.08961834384786305,0.06120963802736006,0.06911788853013148
BA_m3,0.0,FULL,1.0,1337,0.5031905187123816,0.10445285937836378,0.06667937371271085,0.06083534150171547,0.06863085027066484
BA_m3,0.0,FULL,1.0,99,0.6742889404394556,0.024654571864920514,0.08679467034670951,0.06118215762613918,0.06922007707695017
BA_m3,0.0,FULL,1.0,314,0.5894824727270375,0.044340590794866415,0.08289637696529983,0.061579518948015576,0.07006509784954201
BA_m3,0.0,FULL,1.0,2024,0.6947928502111965,0.039697919604448566,0.07883408055033743,0.060955938742402876,0.06926115778986076
BA_m3,0.0,FULL,1.0,888,0.6817120127690963,0.07874421846683129,0.08481979358715003,0.060146722708596875,0.06819875668969877
BA_m3,0.0,FULL,2.0,42,0.6897767577689508,0.03217866547606423,0.10666047420548791,0.07991991429833549,0.10151189724321923
BA_m3,0.0,FULL,2.0,123,0.38042755042523446,0.10910550087057887,0.037440821750579945,0.07250718224617636,0.08690818028602391
BA_m3,0.0,FULL,2.0,777,0.6282592923064619,0.08143285785372778,0.09043137955905407,0.07814137077146413,0.09954230337517721
BA_m3,0.0,FULL,2.0,17,0.644177167677436,0.08517883342733854,0.07222534797675888,0.07263658651485144,0.09296915249448139
BA_m3,0.0,FULL,2.0,256,0.5780829045880398,0.024521544852357146,0.08870073603973057,0.07744008205865209,0.09740151759974697
BA_m3,0.0,FULL,2.0,1337,0.4875858652971998,0.11606459663138864,0.06585745734407138,0.07634360920048443,0.09576287052172354
BA_m3,0.0,FULL,2.0,99,0.6625874605644335,0.0247132303154983,0.08551641724556065,0.07731078956484455,0.0975691156657368
BA_m3,0.0,FULL,2.0,314,0.5730032891168771,0.05743088655888907,0.08156752897737814,0.07849018761690761,0.1000039673131242
BA_m3,0.0,FULL,2.0,2024,0.6808578111958932,0.048696301311785796,0.07745120227379729,0.07674633334936053,0.09767114146654152
BA_m3,0.0,FULL,2.0,888,0.6730148753642086,0.07649516919207425,0.08382300098299038,0.07463335658624802,0.09514730305200678
BA_m3,0.0,FULL,3.0,42,0.6657603085512568,0.049721768533600795,0.10390533696464557,0.10401805152786149,0.14437919289114354
BA_m3,0.0,FULL,3.0,123,0.3570118701251696,0.10166748234958578,0.03720115125920632,0.08931840459939554,0.11481473287399488
BA_m3,0.0,FULL,3.0,777,0.604759182323661,0.10024782487516996,0.08847154721856479,0.10037366937610061,0.13971457863975867
BA_m3,0.0,FULL,3.0,17,0.6344944226308846,0.08512394692169443,0.07156417643346674,0.08992875806246424,0.12717349945272666
BA_m3,0.0,FULL,3.0,256,0.5605139680001939,0.03422432000748232,0.08729819273006156,0.09893961164587907,0.13569170050039553
BA_m3,0.0,FULL,3.0,1337,0.46345198921732517,0.13449847938381929,0.06471786064231592,0.09666475600499522,0.131712268341802
BA_m3,0.0,FULL,3.0,99,0.6427771465484375,0.030867496202042998,0.08353046782832828,0.09859554593691051,0.13567458299208435
BA_m3,0.0,FULL,3.0,314,0.5452668176950117,0.08153276627791757,0.07958544900716294,0.1010386670626053,0.1407019801246976
BA_m3,0.0,FULL,3.0,2024,0.6568928042091644,0.06835163696468528,0.07538164074421892,0.09754835027362165,0.13568750081656789
BA_m3,0.0,FULL,3.0,888,0.6584564983599882,0.07307303838930752,0.0822747454794086,0.09365612571475222,0.1315312854010996
BA_m3,0.0,FULL,5.0,42,0.5602650066085112,0.1264353984763423,0.09869042690714042,0.17855159237760107,0.2972035653557239
BA_m3,0.0,FULL,5.0,123,0.2853845440044369,0.08907021631146926,0.0376760736257139,0.13556759721010483,0.1940338618544894
BA_m3,0.0,FULL,5.0,777,0.4978052821809793,0.19484149288982422,0.08383478022759928,0.16586372937747387,0.2694666707887182
BA_m3,0.0,FULL,5.0,17,0.5940793383101228,0.09627724771916059,0.0696256089891623,0.13878628077404487,0.23018882833094204
BA_m3,0.0,FULL,5.0,256,0.48476663294445366,0.09028901248510103,0.08325315129643444,0.16195666918906576,0.2597181906274262
BA_m3,0.0,FULL,5.0,1337,0.3954704447407173,0.1764173001893268,0.06272690956705722,0.15417838030058728,0.23856220027860808
BA_m3,0.0,FULL,5.0,99,0.5417405674525252,0.11312274370678908,0.07732574238848831,0.16037396423793507,0.25593367680579393
BA_m3,0.0,FULL,5.0,314,0.42991830725343605,0.1845128571659814,0.07626466823966226,0.16839405569101734,0.2744072179183449
BA_m3,0.0,FULL,5.0,2024,0.540646153107637,0.18112566498325763,0.07043666222418975,0.15718150776912793,0.2513345417951083
BA_m3,0.0,FULL,5.0,888,0.5796938666540523,0.09578054404798657,0.07694232425071768,0.1483452593736772,0.24619298793558347
BA_m3,0.0,FULL,7.0,42,0.41549420880436644,0.19182890900523786,0.13956087888107782,0.322588445184948,0.6509228108137161
BA_m3,0.0,FULL,7.0,123,0.1820609272638343,0.11592858881114812,0.047381421597145604,0.21015749478291224,0.35855017073940787
BA_m3,0.0,FULL,7.0,777,0.3804838536920006,0.2459933631165573,0.11164163173523095,0.28948075478533986,0.5865241616102906
BA_m3,0.0,FULL,7.0,17,0.49476485358285,0.16579416569274108,0.07871411699794156,0.21886163937529188,0.4422527535556073
BA_m3,0.0,FULL,7.0,256,0.3596799283946017,0.16259951741336465,0.10665233103607483,0.27647328365320034,0.5466637030663456
BA_m3,0.0,FULL,7.0,1337,0.29847347765868354,0.22539897904741474,0.0836237054464019,0.25581757713266223,0.49678148718297943
BA_m3,0.0,FULL,7.0,99,0.41381186306453116,0.18939595078241128,0.09914243774462124,0.2722952449463884,0.5390539771679659
BA_m3,0.0,FULL,7.0,314,0.31338777810779717,0.2281984259725831,0.10708140997791926,0.2927772977861151,0.5935783042047059
BA_m3,0.0,FULL,7.0,2024,0.40248813590783294,0.22102053748009132,0.08736243151877295,0.25977822054388683,0.5266732067829909
BA_m3,0.0,FULL,7.0,888,0.4329013975855974,0.18712476433568367,0.08777438537224284,0.24035109835710458,0.4903019901041681
BA_m3,0.0,FULL,10.0,42,0.261910542216228,0.21734525334174296,0.267973298419692,0.5787373399087412,0.9699339127734713
BA_m3,0.0,FULL,10.0,123,0.13166400886376897,0.10758407164844581,0.15639728327838479,0.4463211138108209,0.8827708489167353
BA_m3,0.0,FULL,10.0,777,0.28375076844848734,0.2385564921645541,0.24069471876121462,0.5400437052229944,0.9750944146140221
BA_m3,0.0,FULL,10.0,17,0.3709637161447807,0.18724317095795287,0.15080865025461626,0.404912062365965,0.8573247128320588
BA_m3,0.0,FULL,10.0,256,0.23419594218177303,0.16965541493886416,0.22423686836767417,0.5226589331243208,0.957765011815468
BA_m3,0.0,FULL,10.0,1337,0.26253405477048686,0.17194713915990392,0.19798103694579844,0.5003002937224849,0.9491727242149167
BA_m3,0.0,FULL,10.0,99,0.2683888693069877,0.20485564382321012,0.21972220597240363,0.5234434544911606,0.9602776554920964
BA_m3,0.0,FULL,10.0,314,0.24348304753069647,0.2013634851768532,0.24710241828321214,0.5553655523145696,0.9798831036340738
BA_m3,0.0,FULL,10.0,2024,0.2647889327500998,0.1948602207057536,0.20752779658905812,0.5030982161604439,0.9434991117783804
BA_m3,0.0,FULL,10.0,888,0.2609944984098604,0.1825923653143157,0.17621242736062118,0.4595393148073039,0.9175183238496963
BA_m3,10.0,FROZEN_U,,42,0.22228438156657795,0.05701288927611556,0.024489377319040558,0.05,0.04999999999999999
BA_m3,10.0,FROZEN_U,,123,0.2628402528089526,0.08160790861989795,0.0274197301662547,0.05,0.04999999999999999
BA_m3,10.0,FROZEN_U,,777,0.2557261865852697,0.08128134378847404,0.02898238773227354,0.05,0.04999999999999999
BA_m3,10.0,FROZEN_U,,17,0.278713301128313,0.11589812097403866,0.02692247529798149,0.05,0.04999999999999999
BA_m3,10.0,FROZEN_U,,256,0.28472194512160404,0.09671822163606311,0.036623758017369404,0.05,0.04999999999999999
BA_m3,10.0,FROZEN_U,,1337,0.19066050484868344,0.0906320423326078,0.022952000560540618,0.05,0.04999999999999999
BA_m3,10.0,FROZEN_U,,99,0.32052349866293095,0.07731830096483726,0.03319830885238557,0.05,0.04999999999999999
BA_m3,10.0,FROZEN_U,,314,0.3102082413043562,0.12016506925904062,0.030503794161300966,0.05,0.04999999999999999
BA_m3,10.0,FROZEN_U,,2024,0.2685154556832172,0.08873115176440659,0.030830569432988952,0.05,0.04999999999999999
BA_m3,10.0,FROZEN_U,,888,0.30868911608881644,0.08837282756394213,0.030335971702710785,0.05,0.04999999999999999
BA_m3,10.0,FULL,1.0,42,0.22946682480566633,0.05519214268846428,0.024875940502239693,0.05969130600574094,0.0650990551157984
BA_m3,10.0,FULL,1.0,123,0.25963681481336554,0.08091002971462379,0.027497629696506824,0.05921349566812559,0.06490111611417898
BA_m3,10.0,FULL,1.0,777,0.25039658571180395,0.08206738914682996,0.029102536146616374,0.059831897511732964,0.0655577957026502
BA_m3,10.0,FULL,1.0,17,0.279166779993692,0.11325537658149167,0.02714293141771667,0.05856464657610999,0.06455871344464971
BA_m3,10.0,FULL,1.0,256,0.28060318672389917,0.1048566434131397,0.03690824582212777,0.06121441513603982,0.06743783571229164
BA_m3,10.0,FULL,1.0,1337,0.19363857845793453,0.08500955725675113,0.02313433908591296,0.059195905258445404,0.0644492843591024
BA_m3,10.0,FULL,1.0,99,0.31494443137749717,0.07702951468942648,0.033509265009799866,0.06076250671955084,0.06696380640192084
BA_m3,10.0,FULL,1.0,314,0.30699365472517737,0.11842545814043319,0.030474744275860305,0.06010138370722738,0.0659937328573762
BA_m3,10.0,FULL,1.0,2024,0.2682626619647681,0.08646326748705352,0.03134970613445724,0.06018663643863633,0.06621390487269342
BA_m3,10.0,FULL,1.0,888,0.3176338618037571,0.08052881769739016,0.030547679092517405,0.059807378324091984,0.0660082018851278
BA_m3,10.0,FULL,2.0,42,0.23219724561144908,0.05667858405708047,0.025462484625001246,0.07327821322573007,0.0865787887528485
BA_m3,10.0,FULL,2.0,123,0.256204984857545,0.07998961864687579,0.027608999696526176,0.07198396218228373,0.08594215668129303
BA_m3,10.0,FULL,2.0,777,0.2441552054702937,0.08194106188880064,0.02932376821437807,0.07370940910243133,0.08779484039458152
BA_m3,10.0,FULL,2.0,17,0.2751830577700029,0.10959114808446177,0.027372719289637124,0.0703929218305539,0.08518938309276743
BA_m3,10.0,FULL,2.0,256,0.27521542036235835,0.11660911115034338,0.03731937340843547,0.07755270965530286,0.09311006632583137
BA_m3,10.0,FULL,2.0,1337,0.19498148350639571,0.07564646300793874,0.02348495534327341,0.07198298825305806,0.084875963965311
BA_m3,10.0,FULL,2.0,99,0.307214317844178,0.07844121051138053,0.03384982091709582,0.0761349021937406,0.09144293194776468
BA_m3,10.0,FULL,2.0,314,0.2974785672411117,0.10887281209659337,0.030352186781197856,0.07439233565372169,0.08886120332281554
BA_m3,10.0,FULL,2.0,2024,0.2638659038182859,0.08676241400808986,0.031519363461525216,0.07466136909515209,0.08958458363297415
BA_m3,10.0,FULL,2.0,888,0.3260489463361801,0.07197637298293547,0.030674838256603287,0.07355986277064173,0.08881529673639545
BA_m3,10.0,FULL,3.0,42,0.22857508974942334,0.06179792966456052,0.02609770471817774,0.09088325037063175,0.11490130537277583
BA_m3,10.0,FULL,3.0,123,0.2504971671910071,0.08044035748755325,0.027692877912904677,0.08839889161671144,0.11342167605891929
BA_m3,10.0,FULL,3.0,777,0.22993830497327242,0.07850698412568538,0.029667474124238147,0.09182466862984592,0.11739063903606738
BA_m3,10.0,FULL,3.0,17,0.26657097104255745,0.10555556756002551,0.02759187888234293,0.08562390664838608,0.11239056993778203
BA_m3,10.0,FULL,3.0,256,0.2824082158946049,0.10588859600091163,0.037922789785484384,0.09926968441200537,0.12770457675343408
BA_m3,10.0,FULL,3.0,1337,0.19832753214136062,0.06655842471574112,0.023992970354932062,0.0885199927926887,0.11168594141175207
BA_m3,10.0,FULL,3.0,99,0.29066355378287984,0.07923960002230616,0.03407832929668264,0.09630195988280242,0.12389381306128594
BA_m3,10.0,FULL,3.0,314,0.28229231340707256,0.09632617767230242,0.030640297654117323,0.09308965087749127,0.11937268654377652
BA_m3,10.0,FULL,3.0,2024,0.2623980862366895,0.08737557535966398,0.03160679771888745,0.09355502672635964,0.12036179706748999
BA_m3,10.0,FULL,3.0,888,0.28782698714490984,0.09648470754330629,0.029617352370421925,0.09129170773762464,0.1182562620200053
BA_m3,10.0,FULL,5.0,42,0.20498386501615357,0.08763953283392752,0.026604321803804447,0.1394216835242259,0.19552842626397457
BA_m3,10.0,FULL,5.0,123,0.21831771139380257,0.085990732296643,0.027805542382334004,0.13350087458991391,0.19196347116753604
BA_m3,10.0,FULL,5.0,777,0.2111319427461155,0.07229487078930356,0.03171858177312999,0.1431097657079503,0.20675281176819485
BA_m3,10.0,FULL,5.0,17,0.24174503276907228,0.08327013460319373,0.027728074737260234,0.12743861864404193,0.1876642415870954
BA_m3,10.0,FULL,5.0,256,0.2947223724870463,0.09339184101034353,0.04187618357440903,0.16234469121945877,0.23682769801276063
BA_m3,10.0,FULL,5.0,1337,0.2012260176045091,0.07478776007237821,0.02529258416882032,0.13465314395496636,0.1898300702588646
BA_m3,10.0,FULL,5.0,99,0.2706487780006649,0.07823880019047594,0.03642478423308474,0.15346519693164232,0.2216909009849351
BA_m3,10.0,FULL,5.0,314,0.2560184420697496,0.08144436327579371,0.03491773865893841,0.14692442584762677,0.21484688427296447
BA_m3,10.0,FULL,5.0,2024,0.2298399061273288,0.08519124214345788,0.03179565424878453,0.14645365148413933,0.2121607623183488
BA_m3,10.0,FULL,5.0,888,0.2645363713016142,0.08067823217607198,0.030284065061268208,0.14024598742047362,0.2056255155013186
BA_m3,10.0,FULL,7.0,42,0.11711587125760071,0.06752016198869412,0.03767333811896609,0.21791544748450592,0.37084214929906023
BA_m3,10.0,FULL,7.0,123,0.20009452433227193,0.06356922012464908,0.03735235221175271,0.20910763800820437,0.36726718453005014
BA_m3,10.0,FULL,7.0,777,0.1965156153136427,0.07314088088870237,0.04925273051299937,0.23354044586548917,0.43775643209695675
BA_m3,10.0,FULL,7.0,17,0.22075465052616222,0.0671811983148407,0.037881866005119696,0.19985054961721532,0.35587811431938626
BA_m3,10.0,FULL,7.0,256,0.20466182711640168,0.1283908528167387,0.07632098894400749,0.2847798889565671,0.557867732951034
BA_m3,10.0,FULL,7.0,1337,0.16232376200430407,0.0707739933056575,0.03678137068463208,0.21322347501795375,0.37475269099692526
BA_m3,10.0,FULL,7.0,99,0.16389368033315088,0.09570938862081728,0.05823504478209105,0.26054024892471794,0.48337433202986296
BA_m3,10.0,FULL,7.0,314,0.25618690459964005,0.07160288042047032,0.059671678262690035,0.24563216992845843,0.46589037340052847
BA_m3,10.0,FULL,7.0,2024,0.18169198074300896,0.08028216519400722,0.045391213753178915,0.23532576048782533,0.4228244555221775
BA_m3,10.0,FULL,7.0,888,0.2312009868282903,0.07467129793697241,0.03979463998295766,0.21702885174388722,0.38192193474939395
BA_m3,10.0,FULL,10.0,42,0.11367115643739045,0.05919657078719673,0.19470677791117286,0.4968170904376908,0.9232757971058646
BA_m3,10.0,FULL,10.0,123,0.11542529441711508,0.07179561520078039,0.14866678033550249,0.4360073419642902,0.8863471021046107
BA_m3,10.0,FULL,10.0,777,0.1484624554755591,0.07248580667801882,0.18729836543110095,0.4747125986192363,0.9192764313224108
BA_m3,10.0,FULL,10.0,17,0.12513436894530927,0.06397122626017238,0.13726421458850321,0.4024961942689863,0.8132519267639664
BA_m3,10.0,FULL,10.0,256,0.14485607671391632,0.102124975124435,0.2539185257270145,0.5611515758901753,0.9789469432461116
BA_m3,10.0,FULL,10.0,1337,0.1378468772723035,0.070869949886055,0.1855384152154929,0.47783623498944483,0.9210823638250574
BA_m3,10.0,FULL,10.0,99,0.14970792560908433,0.06751328242272613,0.24178596061008,0.5578011854389976,0.9757608171701255
BA_m3,10.0,FULL,10.0,314,0.15852956126688836,0.10620895670623191,0.21736919754405412,0.5165858282577753,0.9716011344058092
BA_m3,10.0,FULL,10.0,2024,0.12400435526209988,0.06927775185554133,0.20285320612013302,0.4986151122816448,0.9388466849928606
BA_m3,10.0,FULL,10.0,888,0.13391986057783165,0.07387575304857605,0.17880620277393602,0.4727598825097265,0.9288958742359255
LATTICE_10x10,0.0,FROZEN_U,,42,0.4625754748424832,0.09124326718750968,0.09548658382457302,0.05,0.04999999999999999
LATTICE_10x10,0.0,FROZEN_U,,123,0.18138317726298558,0.0514277855584072,0.050921192054394056,0.05,0.04999999999999999
LATTICE_10x10,0.0,FROZEN_U,,777,0.36467221859795346,0.0915309531667228,0.07925136211472274,0.05,0.04999999999999999
LATTICE_10x10,0.0,FROZEN_U,,17,0.46260405224104206,0.1520546819908315,0.08917777707790134,0.05,0.04999999999999999
LATTICE_10x10,0.0,FROZEN_U,,256,0.3575836633571279,0.04433278636101012,0.09418723302027536,0.05,0.04999999999999999
LATTICE_10x10,0.0,FROZEN_U,,1337,0.40887210266397594,0.09551329944391644,0.08468379381165295,0.05,0.04999999999999999
LATTICE_10x10,0.0,FROZEN_U,,99,0.2979373960531127,0.104195411222587,0.07260889291125357,0.05,0.04999999999999999
LATTICE_10x10,0.0,FROZEN_U,,314,0.3227782374719121,0.06885698052221954,0.08561389301653805,0.05,0.04999999999999999
LATTICE_10x10,0.0,FROZEN_U,,2024,0.29089627366862314,0.0922018774083114,0.07597428355148614,0.05,0.04999999999999999
LATTICE_10x10,0.0,FROZEN_U,,888,0.2693112493661032,0.0442011000520052,0.07148743980582532,0.05,0.04999999999999999
LATTICE_10x10,0.0,FULL,1.0,42,0.4568165138479543,0.09501945419149833,0.09516787906617077,0.061058294605962314,0.06833478433203743
LATTICE_10x10,0.0,FULL,1.0,123,0.1818234243528333,0.05064427243721082,0.05119146771789748,0.060502062457389684,0.06705653175171178
LATTICE_10x10,0.0,FULL,1.0,777,0.3605288191807594,0.088979678405005,0.07908478673253992,0.059811141928633745,0.06708296575712269
LATTICE_10x10,0.0,FULL,1.0,17,0.458842007505256,0.15356269867642552,0.08893620603618657,0.060692222950751586,0.06835326682054473
LATTICE_10x10,0.0,FULL,1.0,256,0.35557174252716595,0.04481555300123216,0.0940862490195362,0.06110670684547726,0.06827781078007743
LATTICE_10x10,0.0,FULL,1.0,1337,0.4040615749568291,0.093719532806354,0.08448220088102373,0.06055857486300967,0.06833462233654951
LATTICE_10x10,0.0,FULL,1.0,99,0.2931059098332937,0.10714946853579448,0.07234156572090972,0.06083634747002739,0.06800435138365411
LATTICE_10x10,0.0,FULL,1.0,314,0.3190067631042333,0.06648489334391497,0.08547386123434317,0.06101504727300382,0.0681464012404743
LATTICE_10x10,0.0,FULL,1.0,2024,0.28694428182305415,0.09440018449911157,0.07585559056670368,0.060912963885146366,0.0684936923489798
LATTICE_10x10,0.0,FULL,1.0,888,0.26633050558131965,0.04527733020485852,0.0714189191967487,0.060404331920463204,0.06745607569388586
LATTICE_10x10,0.0,FULL,2.0,42,0.44785767812019234,0.10008396277700923,0.09456883933927288,0.07711927663544774,0.09538287461321769
LATTICE_10x10,0.0,FULL,2.0,123,0.18270082222856251,0.04982686559715523,0.051598094358977144,0.07541687821137108,0.09172648724329825
LATTICE_10x10,0.0,FULL,2.0,777,0.35394939812568776,0.08476017735016997,0.07878722431680396,0.07366550215923487,0.09190503743837543
LATTICE_10x10,0.0,FULL,2.0,17,0.453169294018921,0.1556556918126263,0.0884928486160222,0.07614691113239445,0.09542320278106158
LATTICE_10x10,0.0,FULL,2.0,256,0.35227487012377723,0.04561943201852542,0.09382740657662324,0.0771689706203627,0.09517973610403631
LATTICE_10x10,0.0,FULL,2.0,1337,0.3961522217650786,0.09101298275259913,0.0841028658119799,0.07573741509252815,0.09541703766798408
LATTICE_10x10,0.0,FULL,2.0,99,0.285199595733797,0.11197828258194636,0.07186924913887953,0.07637176487776307,0.09422580346171458
LATTICE_10x10,0.0,FULL,2.0,314,0.31257300307210545,0.06253359159851249,0.08521832179036445,0.0768760703794712,0.09469373418970725
LATTICE_10x10,0.0,FULL,2.0,2024,0.28020024811273275,0.09848749873824797,0.07563002240626268,0.07664871962789052,0.09569232609589065
LATTICE_10x10,0.0,FULL,2.0,888,0.2613475463277303,0.047289033927820585,0.07128123057784536,0.07519899988394409,0.09279732295552141
LATTICE_10x10,0.0,FULL,3.0,42,0.436572184549107,0.1035399237801853,0.09353804763532882,0.0985468522154807,0.1322019510453975
LATTICE_10x10,0.0,FULL,3.0,123,0.18367711686155044,0.04902700082411828,0.05218455923603134,0.09497433635201583,0.1247471713276686
LATTICE_10x10,0.0,FULL,3.0,777,0.34387950257278455,0.07806753740950906,0.07830698607727886,0.09176500408991366,0.12512391089949013
LATTICE_10x10,0.0,FULL,3.0,17,0.44564105146855665,0.15755371453786404,0.08776144913016476,0.09659217300485046,0.13187570729154838
LATTICE_10x10,0.0,FULL,3.0,256,0.3467871102349144,0.04711547498638256,0.09326450993730898,0.09851939041182359,0.13175920721387904
LATTICE_10x10,0.0,FULL,3.0,1337,0.3833588285373528,0.08759068716472987,0.0834583054647937,0.09580248343326161,0.13208114981841043
LATTICE_10x10,0.0,FULL,3.0,99,0.273338767219687,0.11884697519372808,0.07109665811090451,0.09685180538041514,0.12939992250976048
LATTICE_10x10,0.0,FULL,3.0,314,0.3031314883692888,0.057688387283833145,0.08483633112656505,0.0978263309914986,0.1303330714046464
LATTICE_10x10,0.0,FULL,3.0,2024,0.2698262546973026,0.10449124229521799,0.07525719026087199,0.09746727988190734,0.13237056189219623
LATTICE_10x10,0.0,FULL,3.0,888,0.25290150583854365,0.05126076644801907,0.07104143489393294,0.09460986749443284,0.12669362006757334
LATTICE_10x10,0.0,FULL,5.0,42,0.40867060057821425,0.10567200677651231,0.09317736539919073,0.16356684462988602,0.25648756527906147
LATTICE_10x10,0.0,FULL,5.0,123,0.18229979329492887,0.04755011591680876,0.05443694363989729,0.15090104375791655,0.22723964096902496
LATTICE_10x10,0.0,FULL,5.0,777,0.3008633980265185,0.048556170221556984,0.07653275847871943,0.14353778146349902,0.22812520670218114
LATTICE_10x10,0.0,FULL,5.0,17,0.4013842068733316,0.18639926522642314,0.08669743652460815,0.15634887006377723,0.24897563445724302
LATTICE_10x10,0.0,FULL,5.0,256,0.29890831088087355,0.08380529885006338,0.09269649326726992,0.16342897810170856,0.25934332680981287
LATTICE_10x10,0.0,FULL,5.0,1337,0.3095156383165406,0.11217504286106598,0.08224825842462728,0.15456496344651044,0.25050628438829814
LATTICE_10x10,0.0,FULL,5.0,99,0.264860931617976,0.09882529958941923,0.06963416789651172,0.15686758554256391,0.24078941485935704
LATTICE_10x10,0.0,FULL,5.0,314,0.2699561678519328,0.05125262732974697,0.08466957232771602,0.15864605093482095,0.24331546966597567
LATTICE_10x10,0.0,FULL,5.0,2024,0.22360302837244156,0.1344295835854705,0.07450946903131236,0.15804984400198857,0.24716472941448214
LATTICE_10x10,0.0,FULL,5.0,888,0.20615203704288945,0.08333799017632981,0.07074726108353661,0.15018025548589548,0.23065046872470252
LATTICE_10x10,0.0,FULL,7.0,42,0.32142017541513396,0.1482241358171887,0.12382561841918752,0.29097950661988564,0.5907993881797564
LATTICE_10x10,0.0,FULL,7.0,123,0.19129812593255588,0.047594313588417134,0.07255192374215776,0.2526800598035819,0.49470682210389255
LATTICE_10x10,0.0,FULL,7.0,777,0.22664792492989178,0.03127902877736363,0.08857138207444709,0.23445517516716302,0.46639726589935443
LATTICE_10x10,0.0,FULL,7.0,17,0.351661822703065,0.18358458822262122,0.1077274724173629,0.26518400668647435,0.5210698742914146
LATTICE_10x10,0.0,FULL,7.0,256,0.24218552756662756,0.09664162834208845,0.11407345823286671,0.2810822357582977,0.527213511833241
LATTICE_10x10,0.0,FULL,7.0,1337,0.22766527276823492,0.1272738840322983,0.10457878168350718,0.2608049307757119,0.538749144285472
LATTICE_10x10,0.0,FULL,7.0,99,0.21783009862102842,0.1037062553106499,0.09263329921115374,0.2680492162910135,0.5093913986199321
LATTICE_10x10,0.0,FULL,7.0,314,0.20793362382013136,0.045957388749470925,0.11125997580112547,0.2774318145676816,0.5507366244818815
LATTICE_10x10,0.0,FULL,7.0,2024,0.2011141903351231,0.13454339686099587,0.09858671511170498,0.26902976579671983,0.5322674220515087
LATTICE_10x10,0.0,FULL,7.0,888,0.17723713470137106,0.09670856485985704,0.08666185892311949,0.2516134524753841,0.4976664386452203
LATTICE_10x10,0.0,FULL,10.0,42,0.2227446549092795,0.16768517942271288,0.2540588436825804,0.5452239066867309,0.9515892229789732
LATTICE_10x10,0.0,FULL,10.0,123,0.13409711386697856,0.0402635285388134,0.22961610233718455,0.548880706438515,0.9735857314831529
LATTICE_10x10,0.0,FULL,10.0,777,0.13754257722489666,0.06286573873690691,0.20646975422295805,0.4827297979513947,0.9413203051434647
LATTICE_10x10,0.0,FULL,10.0,17,0.2539668472770779,0.19160717576160807,0.21982860593036457,0.502616811220123,0.9251347244381668
LATTICE_10x10,0.0,FULL,10.0,256,0.16891523187240604,0.12001475499756226,0.2595152708732009,0.5593237288893212,0.9811580609255731
LATTICE_10x10,0.0,FULL,10.0,1337,0.15386333633322583,0.10845811667445929,0.22813658549235538,0.4998292331719557,0.9197248193071775
LATTICE_10x10,0.0,FULL,10.0,99,0.15878355930194812,0.0839367271160197,0.21523471744278141,0.5248638390451287,0.9572690140171796
LATTICE_10x10,0.0,FULL,10.0,314,0.12855888387864212,0.0511692312281126,0.24079967496382154,0.5373925700560593,0.9383003157650376
LATTICE_10x10,0.0,FULL,10.0,2024,0.15936832034798648,0.12418959080698823,0.23339140864952349,0.5305554335909648,0.9642528820672374
LATTICE_10x10,0.0,FULL,10.0,888,0.1417818848359294,0.09103654042603301,0.2245278889298463,0.5205809198587741,0.9561171804349337
LATTICE_10x10,10.0,FROZEN_U,,42,0.18633518392044887,0.06732247709131386,0.037510352156750984,0.05,0.04999999999999999
LATTICE_10x10,10.0,FROZEN_U,,123,0.13038377698422443,0.041832353271666935,0.034397818924053976,0.05,0.04999999999999999
LATTICE_10x10,10.0,FROZEN_U,,777,0.19330244471469266,0.08117735034859563,0.02974091816310726,0.05,0.04999999999999999
LATTICE_10x10,10.0,FROZEN_U,,17,0.16149685347525802,0.0905899412656225,0.03248478364310668,0.05,0.04999999999999999
LATTICE_10x10,10.0,FROZEN_U,,256,0.16043539046952593,0.10883215242224085,0.030153491159482463,0.05,0.04999999999999999
LATTICE_10x10,10.0,FROZEN_U,,1337,0.13015379193048365,0.05875754211464931,0.0321954794299229,0.05,0.04999999999999999
LATTICE_10x10,10.0,FROZEN_U,,99,0.1860377919486262,0.09627370070293838,0.02966939891821764,0.05,0.04999999999999999
LATTICE_10x10,10.0,FROZEN_U,,314,0.1815970174872595,0.07006080170243134,0.033305243416796006,0.05,0.04999999999999999
LATTICE_10x10,10.0,FROZEN_U,,2024,0.206367289950438,0.09269163631273697,0.03445637406314356,0.05,0.04999999999999999
LATTICE_10x10,10.0,FROZEN_U,,888,0.2215453745642743,0.07863195079173942,0.035095043594339015,0.05,0.04999999999999999
LATTICE_10x10,10.0,FULL,1.0,42,0.18929241776794725,0.07059206853147997,0.03776700742828795,0.06087012283778968,0.06714405166545329
LATTICE_10x10,10.0,FULL,1.0,123,0.1346352498683983,0.039174297066926524,0.03474132409997803,0.060621504910660436,0.0667317095700087
LATTICE_10x10,10.0,FULL,1.0,777,0.1947393726075725,0.0820073477783351,0.030139240461952894,0.059904693070133075,0.06563186823344996
LATTICE_10x10,10.0,FULL,1.0,17,0.16580660450815454,0.09385500587901222,0.032713300077115065,0.05999977741385679,0.06604361013389294
LATTICE_10x10,10.0,FULL,1.0,256,0.15040591839980008,0.08818154137855051,0.029756168088181725,0.060474362015627905,0.06620137293685545
LATTICE_10x10,10.0,FULL,1.0,1337,0.11564163495383153,0.06876710401445706,0.03260525271186091,0.060509073743649514,0.06660630687055426
LATTICE_10x10,10.0,FULL,1.0,99,0.17906404878496304,0.10610413517811101,0.029739501148542586,0.060360524434658946,0.06631321244691164
LATTICE_10x10,10.0,FULL,1.0,314,0.191180662768861,0.06360420287493634,0.03358724538352376,0.0605047600018909,0.06673837808594016
LATTICE_10x10,10.0,FULL,1.0,2024,0.2080948963617872,0.08975644592798583,0.03504760560255455,0.06042752507990619,0.06632804112997326
LATTICE_10x10,10.0,FULL,1.0,888,0.23033534444723955,0.08247210517992705,0.03575374334215039,0.0607011905919836,0.06712484822781822
LATTICE_10x10,10.0,FULL,2.0,42,0.18677463276331757,0.07010963463779203,0.03817735885563488,0.07653279380224749,0.09216769949969737
LATTICE_10x10,10.0,FULL,2.0,123,0.14018331898182104,0.04568693866154826,0.03513353113915194,0.07597073959592138,0.09131078400408979
LATTICE_10x10,10.0,FULL,2.0,777,0.18398244684121232,0.07237560537419772,0.030779313304057396,0.07391107713382969,0.08798607003884384
LATTICE_10x10,10.0,FULL,2.0,17,0.171902647499096,0.09479837617745443,0.03291010343682475,0.07418108365002622,0.0890194854585933
LATTICE_10x10,10.0,FULL,2.0,256,0.16095448323666708,0.09279193179892128,0.02983871029217471,0.07542924410643648,0.0892754392719244
LATTICE_10x10,10.0,FULL,2.0,1337,0.11105365928876573,0.07037928586916604,0.033783446662230814,0.07556594292465856,0.09093365170218054
LATTICE_10x10,10.0,FULL,2.0,99,0.19191165367178742,0.09918497904022541,0.030175650295801056,0.07511427646906915,0.0896847425211198
LATTICE_10x10,10.0,FULL,2.0,314,0.20471326979841895,0.06024605387214873,0.03410288130949283,0.07554695360346235,0.0909384827826619
LATTICE_10x10,10.0,FULL,2.0,2024,0.1940268538623338,0.081206558987634,0.035916797700610105,0.0753643873066524,0.08982895336297941
LATTICE_10x10,10.0,FULL,2.0,888,0.21912412163739958,0.07271899046062667,0.03669371470527095,0.07603619056074691,0.0920474230339393
LATTICE_10x10,10.0,FULL,3.0,42,0.1813362520055473,0.07921992047196125,0.03907826689094864,0.0972230761915452,0.1258969581403381
LATTICE_10x10,10.0,FULL,3.0,123,0.11751529112241108,0.040438563105668214,0.03503905488959654,0.09647370046223634,0.124549145877373
LATTICE_10x10,10.0,FULL,3.0,777,0.16338034905043486,0.06213073843589744,0.030972220162894953,0.09216466968215727,0.11723504709036928
LATTICE_10x10,10.0,FULL,3.0,17,0.1823495834471867,0.09850452039013001,0.033290405057873736,0.0927357758813288,0.11963912439357928
LATTICE_10x10,10.0,FULL,3.0,256,0.16603982319771066,0.09228962668930611,0.03048857821780375,0.09531620041310304,0.12031456551556169
LATTICE_10x10,10.0,FULL,3.0,1337,0.13521725197790885,0.05249779600254978,0.03719995166319477,0.0953725202772504,0.12419658122493427
LATTICE_10x10,10.0,FULL,3.0,99,0.1929933250038818,0.0847957890520923,0.03136080358719853,0.09434749585918374,0.120946306036912
LATTICE_10x10,10.0,FULL,3.0,314,0.2055231995608126,0.05270598243349098,0.034331291567496015,0.09540013234706872,0.12348378495933283
LATTICE_10x10,10.0,FULL,3.0,2024,0.19323218342957432,0.06866417446126225,0.036689147919500155,0.09509517466131251,0.12151130460691938
LATTICE_10x10,10.0,FULL,3.0,888,0.2093209058289346,0.0673573214640636,0.03764303794755636,0.09632011534682725,0.1262467383937234
LATTICE_10x10,10.0,FULL,5.0,42,0.15925110608670875,0.07011069298347357,0.04231696736397095,0.15662115608260269,0.22934646544177464
LATTICE_10x10,10.0,FULL,5.0,123,0.11971966856152887,0.05116497404356959,0.037660162869433175,0.15550832012241222,0.22356110501840185
LATTICE_10x10,10.0,FULL,5.0,777,0.118984532403858,0.06582219805772764,0.03170941265796036,0.14413217877112866,0.20464271808808335
LATTICE_10x10,10.0,FULL,5.0,17,0.13215413514230448,0.08221265440196837,0.03479569274173128,0.14564086345009195,0.21177694516157916
LATTICE_10x10,10.0,FULL,5.0,256,0.14897149768826237,0.07035282091418696,0.03369338719487877,0.15295124663890244,0.2172575413887835
LATTICE_10x10,10.0,FULL,5.0,1337,0.1377005884235354,0.05561929407947328,0.03830979536280297,0.15158401234171226,0.22277920805156495
LATTICE_10x10,10.0,FULL,5.0,99,0.15476505274373853,0.06894135780123989,0.0327466722544523,0.1501581202466735,0.2177263606357316
LATTICE_10x10,10.0,FULL,5.0,314,0.20651737081475555,0.08751047887644756,0.03648498232688236,0.1529867780312692,0.22618694791460262
LATTICE_10x10,10.0,FULL,5.0,2024,0.1465769839918319,0.06508274294896034,0.04030878142734305,0.1527892089405941,0.2213437274829612
LATTICE_10x10,10.0,FULL,5.0,888,0.18867943488379074,0.0629336207444972,0.04182655725611237,0.15370911345483668,0.2271799495117511
LATTICE_10x10,10.0,FULL,7.0,42,0.15756224207498848,0.07565446210276609,0.07660061085487045,0.2788157898776617,0.5639854148476895
LATTICE_10x10,10.0,FULL,7.0,123,0.11556897648325208,0.057054018222006724,0.0670496818260788,0.269622922097501,0.526811182854059
LATTICE_10x10,10.0,FULL,7.0,777,0.11418988291738102,0.06817101601138979,0.04933320100421202,0.2386848047738722,0.44524414026946035
LATTICE_10x10,10.0,FULL,7.0,17,0.12831557646729164,0.07633057329891842,0.04910943547945573,0.23429238166758715,0.43576169868035
LATTICE_10x10,10.0,FULL,7.0,256,0.13752000265228792,0.07381852149020487,0.06153897290091314,0.26282532743200765,0.4984297700099608
LATTICE_10x10,10.0,FULL,7.0,1337,0.13549774188436384,0.05672626024626019,0.06060508753915987,0.2555167611301818,0.48556005040118416
LATTICE_10x10,10.0,FULL,7.0,99,0.12641194565481242,0.08114716098432061,0.05637913707944763,0.25026874211495415,0.4732667238716711
LATTICE_10x10,10.0,FULL,7.0,314,0.17861458050246587,0.11381681484975875,0.0633203058328969,0.2615423843670737,0.5115365205443332
LATTICE_10x10,10.0,FULL,7.0,2024,0.15177140592189847,0.07789245894626062,0.06399194627557754,0.26083343586644464,0.5001183846556958
LATTICE_10x10,10.0,FULL,7.0,888,0.16292085571035828,0.07353447895114798,0.06065883762121096,0.2586068469392952,0.491907599483166
LATTICE_10x10,10.0,FULL,10.0,42,0.14271773026315618,0.08389220886140795,0.26667693128195585,0.5687436138383741,0.9858415874000022
LATTICE_10x10,10.0,FULL,10.0,123,0.11251553890642498,0.04829750488287015,0.25599145795561695,0.5632015281699121,0.9787961511557429
LATTICE_10x10,10.0,FULL,10.0,777,0.1176103614042192,0.06904548407110453,0.22799838154715243,0.5277176192328764,0.9775171074733272
LATTICE_10x10,10.0,FULL,10.0,17,0.1038779674537064,0.06492762952535527,0.20866578322693494,0.5045468696893929,0.9735462289381176
LATTICE_10x10,10.0,FULL,10.0,256,0.10081362069238245,0.05926888087782124,0.24472166201423068,0.5569698391946278,0.9727923196755276
LATTICE_10x10,10.0,FULL,10.0,1337,0.08380238335156254,0.0433524063330604,0.2484131303210041,0.5528929536056765,0.9765097448803133
LATTICE_10x10,10.0,FULL,10.0,99,0.08828357914146241,0.03813188458103718,0.2366571181187342,0.5447519667772264,0.9845976277281443
LATTICE_10x10,10.0,FULL,10.0,314,0.1311506457836807,0.07486896800748255,0.23486349744009924,0.5416527408747998,0.975795014495825
LATTICE_10x10,10.0,FULL,10.0,2024,0.11810804265529927,0.06601509900002225,0.24650542142779278,0.5654942203306882,0.9877023862120411
LATTICE_10x10,10.0,FULL,10.0,888,0.11384796282974431,0.05157535171505868,0.25034329574624703,0.5557277557824623,0.9923700869831487
