readout,condition,t_pulse,seed,dstar,flip_time,acc_final
L0_JUMELLE,STNO_FULL,1500,0,-1,5538,1
L1_BRUIT_INDEP,STNO_FULL,1500,0,-1,5303,1
L4_ETAT_INDEP,STNO_FULL,1500,0,-1,3586,1
L5_OMEGA_INDEP,STNO_FULL,1500,0,-1,3291,1
L5c_OMEGA_INDEP_CALIBRE,STNO_FULL,1500,0,-1,2877,1
L0_JUMELLE,STNO_FULL,1500,1,-1,5665,1
L1_BRUIT_INDEP,STNO_FULL,1500,1,-1,5366,1
L4_ETAT_INDEP,STNO_FULL,1500,1,-1,5676,1
L5_OMEGA_INDEP,STNO_FULL,1500,1,-1,4779,1
L5c_OMEGA_INDEP_CALIBRE,STNO_FULL,1500,1,-1,4615,1
L0_JUMELLE,STNO_FULL,1500,2,1,2917,1
L1_BRUIT_INDEP,STNO_FULL,1500,2,1,5777,1
L4_ETAT_INDEP,STNO_FULL,1500,2,1,2650,1
L5_OMEGA_INDEP,STNO_FULL,1500,2,1,5917,1
L5c_OMEGA_INDEP_CALIBRE,STNO_FULL,1500,2,1,6081,1
L0_JUMELLE,STNO_FULL,1500,3,-1,3935,1
L1_BRUIT_INDEP,STNO_FULL,1500,3,-1,5021,1
L4_ETAT_INDEP,STNO_FULL,1500,3,-1,5662,1
L5_OMEGA_INDEP,STNO_FULL,1500,3,-1,3360,1
L5c_OMEGA_INDEP_CALIBRE,STNO_FULL,1500,3,-1,3098,1
L0_JUMELLE,STNO_FULL,1500,4,1,6447,1
L1_BRUIT_INDEP,STNO_FULL,1500,4,1,6266,1
L4_ETAT_INDEP,STNO_FULL,1500,4,1,5854,1
L5_OMEGA_INDEP,STNO_FULL,1500,4,1,5381,1
L5c_OMEGA_INDEP_CALIBRE,STNO_FULL,1500,4,1,5369,1
L0_JUMELLE,STNO_FULL,1500,5,-1,5614,1
L1_BRUIT_INDEP,STNO_FULL,1500,5,-1,5778,1
L4_ETAT_INDEP,STNO_FULL,1500,5,-1,5740,1
L5_OMEGA_INDEP,STNO_FULL,1500,5,-1,6141,1
L5c_OMEGA_INDEP_CALIBRE,STNO_FULL,1500,5,-1,6103,1
L0_JUMELLE,STNO_FULL,1500,6,-1,5648,1
L1_BRUIT_INDEP,STNO_FULL,1500,6,-1,5878,1
L4_ETAT_INDEP,STNO_FULL,1500,6,-1,3910,1
L5_OMEGA_INDEP,STNO_FULL,1500,6,-1,5889,1
L5c_OMEGA_INDEP_CALIBRE,STNO_FULL,1500,6,-1,5807,1
L0_JUMELLE,STNO_FULL,1500,7,-1,2813,1
L1_BRUIT_INDEP,STNO_FULL,1500,7,-1,5454,1
L4_ETAT_INDEP,STNO_FULL,1500,7,-1,5998,1
L5_OMEGA_INDEP,STNO_FULL,1500,7,-1,5030,1
L5c_OMEGA_INDEP_CALIBRE,STNO_FULL,1500,7,-1,2568,1
L0_JUMELLE,STNO_FULL,1500,8,-1,5742,1
L1_BRUIT_INDEP,STNO_FULL,1500,8,-1,6185,1
L4_ETAT_INDEP,STNO_FULL,1500,8,-1,5549,1
L5_OMEGA_INDEP,STNO_FULL,1500,8,-1,5632,1
L5c_OMEGA_INDEP_CALIBRE,STNO_FULL,1500,8,-1,2373,1
L0_JUMELLE,STNO_FULL,1500,9,-1,5032,1
L1_BRUIT_INDEP,STNO_FULL,1500,9,-1,4935,1
L4_ETAT_INDEP,STNO_FULL,1500,9,-1,5072,1
L5_OMEGA_INDEP,STNO_FULL,1500,9,-1,4124,1
L5c_OMEGA_INDEP_CALIBRE,STNO_FULL,1500,9,-1,4043,1
L0_JUMELLE,STNO_FULL,1500,10,1,4885,1
L1_BRUIT_INDEP,STNO_FULL,1500,10,1,5061,1
L4_ETAT_INDEP,STNO_FULL,1500,10,1,3620,1
L5_OMEGA_INDEP,STNO_FULL,1500,10,1,4632,1
L5c_OMEGA_INDEP_CALIBRE,STNO_FULL,1500,10,1,2457,1
L0_JUMELLE,STNO_FULL,1500,11,-1,6995,1
L1_BRUIT_INDEP,STNO_FULL,1500,11,-1,7178,1
L4_ETAT_INDEP,STNO_FULL,1500,11,-1,7183,1
L5_OMEGA_INDEP,STNO_FULL,1500,11,-1,6696,1
L5c_OMEGA_INDEP_CALIBRE,STNO_FULL,1500,11,-1,6542,1
L0_JUMELLE,STNO_FULL,3000,0,-1,6092,1
L1_BRUIT_INDEP,STNO_FULL,3000,0,-1,5970,1
L4_ETAT_INDEP,STNO_FULL,3000,0,-1,5543,1
L5_OMEGA_INDEP,STNO_FULL,3000,0,-1,5654,1
L5c_OMEGA_INDEP_CALIBRE,STNO_FULL,3000,0,-1,4108,1
L0_JUMELLE,STNO_FULL,3000,1,-1,6808,1
L1_BRUIT_INDEP,STNO_FULL,3000,1,-1,6409,1
L4_ETAT_INDEP,STNO_FULL,3000,1,-1,6231,1
L5_OMEGA_INDEP,STNO_FULL,3000,1,-1,6541,1
L5c_OMEGA_INDEP_CALIBRE,STNO_FULL,3000,1,-1,6466,1
L0_JUMELLE,STNO_FULL,3000,2,1,6438,1
L1_BRUIT_INDEP,STNO_FULL,3000,2,1,7400,1
L4_ETAT_INDEP,STNO_FULL,3000,2,1,6423,1
L5_OMEGA_INDEP,STNO_FULL,3000,2,1,6953,1
L5c_OMEGA_INDEP_CALIBRE,STNO_FULL,3000,2,1,7301,1
L0_JUMELLE,STNO_FULL,3000,3,-1,5578,1
L1_BRUIT_INDEP,STNO_FULL,3000,3,-1,5720,1
L4_ETAT_INDEP,STNO_FULL,3000,3,-1,6480,1
L5_OMEGA_INDEP,STNO_FULL,3000,3,-1,4562,1
L5c_OMEGA_INDEP_CALIBRE,STNO_FULL,3000,3,-1,4189,1
L0_JUMELLE,STNO_FULL,3000,4,1,8829,1
L1_BRUIT_INDEP,STNO_FULL,3000,4,1,6868,1
L4_ETAT_INDEP,STNO_FULL,3000,4,1,8480,1
L5_OMEGA_INDEP,STNO_FULL,3000,4,1,5778,1
L5c_OMEGA_INDEP_CALIBRE,STNO_FULL,3000,4,1,5758,1
L0_JUMELLE,STNO_FULL,3000,5,-1,6170,1
L1_BRUIT_INDEP,STNO_FULL,3000,5,-1,6295,1
L4_ETAT_INDEP,STNO_FULL,3000,5,-1,7413,1
L5_OMEGA_INDEP,STNO_FULL,3000,5,-1,7154,1
L5c_OMEGA_INDEP_CALIBRE,STNO_FULL,3000,5,-1,7097,1
L0_JUMELLE,STNO_FULL,3000,6,-1,6294,1
L1_BRUIT_INDEP,STNO_FULL,3000,6,-1,6406,1
L4_ETAT_INDEP,STNO_FULL,3000,6,-1,6040,1
L5_OMEGA_INDEP,STNO_FULL,3000,6,-1,6445,1
L5c_OMEGA_INDEP_CALIBRE,STNO_FULL,3000,6,-1,6275,1
L0_JUMELLE,STNO_FULL,3000,7,-1,8837,1
L1_BRUIT_INDEP,STNO_FULL,3000,7,-1,8256,1
L4_ETAT_INDEP,STNO_FULL,3000,7,-1,7304,1
L5_OMEGA_INDEP,STNO_FULL,3000,7,-1,6315,1
L5c_OMEGA_INDEP_CALIBRE,STNO_FULL,3000,7,-1,6061,1
L0_JUMELLE,STNO_FULL,3000,8,-1,6667,1
L1_BRUIT_INDEP,STNO_FULL,3000,8,-1,6861,1
L4_ETAT_INDEP,STNO_FULL,3000,8,-1,9001,0
L5_OMEGA_INDEP,STNO_FULL,3000,8,-1,6741,1
L5c_OMEGA_INDEP_CALIBRE,STNO_FULL,3000,8,-1,5862,1
L0_JUMELLE,STNO_FULL,3000,9,-1,6039,1
L1_BRUIT_INDEP,STNO_FULL,3000,9,-1,5417,1
L4_ETAT_INDEP,STNO_FULL,3000,9,-1,7180,1
L5_OMEGA_INDEP,STNO_FULL,3000,9,-1,7098,1
L5c_OMEGA_INDEP_CALIBRE,STNO_FULL,3000,9,-1,7040,1
L0_JUMELLE,STNO_FULL,3000,10,1,6243,1
L1_BRUIT_INDEP,STNO_FULL,3000,10,1,6408,1
L4_ETAT_INDEP,STNO_FULL,3000,10,1,4779,1
L5_OMEGA_INDEP,STNO_FULL,3000,10,1,5871,1
L5c_OMEGA_INDEP_CALIBRE,STNO_FULL,3000,10,1,5562,1
L0_JUMELLE,STNO_FULL,3000,11,-1,8068,1
L1_BRUIT_INDEP,STNO_FULL,3000,11,-1,8871,1
L4_ETAT_INDEP,STNO_FULL,3000,11,-1,7688,1
L5_OMEGA_INDEP,STNO_FULL,3000,11,-1,6979,1
L5c_OMEGA_INDEP_CALIBRE,STNO_FULL,3000,11,-1,6916,1
L0_JUMELLE,STNO_FULL,4500,0,-1,6542,1
L1_BRUIT_INDEP,STNO_FULL,4500,0,-1,6523,1
L4_ETAT_INDEP,STNO_FULL,4500,0,-1,6008,1
L5_OMEGA_INDEP,STNO_FULL,4500,0,-1,6344,1
L5c_OMEGA_INDEP_CALIBRE,STNO_FULL,4500,0,-1,6127,1
L0_JUMELLE,STNO_FULL,4500,1,-1,8154,1
L1_BRUIT_INDEP,STNO_FULL,4500,1,-1,7786,1
L4_ETAT_INDEP,STNO_FULL,4500,1,-1,6792,1
L5_OMEGA_INDEP,STNO_FULL,4500,1,-1,7358,1
L5c_OMEGA_INDEP_CALIBRE,STNO_FULL,4500,1,-1,7230,1
L0_JUMELLE,STNO_FULL,4500,2,1,7551,1
L1_BRUIT_INDEP,STNO_FULL,4500,2,1,8669,1
L4_ETAT_INDEP,STNO_FULL,4500,2,1,8120,1
L5_OMEGA_INDEP,STNO_FULL,4500,2,1,8178,1
L5c_OMEGA_INDEP_CALIBRE,STNO_FULL,4500,2,1,8565,1
L0_JUMELLE,STNO_FULL,4500,3,-1,6276,1
L1_BRUIT_INDEP,STNO_FULL,4500,3,-1,6342,1
L4_ETAT_INDEP,STNO_FULL,4500,3,-1,7609,1
L5_OMEGA_INDEP,STNO_FULL,4500,3,-1,5316,1
L5c_OMEGA_INDEP_CALIBRE,STNO_FULL,4500,3,-1,5186,1
L0_JUMELLE,STNO_FULL,4500,4,1,8756,1
L1_BRUIT_INDEP,STNO_FULL,4500,4,1,6983,1
L4_ETAT_INDEP,STNO_FULL,4500,4,1,7876,1
L5_OMEGA_INDEP,STNO_FULL,4500,4,1,6289,1
L5c_OMEGA_INDEP_CALIBRE,STNO_FULL,4500,4,1,6254,1
L0_JUMELLE,STNO_FULL,4500,5,-1,7219,1
L1_BRUIT_INDEP,STNO_FULL,4500,5,-1,7601,1
L4_ETAT_INDEP,STNO_FULL,4500,5,-1,7636,1
L5_OMEGA_INDEP,STNO_FULL,4500,5,-1,7483,1
L5c_OMEGA_INDEP_CALIBRE,STNO_FULL,4500,5,-1,7412,1
L0_JUMELLE,STNO_FULL,4500,6,-1,8301,1
L1_BRUIT_INDEP,STNO_FULL,4500,6,-1,7971,1
L4_ETAT_INDEP,STNO_FULL,4500,6,-1,8418,1
L5_OMEGA_INDEP,STNO_FULL,4500,6,-1,8318,1
L5c_OMEGA_INDEP_CALIBRE,STNO_FULL,4500,6,-1,8148,1
L0_JUMELLE,STNO_FULL,4500,7,-1,9001,0
L1_BRUIT_INDEP,STNO_FULL,4500,7,-1,9001,0
L4_ETAT_INDEP,STNO_FULL,4500,7,-1,8894,1
L5_OMEGA_INDEP,STNO_FULL,4500,7,-1,6608,1
L5c_OMEGA_INDEP_CALIBRE,STNO_FULL,4500,7,-1,6354,1
L0_JUMELLE,STNO_FULL,4500,8,-1,8584,1
L1_BRUIT_INDEP,STNO_FULL,4500,8,-1,8682,1
L4_ETAT_INDEP,STNO_FULL,4500,8,-1,9001,0
L5_OMEGA_INDEP,STNO_FULL,4500,8,-1,9001,0
L5c_OMEGA_INDEP_CALIBRE,STNO_FULL,4500,8,-1,6889,1
L0_JUMELLE,STNO_FULL,4500,9,-1,7081,1
L1_BRUIT_INDEP,STNO_FULL,4500,9,-1,6241,1
L4_ETAT_INDEP,STNO_FULL,4500,9,-1,7360,1
L5_OMEGA_INDEP,STNO_FULL,4500,9,-1,7612,1
L5c_OMEGA_INDEP_CALIBRE,STNO_FULL,4500,9,-1,7547,1
L0_JUMELLE,STNO_FULL,4500,10,1,7898,1
L1_BRUIT_INDEP,STNO_FULL,4500,10,1,7737,1
L4_ETAT_INDEP,STNO_FULL,4500,10,1,8007,1
L5_OMEGA_INDEP,STNO_FULL,4500,10,1,6857,1
L5c_OMEGA_INDEP_CALIBRE,STNO_FULL,4500,10,1,6710,1
L0_JUMELLE,STNO_FULL,4500,11,-1,9001,0
L1_BRUIT_INDEP,STNO_FULL,4500,11,-1,9001,0
L4_ETAT_INDEP,STNO_FULL,4500,11,-1,9001,0
L5_OMEGA_INDEP,STNO_FULL,4500,11,-1,7315,1
L5c_OMEGA_INDEP_CALIBRE,STNO_FULL,4500,11,-1,7249,1
L0_JUMELLE,STNO_FROZEN_U,1500,0,-1,2612,1
L1_BRUIT_INDEP,STNO_FROZEN_U,1500,0,-1,2561,1
L4_ETAT_INDEP,STNO_FROZEN_U,1500,0,-1,3079,1
L5_OMEGA_INDEP,STNO_FROZEN_U,1500,0,-1,4733,1
L5c_OMEGA_INDEP_CALIBRE,STNO_FROZEN_U,1500,0,-1,4027,1
L0_JUMELLE,STNO_FROZEN_U,1500,1,-1,2425,1
L1_BRUIT_INDEP,STNO_FROZEN_U,1500,1,-1,2741,1
L4_ETAT_INDEP,STNO_FROZEN_U,1500,1,-1,2378,1
L5_OMEGA_INDEP,STNO_FROZEN_U,1500,1,-1,2551,1
L5c_OMEGA_INDEP_CALIBRE,STNO_FROZEN_U,1500,1,-1,2385,1
L0_JUMELLE,STNO_FROZEN_U,1500,2,1,2867,1
L1_BRUIT_INDEP,STNO_FROZEN_U,1500,2,1,3359,1
L4_ETAT_INDEP,STNO_FROZEN_U,1500,2,1,2278,1
L5_OMEGA_INDEP,STNO_FROZEN_U,1500,2,1,2315,1
L5c_OMEGA_INDEP_CALIBRE,STNO_FROZEN_U,1500,2,1,2568,1
L0_JUMELLE,STNO_FROZEN_U,1500,3,-1,2532,1
L1_BRUIT_INDEP,STNO_FROZEN_U,1500,3,-1,2828,1
L4_ETAT_INDEP,STNO_FROZEN_U,1500,3,-1,3631,1
L5_OMEGA_INDEP,STNO_FROZEN_U,1500,3,-1,5010,1
L5c_OMEGA_INDEP_CALIBRE,STNO_FROZEN_U,1500,3,-1,4129,1
L0_JUMELLE,STNO_FROZEN_U,1500,4,1,2890,1
L1_BRUIT_INDEP,STNO_FROZEN_U,1500,4,1,3100,1
L4_ETAT_INDEP,STNO_FROZEN_U,1500,4,1,2841,1
L5_OMEGA_INDEP,STNO_FROZEN_U,1500,4,1,2807,1
L5c_OMEGA_INDEP_CALIBRE,STNO_FROZEN_U,1500,4,1,2784,1
L0_JUMELLE,STNO_FROZEN_U,1500,5,-1,2330,1
L1_BRUIT_INDEP,STNO_FROZEN_U,1500,5,-1,2188,1
L4_ETAT_INDEP,STNO_FROZEN_U,1500,5,-1,2911,1
L5_OMEGA_INDEP,STNO_FROZEN_U,1500,5,-1,2421,1
L5c_OMEGA_INDEP_CALIBRE,STNO_FROZEN_U,1500,5,-1,2343,1
L0_JUMELLE,STNO_FROZEN_U,1500,6,-1,2472,1
L1_BRUIT_INDEP,STNO_FROZEN_U,1500,6,-1,2546,1
L4_ETAT_INDEP,STNO_FROZEN_U,1500,6,-1,3376,1
L5_OMEGA_INDEP,STNO_FROZEN_U,1500,6,-1,3477,1
L5c_OMEGA_INDEP_CALIBRE,STNO_FROZEN_U,1500,6,-1,2799,1
L0_JUMELLE,STNO_FROZEN_U,1500,7,-1,2685,1
L1_BRUIT_INDEP,STNO_FROZEN_U,1500,7,-1,2711,1
L4_ETAT_INDEP,STNO_FROZEN_U,1500,7,-1,2839,1
L5_OMEGA_INDEP,STNO_FROZEN_U,1500,7,-1,3201,1
L5c_OMEGA_INDEP_CALIBRE,STNO_FROZEN_U,1500,7,-1,2736,1
L0_JUMELLE,STNO_FROZEN_U,1500,8,-1,2478,1
L1_BRUIT_INDEP,STNO_FROZEN_U,1500,8,-1,2536,1
L4_ETAT_INDEP,STNO_FROZEN_U,1500,8,-1,2638,1
L5_OMEGA_INDEP,STNO_FROZEN_U,1500,8,-1,2800,1
L5c_OMEGA_INDEP_CALIBRE,STNO_FROZEN_U,1500,8,-1,2212,1
L0_JUMELLE,STNO_FROZEN_U,1500,9,-1,2626,1
L1_BRUIT_INDEP,STNO_FROZEN_U,1500,9,-1,2591,1
L4_ETAT_INDEP,STNO_FROZEN_U,1500,9,-1,3217,1
L5_OMEGA_INDEP,STNO_FROZEN_U,1500,9,-1,4755,1
L5c_OMEGA_INDEP_CALIBRE,STNO_FROZEN_U,1500,9,-1,4566,1
L0_JUMELLE,STNO_FROZEN_U,1500,10,1,2692,1
L1_BRUIT_INDEP,STNO_FROZEN_U,1500,10,1,2684,1
L4_ETAT_INDEP,STNO_FROZEN_U,1500,10,1,2618,1
L5_OMEGA_INDEP,STNO_FROZEN_U,1500,10,1,2493,1
L5c_OMEGA_INDEP_CALIBRE,STNO_FROZEN_U,1500,10,1,2297,1
L0_JUMELLE,STNO_FROZEN_U,1500,11,-1,2728,1
L1_BRUIT_INDEP,STNO_FROZEN_U,1500,11,-1,2877,1
L4_ETAT_INDEP,STNO_FROZEN_U,1500,11,-1,2509,1
L5_OMEGA_INDEP,STNO_FROZEN_U,1500,11,-1,3597,1
L5c_OMEGA_INDEP_CALIBRE,STNO_FROZEN_U,1500,11,-1,3127,1
L0_JUMELLE,STNO_FROZEN_U,3000,0,-1,4264,1
L1_BRUIT_INDEP,STNO_FROZEN_U,3000,0,-1,4104,1
L4_ETAT_INDEP,STNO_FROZEN_U,3000,0,-1,4473,1
L5_OMEGA_INDEP,STNO_FROZEN_U,3000,0,-1,5453,1
L5c_OMEGA_INDEP_CALIBRE,STNO_FROZEN_U,3000,0,-1,4892,1
L0_JUMELLE,STNO_FROZEN_U,3000,1,-1,4139,1
L1_BRUIT_INDEP,STNO_FROZEN_U,3000,1,-1,4390,1
L4_ETAT_INDEP,STNO_FROZEN_U,3000,1,-1,4013,1
L5_OMEGA_INDEP,STNO_FROZEN_U,3000,1,-1,3950,1
L5c_OMEGA_INDEP_CALIBRE,STNO_FROZEN_U,3000,1,-1,3849,1
L0_JUMELLE,STNO_FROZEN_U,3000,2,1,4629,1
L1_BRUIT_INDEP,STNO_FROZEN_U,3000,2,1,4915,1
L4_ETAT_INDEP,STNO_FROZEN_U,3000,2,1,4201,1
L5_OMEGA_INDEP,STNO_FROZEN_U,3000,2,1,4057,1
L5c_OMEGA_INDEP_CALIBRE,STNO_FROZEN_U,3000,2,1,4303,1
L0_JUMELLE,STNO_FROZEN_U,3000,3,-1,4424,1
L1_BRUIT_INDEP,STNO_FROZEN_U,3000,3,-1,4412,1
L4_ETAT_INDEP,STNO_FROZEN_U,3000,3,-1,4577,1
L5_OMEGA_INDEP,STNO_FROZEN_U,3000,3,-1,5535,1
L5c_OMEGA_INDEP_CALIBRE,STNO_FROZEN_U,3000,3,-1,4831,1
L0_JUMELLE,STNO_FROZEN_U,3000,4,1,4195,1
L1_BRUIT_INDEP,STNO_FROZEN_U,3000,4,1,4231,1
L4_ETAT_INDEP,STNO_FROZEN_U,3000,4,1,4023,1
L5_OMEGA_INDEP,STNO_FROZEN_U,3000,4,1,3899,1
L5c_OMEGA_INDEP_CALIBRE,STNO_FROZEN_U,3000,4,1,3883,1
L0_JUMELLE,STNO_FROZEN_U,3000,5,-1,3763,1
L1_BRUIT_INDEP,STNO_FROZEN_U,3000,5,-1,3654,1
L4_ETAT_INDEP,STNO_FROZEN_U,3000,5,-1,5519,1
L5_OMEGA_INDEP,STNO_FROZEN_U,3000,5,-1,3945,1
L5c_OMEGA_INDEP_CALIBRE,STNO_FROZEN_U,3000,5,-1,3846,1
L0_JUMELLE,STNO_FROZEN_U,3000,6,-1,4117,1
L1_BRUIT_INDEP,STNO_FROZEN_U,3000,6,-1,3894,1
L4_ETAT_INDEP,STNO_FROZEN_U,3000,6,-1,4572,1
L5_OMEGA_INDEP,STNO_FROZEN_U,3000,6,-1,4974,1
L5c_OMEGA_INDEP_CALIBRE,STNO_FROZEN_U,3000,6,-1,4495,1
L0_JUMELLE,STNO_FROZEN_U,3000,7,-1,4371,1
L1_BRUIT_INDEP,STNO_FROZEN_U,3000,7,-1,4206,1
L4_ETAT_INDEP,STNO_FROZEN_U,3000,7,-1,4036,1
L5_OMEGA_INDEP,STNO_FROZEN_U,3000,7,-1,4481,1
L5c_OMEGA_INDEP_CALIBRE,STNO_FROZEN_U,3000,7,-1,4035,1
L0_JUMELLE,STNO_FROZEN_U,3000,8,-1,3987,1
L1_BRUIT_INDEP,STNO_FROZEN_U,3000,8,-1,4079,1
L4_ETAT_INDEP,STNO_FROZEN_U,3000,8,-1,4180,1
L5_OMEGA_INDEP,STNO_FROZEN_U,3000,8,-1,4407,1
L5c_OMEGA_INDEP_CALIBRE,STNO_FROZEN_U,3000,8,-1,3732,1
L0_JUMELLE,STNO_FROZEN_U,3000,9,-1,4122,1
L1_BRUIT_INDEP,STNO_FROZEN_U,3000,9,-1,4194,1
L4_ETAT_INDEP,STNO_FROZEN_U,3000,9,-1,4516,1
L5_OMEGA_INDEP,STNO_FROZEN_U,3000,9,-1,5369,1
L5c_OMEGA_INDEP_CALIBRE,STNO_FROZEN_U,3000,9,-1,5102,1
L0_JUMELLE,STNO_FROZEN_U,3000,10,1,4235,1
L1_BRUIT_INDEP,STNO_FROZEN_U,3000,10,1,4091,1
L4_ETAT_INDEP,STNO_FROZEN_U,3000,10,1,4045,1
L5_OMEGA_INDEP,STNO_FROZEN_U,3000,10,1,4158,1
L5c_OMEGA_INDEP_CALIBRE,STNO_FROZEN_U,3000,10,1,3902,1
L0_JUMELLE,STNO_FROZEN_U,3000,11,-1,4629,1
L1_BRUIT_INDEP,STNO_FROZEN_U,3000,11,-1,4882,1
L4_ETAT_INDEP,STNO_FROZEN_U,3000,11,-1,4925,1
L5_OMEGA_INDEP,STNO_FROZEN_U,3000,11,-1,4875,1
L5c_OMEGA_INDEP_CALIBRE,STNO_FROZEN_U,3000,11,-1,4651,1
L0_JUMELLE,STNO_FROZEN_U,4500,0,-1,5850,1
L1_BRUIT_INDEP,STNO_FROZEN_U,4500,0,-1,5624,1
L4_ETAT_INDEP,STNO_FROZEN_U,4500,0,-1,5676,1
L5_OMEGA_INDEP,STNO_FROZEN_U,4500,0,-1,7060,1
L5c_OMEGA_INDEP_CALIBRE,STNO_FROZEN_U,4500,0,-1,6104,1
L0_JUMELLE,STNO_FROZEN_U,4500,1,-1,5535,1
L1_BRUIT_INDEP,STNO_FROZEN_U,4500,1,-1,5603,1
L4_ETAT_INDEP,STNO_FROZEN_U,4500,1,-1,5492,1
L5_OMEGA_INDEP,STNO_FROZEN_U,4500,1,-1,5308,1
L5c_OMEGA_INDEP_CALIBRE,STNO_FROZEN_U,4500,1,-1,5213,1
L0_JUMELLE,STNO_FROZEN_U,4500,2,1,6213,1
L1_BRUIT_INDEP,STNO_FROZEN_U,4500,2,1,6276,1
L4_ETAT_INDEP,STNO_FROZEN_U,4500,2,1,5900,1
L5_OMEGA_INDEP,STNO_FROZEN_U,4500,2,1,5361,1
L5c_OMEGA_INDEP_CALIBRE,STNO_FROZEN_U,4500,2,1,5652,1
L0_JUMELLE,STNO_FROZEN_U,4500,3,-1,5760,1
L1_BRUIT_INDEP,STNO_FROZEN_U,4500,3,-1,5902,1
L4_ETAT_INDEP,STNO_FROZEN_U,4500,3,-1,5811,1
L5_OMEGA_INDEP,STNO_FROZEN_U,4500,3,-1,6359,1
L5c_OMEGA_INDEP_CALIBRE,STNO_FROZEN_U,4500,3,-1,5869,1
L0_JUMELLE,STNO_FROZEN_U,4500,4,1,5617,1
L1_BRUIT_INDEP,STNO_FROZEN_U,4500,4,1,5538,1
L4_ETAT_INDEP,STNO_FROZEN_U,4500,4,1,5536,1
L5_OMEGA_INDEP,STNO_FROZEN_U,4500,4,1,5393,1
L5c_OMEGA_INDEP_CALIBRE,STNO_FROZEN_U,4500,4,1,5376,1
L0_JUMELLE,STNO_FROZEN_U,4500,5,-1,5375,1
L1_BRUIT_INDEP,STNO_FROZEN_U,4500,5,-1,5448,1
L4_ETAT_INDEP,STNO_FROZEN_U,4500,5,-1,6647,1
L5_OMEGA_INDEP,STNO_FROZEN_U,4500,5,-1,5269,1
L5c_OMEGA_INDEP_CALIBRE,STNO_FROZEN_U,4500,5,-1,5216,1
L0_JUMELLE,STNO_FROZEN_U,4500,6,-1,5637,1
L1_BRUIT_INDEP,STNO_FROZEN_U,4500,6,-1,5456,1
L4_ETAT_INDEP,STNO_FROZEN_U,4500,6,-1,5887,1
L5_OMEGA_INDEP,STNO_FROZEN_U,4500,6,-1,6058,1
L5c_OMEGA_INDEP_CALIBRE,STNO_FROZEN_U,4500,6,-1,5755,1
L0_JUMELLE,STNO_FROZEN_U,4500,7,-1,5854,1
L1_BRUIT_INDEP,STNO_FROZEN_U,4500,7,-1,5609,1
L4_ETAT_INDEP,STNO_FROZEN_U,4500,7,-1,5317,1
L5_OMEGA_INDEP,STNO_FROZEN_U,4500,7,-1,6361,1
L5c_OMEGA_INDEP_CALIBRE,STNO_FROZEN_U,4500,7,-1,5659,1
L0_JUMELLE,STNO_FROZEN_U,4500,8,-1,5396,1
L1_BRUIT_INDEP,STNO_FROZEN_U,4500,8,-1,5582,1
L4_ETAT_INDEP,STNO_FROZEN_U,4500,8,-1,5360,1
L5_OMEGA_INDEP,STNO_FROZEN_U,4500,8,-1,6259,1
L5c_OMEGA_INDEP_CALIBRE,STNO_FROZEN_U,4500,8,-1,5292,1
L0_JUMELLE,STNO_FROZEN_U,4500,9,-1,5712,1
L1_BRUIT_INDEP,STNO_FROZEN_U,4500,9,-1,5750,1
L4_ETAT_INDEP,STNO_FROZEN_U,4500,9,-1,5806,1
L5_OMEGA_INDEP,STNO_FROZEN_U,4500,9,-1,7184,1
L5c_OMEGA_INDEP_CALIBRE,STNO_FROZEN_U,4500,9,-1,6931,1
L0_JUMELLE,STNO_FROZEN_U,4500,10,1,5880,1
L1_BRUIT_INDEP,STNO_FROZEN_U,4500,10,1,5932,1
L4_ETAT_INDEP,STNO_FROZEN_U,4500,10,1,5856,1
L5_OMEGA_INDEP,STNO_FROZEN_U,4500,10,1,5854,1
L5c_OMEGA_INDEP_CALIBRE,STNO_FROZEN_U,4500,10,1,5608,1
L0_JUMELLE,STNO_FROZEN_U,4500,11,-1,5868,1
L1_BRUIT_INDEP,STNO_FROZEN_U,4500,11,-1,5887,1
L4_ETAT_INDEP,STNO_FROZEN_U,4500,11,-1,6150,1
L5_OMEGA_INDEP,STNO_FROZEN_U,4500,11,-1,5772,1
L5c_OMEGA_INDEP_CALIBRE,STNO_FROZEN_U,4500,11,-1,5587,1
