condition,topology,sigma_omega,gain_u,bras,seed,R_mean,u_mean,u_filter_mean
nominal,BA_m3,0.15,5.0,FULL,42,0.5602650066085112,0.17855159237760107,0.7442157911060896
nominal,BA_m3,0.15,5.0,FULL,123,0.2853845440044369,0.13556759721010483,0.8213300795986784
nominal,BA_m3,0.15,5.0,FULL,777,0.4978052821809793,0.16586372937747387,0.7705238140452761
nominal,BA_m3,0.15,5.0,FULL,17,0.5940793383101228,0.13878628077404487,0.8106150771214339
nominal,BA_m3,0.15,5.0,FULL,256,0.48476663294445366,0.16195666918906576,0.7784158972491967
nominal,BA_m3,0.15,5.0,FULL,1337,0.3954704447407173,0.15417838030058728,0.7930646825783958
nominal,BA_m3,0.15,5.0,FULL,99,0.5417405674525252,0.16037396423793507,0.7811359450809066
nominal,BA_m3,0.15,5.0,FULL,314,0.42991830725343605,0.16839405569101734,0.7672943083416781
nominal,BA_m3,0.15,5.0,FULL,2024,0.540646153107637,0.15718150776912793,0.7863200777001016
nominal,BA_m3,0.15,5.0,FULL,888,0.5796938666540523,0.1483452593736772,0.7967923273986164
nominal,BA_m3,0.15,5.0,FIXE_INIT,42,0.710464010627781,0.05,0.8982807898807135
nominal,BA_m3,0.15,5.0,FIXE_INIT,123,0.410563929752614,0.05,0.8982807898807135
nominal,BA_m3,0.15,5.0,FIXE_INIT,777,0.6497340053429448,0.05,0.8982807898807135
nominal,BA_m3,0.15,5.0,FIXE_INIT,17,0.6544778932833645,0.05,0.8982807898807135
nominal,BA_m3,0.15,5.0,FIXE_INIT,256,0.5956343455966304,0.05,0.8982807898807135
nominal,BA_m3,0.15,5.0,FIXE_INIT,1337,0.512376071407666,0.05,0.8982807898807135
nominal,BA_m3,0.15,5.0,FIXE_INIT,99,0.6807826976642475,0.05,0.8982807898807135
nominal,BA_m3,0.15,5.0,FIXE_INIT,314,0.5988985716193046,0.05,0.8982807898807135
nominal,BA_m3,0.15,5.0,FIXE_INIT,2024,0.7025598661953839,0.05,0.8982807898807135
nominal,BA_m3,0.15,5.0,FIXE_INIT,888,0.6868312676787367,0.05,0.8982807898807135
nominal,BA_m3,0.15,5.0,FIXE_NIVEAU_U,42,0.641701797131688,0.15691990363006353,0.8023884997269319
nominal,BA_m3,0.15,5.0,FIXE_NIVEAU_U,123,0.14861347580326373,0.15691990363006353,0.8023884997269319
nominal,BA_m3,0.15,5.0,FIXE_NIVEAU_U,777,0.5473629962639593,0.15691990363006353,0.8023884997269319
nominal,BA_m3,0.15,5.0,FIXE_NIVEAU_U,17,0.6110963724886838,0.15691990363006353,0.8023884997269319
nominal,BA_m3,0.15,5.0,FIXE_NIVEAU_U,256,0.5096737331643729,0.15691990363006353,0.8023884997269319
nominal,BA_m3,0.15,5.0,FIXE_NIVEAU_U,1337,0.4134540234469139,0.15691990363006353,0.8023884997269319
nominal,BA_m3,0.15,5.0,FIXE_NIVEAU_U,99,0.5749256946286422,0.15691990363006353,0.8023884997269319
nominal,BA_m3,0.15,5.0,FIXE_NIVEAU_U,314,0.44598466782574053,0.15691990363006353,0.8023884997269319
nominal,BA_m3,0.15,5.0,FIXE_NIVEAU_U,2024,0.5818660109470525,0.15691990363006353,0.8023884997269319
nominal,BA_m3,0.15,5.0,FIXE_NIVEAU_U,888,0.5879480668040958,0.15691990363006353,0.8023884997269319
nominal,BA_m3,0.15,5.0,FIXE_COUPLAGE,42,0.6297471206830682,0.05,0.7849708000220373
nominal,BA_m3,0.15,5.0,FIXE_COUPLAGE,123,0.16265787924398833,0.05,0.7849708000220373
nominal,BA_m3,0.15,5.0,FIXE_COUPLAGE,777,0.5234599690127406,0.05,0.7849708000220373
nominal,BA_m3,0.15,5.0,FIXE_COUPLAGE,17,0.6003105404474884,0.05,0.7849708000220373
nominal,BA_m3,0.15,5.0,FIXE_COUPLAGE,256,0.4936629054598939,0.05,0.7849708000220373
nominal,BA_m3,0.15,5.0,FIXE_COUPLAGE,1337,0.3970251717992703,0.05,0.7849708000220373
nominal,BA_m3,0.15,5.0,FIXE_COUPLAGE,99,0.5504797462908455,0.05,0.7849708000220373
nominal,BA_m3,0.15,5.0,FIXE_COUPLAGE,314,0.417959742417728,0.05,0.7849708000220373
nominal,BA_m3,0.15,5.0,FIXE_COUPLAGE,2024,0.5536060492466011,0.05,0.7849708000220373
nominal,BA_m3,0.15,5.0,FIXE_COUPLAGE,888,0.5643806997416232,0.05,0.7849708000220373
nominal,LATTICE_10x10,0.15,5.0,FULL,42,0.40867060057821425,0.16356684462988602,0.7721281259984548
nominal,LATTICE_10x10,0.15,5.0,FULL,123,0.18229979329492887,0.15090104375791655,0.8015346510050826
nominal,LATTICE_10x10,0.15,5.0,FULL,777,0.3008633980265185,0.14353778146349902,0.8062242240066114
nominal,LATTICE_10x10,0.15,5.0,FULL,17,0.4013842068733316,0.15634887006377723,0.7837041395671102
nominal,LATTICE_10x10,0.15,5.0,FULL,256,0.29890831088087355,0.16342897810170856,0.7737815083613705
nominal,LATTICE_10x10,0.15,5.0,FULL,1337,0.3095156383165406,0.15456496344651044,0.7887201749265296
nominal,LATTICE_10x10,0.15,5.0,FULL,99,0.264860931617976,0.15686758554256391,0.7859517557395338
nominal,LATTICE_10x10,0.15,5.0,FULL,314,0.2699561678519328,0.15864605093482095,0.7856994072125992
nominal,LATTICE_10x10,0.15,5.0,FULL,2024,0.22360302837244156,0.15804984400198857,0.7870506595761753
nominal,LATTICE_10x10,0.15,5.0,FULL,888,0.20615203704288945,0.15018025548589548,0.7987121893834574
nominal,LATTICE_10x10,0.15,5.0,FIXE_INIT,42,0.4625754748424832,0.05,0.8982807898807135
nominal,LATTICE_10x10,0.15,5.0,FIXE_INIT,123,0.18138317726298558,0.05,0.8982807898807135
nominal,LATTICE_10x10,0.15,5.0,FIXE_INIT,777,0.36467221859795346,0.05,0.8982807898807135
nominal,LATTICE_10x10,0.15,5.0,FIXE_INIT,17,0.46260405224104206,0.05,0.8982807898807135
nominal,LATTICE_10x10,0.15,5.0,FIXE_INIT,256,0.3575836633571279,0.05,0.8982807898807135
nominal,LATTICE_10x10,0.15,5.0,FIXE_INIT,1337,0.40887210266397594,0.05,0.8982807898807135
nominal,LATTICE_10x10,0.15,5.0,FIXE_INIT,99,0.2979373960531127,0.05,0.8982807898807135
nominal,LATTICE_10x10,0.15,5.0,FIXE_INIT,314,0.3227782374719121,0.05,0.8982807898807135
nominal,LATTICE_10x10,0.15,5.0,FIXE_INIT,2024,0.29089627366862314,0.05,0.8982807898807135
nominal,LATTICE_10x10,0.15,5.0,FIXE_INIT,888,0.2693112493661032,0.05,0.8982807898807135
nominal,LATTICE_10x10,0.15,5.0,FIXE_NIVEAU_U,42,0.41389302982983284,0.15560922174285668,0.8039157618701919
nominal,LATTICE_10x10,0.15,5.0,FIXE_NIVEAU_U,123,0.18273272397213167,0.15560922174285668,0.8039157618701919
nominal,LATTICE_10x10,0.15,5.0,FIXE_NIVEAU_U,777,0.33662705706290147,0.15560922174285668,0.8039157618701919
nominal,LATTICE_10x10,0.15,5.0,FIXE_NIVEAU_U,17,0.39711176980142104,0.15560922174285668,0.8039157618701919
nominal,LATTICE_10x10,0.15,5.0,FIXE_NIVEAU_U,256,0.326784422514284,0.15560922174285668,0.8039157618701919
nominal,LATTICE_10x10,0.15,5.0,FIXE_NIVEAU_U,1337,0.34470296612781176,0.15560922174285668,0.8039157618701919
nominal,LATTICE_10x10,0.15,5.0,FIXE_NIVEAU_U,99,0.27815029613411435,0.15560922174285668,0.8039157618701919
nominal,LATTICE_10x10,0.15,5.0,FIXE_NIVEAU_U,314,0.2648496269289755,0.15560922174285668,0.8039157618701919
nominal,LATTICE_10x10,0.15,5.0,FIXE_NIVEAU_U,2024,0.264528098282108,0.15560922174285668,0.8039157618701919
nominal,LATTICE_10x10,0.15,5.0,FIXE_NIVEAU_U,888,0.2423163620912347,0.15560922174285668,0.8039157618701919
nominal,LATTICE_10x10,0.15,5.0,FIXE_COUPLAGE,42,0.40590324811273854,0.05,0.7883506835776921
nominal,LATTICE_10x10,0.15,5.0,FIXE_COUPLAGE,123,0.18179681579039475,0.05,0.7883506835776921
nominal,LATTICE_10x10,0.15,5.0,FIXE_COUPLAGE,777,0.33282578030518867,0.05,0.7883506835776921
nominal,LATTICE_10x10,0.15,5.0,FIXE_COUPLAGE,17,0.3846470803610115,0.05,0.7883506835776921
nominal,LATTICE_10x10,0.15,5.0,FIXE_COUPLAGE,256,0.3208064645874148,0.05,0.7883506835776921
nominal,LATTICE_10x10,0.15,5.0,FIXE_COUPLAGE,1337,0.3335157261125518,0.05,0.7883506835776921
nominal,LATTICE_10x10,0.15,5.0,FIXE_COUPLAGE,99,0.27603589095880254,0.05,0.7883506835776921
nominal,LATTICE_10x10,0.15,5.0,FIXE_COUPLAGE,314,0.253578297325377,0.05,0.7883506835776921
nominal,LATTICE_10x10,0.15,5.0,FIXE_COUPLAGE,2024,0.26192713867231976,0.05,0.7883506835776921
nominal,LATTICE_10x10,0.15,5.0,FIXE_COUPLAGE,888,0.23576382909284685,0.05,0.7883506835776921
transfert_sigma_omega_0.3,BA_m3,0.3,5.0,FULL,42,0.23462532756423474,0.14230080720049187,0.8118128513812803
transfert_sigma_omega_0.3,BA_m3,0.3,5.0,FULL,123,0.12161046660598274,0.11750938560937715,0.8413137214127934
transfert_sigma_omega_0.3,BA_m3,0.3,5.0,FULL,777,0.16956579113593184,0.1194020845787457,0.8393911478000953
transfert_sigma_omega_0.3,BA_m3,0.3,5.0,FULL,17,0.20166916200017015,0.11970550927059834,0.8386118851703261
transfert_sigma_omega_0.3,BA_m3,0.3,5.0,FULL,256,0.33098165102541,0.13043772699776174,0.8261328530747162
transfert_sigma_omega_0.3,BA_m3,0.3,5.0,FULL,1337,0.21390128413775675,0.12235174747752083,0.8356853014962135
transfert_sigma_omega_0.3,BA_m3,0.3,5.0,FULL,99,0.18518771453479482,0.12208206793863566,0.8363216996053593
transfert_sigma_omega_0.3,BA_m3,0.3,5.0,FULL,314,0.19032072909468542,0.1249534367324974,0.8336056066009798
transfert_sigma_omega_0.3,BA_m3,0.3,5.0,FULL,2024,0.25141020766359085,0.12247578360021605,0.8354354310536994
transfert_sigma_omega_0.3,BA_m3,0.3,5.0,FULL,888,0.2666751513008389,0.12161498090402775,0.8370037906673217
transfert_sigma_omega_0.3,BA_m3,0.3,5.0,FIXE_INIT,42,0.2776015464448146,0.05,0.8982807898807135
transfert_sigma_omega_0.3,BA_m3,0.3,5.0,FIXE_INIT,123,0.1303110864669,0.05,0.8982807898807135
transfert_sigma_omega_0.3,BA_m3,0.3,5.0,FIXE_INIT,777,0.19259336444420977,0.05,0.8982807898807135
transfert_sigma_omega_0.3,BA_m3,0.3,5.0,FIXE_INIT,17,0.21654579274732935,0.05,0.8982807898807135
transfert_sigma_omega_0.3,BA_m3,0.3,5.0,FIXE_INIT,256,0.35390924954939673,0.05,0.8982807898807135
transfert_sigma_omega_0.3,BA_m3,0.3,5.0,FIXE_INIT,1337,0.22602561789736292,0.05,0.8982807898807135
transfert_sigma_omega_0.3,BA_m3,0.3,5.0,FIXE_INIT,99,0.2058227000946089,0.05,0.8982807898807135
transfert_sigma_omega_0.3,BA_m3,0.3,5.0,FIXE_INIT,314,0.2117227642363252,0.05,0.8982807898807135
transfert_sigma_omega_0.3,BA_m3,0.3,5.0,FIXE_INIT,2024,0.2634308279330875,0.05,0.8982807898807135
transfert_sigma_omega_0.3,BA_m3,0.3,5.0,FIXE_INIT,888,0.28202392252800074,0.05,0.8982807898807135
transfert_sigma_omega_0.3,BA_m3,0.3,5.0,FIXE_NIVEAU_U,42,0.24752888032282203,0.12428335303098725,0.8375615194558077
transfert_sigma_omega_0.3,BA_m3,0.3,5.0,FIXE_NIVEAU_U,123,0.11634271904491178,0.12428335303098725,0.8375615194558077
transfert_sigma_omega_0.3,BA_m3,0.3,5.0,FIXE_NIVEAU_U,777,0.18549015872897293,0.12428335303098725,0.8375615194558077
transfert_sigma_omega_0.3,BA_m3,0.3,5.0,FIXE_NIVEAU_U,17,0.19431585060166107,0.12428335303098725,0.8375615194558077
transfert_sigma_omega_0.3,BA_m3,0.3,5.0,FIXE_NIVEAU_U,256,0.34556239461217964,0.12428335303098725,0.8375615194558077
transfert_sigma_omega_0.3,BA_m3,0.3,5.0,FIXE_NIVEAU_U,1337,0.20089241433102956,0.12428335303098725,0.8375615194558077
transfert_sigma_omega_0.3,BA_m3,0.3,5.0,FIXE_NIVEAU_U,99,0.17495444745954325,0.12428335303098725,0.8375615194558077
transfert_sigma_omega_0.3,BA_m3,0.3,5.0,FIXE_NIVEAU_U,314,0.17672542997818932,0.12428335303098725,0.8375615194558077
transfert_sigma_omega_0.3,BA_m3,0.3,5.0,FIXE_NIVEAU_U,2024,0.2519564651634757,0.12428335303098725,0.8375615194558077
transfert_sigma_omega_0.3,BA_m3,0.3,5.0,FIXE_NIVEAU_U,888,0.27239852310415624,0.12428335303098725,0.8375615194558077
transfert_sigma_omega_0.3,BA_m3,0.3,5.0,FIXE_COUPLAGE,42,0.2457801961865251,0.05,0.8335314288262783
transfert_sigma_omega_0.3,BA_m3,0.3,5.0,FIXE_COUPLAGE,123,0.1155824777579512,0.05,0.8335314288262783
transfert_sigma_omega_0.3,BA_m3,0.3,5.0,FIXE_COUPLAGE,777,0.1850550669116714,0.05,0.8335314288262783
transfert_sigma_omega_0.3,BA_m3,0.3,5.0,FIXE_COUPLAGE,17,0.19285874298091604,0.05,0.8335314288262783
transfert_sigma_omega_0.3,BA_m3,0.3,5.0,FIXE_COUPLAGE,256,0.34480639480903585,0.05,0.8335314288262783
transfert_sigma_omega_0.3,BA_m3,0.3,5.0,FIXE_COUPLAGE,1337,0.19933405090951634,0.05,0.8335314288262783
transfert_sigma_omega_0.3,BA_m3,0.3,5.0,FIXE_COUPLAGE,99,0.1730890766072066,0.05,0.8335314288262783
transfert_sigma_omega_0.3,BA_m3,0.3,5.0,FIXE_COUPLAGE,314,0.17451960363230423,0.05,0.8335314288262783
transfert_sigma_omega_0.3,BA_m3,0.3,5.0,FIXE_COUPLAGE,2024,0.25126257423031806,0.05,0.8335314288262783
transfert_sigma_omega_0.3,BA_m3,0.3,5.0,FIXE_COUPLAGE,888,0.27158864333198485,0.05,0.8335314288262783
transfert_sigma_omega_0.3,BA_m3,0.3,5.0,FIXE_COUPLAGE_TRANSFERE,42,0.2260413864266758,0.05,0.7849708000220373
transfert_sigma_omega_0.3,BA_m3,0.3,5.0,FIXE_COUPLAGE_TRANSFERE,123,0.11236975183641025,0.05,0.7849708000220373
transfert_sigma_omega_0.3,BA_m3,0.3,5.0,FIXE_COUPLAGE_TRANSFERE,777,0.18242578695880798,0.05,0.7849708000220373
transfert_sigma_omega_0.3,BA_m3,0.3,5.0,FIXE_COUPLAGE_TRANSFERE,17,0.17412050847741264,0.05,0.7849708000220373
transfert_sigma_omega_0.3,BA_m3,0.3,5.0,FIXE_COUPLAGE_TRANSFERE,256,0.3329959062931133,0.05,0.7849708000220373
transfert_sigma_omega_0.3,BA_m3,0.3,5.0,FIXE_COUPLAGE_TRANSFERE,1337,0.18146885293676218,0.05,0.7849708000220373
transfert_sigma_omega_0.3,BA_m3,0.3,5.0,FIXE_COUPLAGE_TRANSFERE,99,0.1541941656016162,0.05,0.7849708000220373
transfert_sigma_omega_0.3,BA_m3,0.3,5.0,FIXE_COUPLAGE_TRANSFERE,314,0.1486150400407578,0.05,0.7849708000220373
transfert_sigma_omega_0.3,BA_m3,0.3,5.0,FIXE_COUPLAGE_TRANSFERE,2024,0.2426202476384645,0.05,0.7849708000220373
transfert_sigma_omega_0.3,BA_m3,0.3,5.0,FIXE_COUPLAGE_TRANSFERE,888,0.2598158459385991,0.05,0.7849708000220373
transfert_sigma_omega_0.075,BA_m3,0.075,5.0,FULL,42,0.9007671960444159,0.12144472929851013,0.8279120525695474
transfert_sigma_omega_0.075,BA_m3,0.075,5.0,FULL,123,0.8118960110555357,0.1363477684929681,0.8128120744749431
transfert_sigma_omega_0.075,BA_m3,0.075,5.0,FULL,777,0.8947595196832824,0.1235908274426918,0.8242106023483456
transfert_sigma_omega_0.075,BA_m3,0.075,5.0,FULL,17,0.8355044993453835,0.133432633211888,0.8095750887105667
transfert_sigma_omega_0.075,BA_m3,0.075,5.0,FULL,256,0.8754685945024744,0.12275849665677012,0.8265251067558609
transfert_sigma_omega_0.075,BA_m3,0.075,5.0,FULL,1337,0.8501847854276533,0.13110495143792172,0.8153129660328087
transfert_sigma_omega_0.075,BA_m3,0.075,5.0,FULL,99,0.8678283508095185,0.13332851902317258,0.8050986880882406
transfert_sigma_omega_0.075,BA_m3,0.075,5.0,FULL,314,0.8807726167937616,0.12398201961283382,0.8269358996224924
transfert_sigma_omega_0.075,BA_m3,0.075,5.0,FULL,2024,0.8944809508315211,0.1277276040216244,0.8214967425949375
transfert_sigma_omega_0.075,BA_m3,0.075,5.0,FULL,888,0.8539496565397767,0.12490805313020537,0.8263461352157503
transfert_sigma_omega_0.075,BA_m3,0.075,5.0,FIXE_INIT,42,0.9292188339796819,0.05,0.8982807898807135
transfert_sigma_omega_0.075,BA_m3,0.075,5.0,FIXE_INIT,123,0.8612281249347409,0.05,0.8982807898807135
transfert_sigma_omega_0.075,BA_m3,0.075,5.0,FIXE_INIT,777,0.9251038542014903,0.05,0.8982807898807135
transfert_sigma_omega_0.075,BA_m3,0.075,5.0,FIXE_INIT,17,0.8843432554251734,0.05,0.8982807898807135
transfert_sigma_omega_0.075,BA_m3,0.075,5.0,FIXE_INIT,256,0.9085543711937392,0.05,0.8982807898807135
transfert_sigma_omega_0.075,BA_m3,0.075,5.0,FIXE_INIT,1337,0.8947209101485318,0.05,0.8982807898807135
transfert_sigma_omega_0.075,BA_m3,0.075,5.0,FIXE_INIT,99,0.9247355306852005,0.05,0.8982807898807135
transfert_sigma_omega_0.075,BA_m3,0.075,5.0,FIXE_INIT,314,0.9102856009044804,0.05,0.8982807898807135
transfert_sigma_omega_0.075,BA_m3,0.075,5.0,FIXE_INIT,2024,0.923742446220961,0.05,0.8982807898807135
transfert_sigma_omega_0.075,BA_m3,0.075,5.0,FIXE_INIT,888,0.8839757532374984,0.05,0.8982807898807135
transfert_sigma_omega_0.075,BA_m3,0.075,5.0,FIXE_NIVEAU_U,42,0.9171695237965932,0.12786256023285866,0.8339848018420993
transfert_sigma_omega_0.075,BA_m3,0.075,5.0,FIXE_NIVEAU_U,123,0.8336607711744456,0.12786256023285866,0.8339848018420993
transfert_sigma_omega_0.075,BA_m3,0.075,5.0,FIXE_NIVEAU_U,777,0.9131050608027577,0.12786256023285866,0.8339848018420993
transfert_sigma_omega_0.075,BA_m3,0.075,5.0,FIXE_NIVEAU_U,17,0.860673201009024,0.12786256023285866,0.8339848018420993
transfert_sigma_omega_0.075,BA_m3,0.075,5.0,FIXE_NIVEAU_U,256,0.8931650616952639,0.12786256023285866,0.8339848018420993
transfert_sigma_omega_0.075,BA_m3,0.075,5.0,FIXE_NIVEAU_U,1337,0.8766469231074195,0.12786256023285866,0.8339848018420993
transfert_sigma_omega_0.075,BA_m3,0.075,5.0,FIXE_NIVEAU_U,99,0.9108581088597454,0.12786256023285866,0.8339848018420993
transfert_sigma_omega_0.075,BA_m3,0.075,5.0,FIXE_NIVEAU_U,314,0.8934322975070536,0.12786256023285866,0.8339848018420993
transfert_sigma_omega_0.075,BA_m3,0.075,5.0,FIXE_NIVEAU_U,2024,0.9055666976921333,0.12786256023285866,0.8339848018420993
transfert_sigma_omega_0.075,BA_m3,0.075,5.0,FIXE_NIVEAU_U,888,0.8620425202302276,0.12786256023285866,0.8339848018420993
transfert_sigma_omega_0.075,BA_m3,0.075,5.0,FIXE_COUPLAGE,42,0.9140457544633773,0.05,0.8196225356413488
transfert_sigma_omega_0.075,BA_m3,0.075,5.0,FIXE_COUPLAGE,123,0.8262150032584465,0.05,0.8196225356413488
transfert_sigma_omega_0.075,BA_m3,0.075,5.0,FIXE_COUPLAGE,777,0.9099543363253102,0.05,0.8196225356413488
transfert_sigma_omega_0.075,BA_m3,0.075,5.0,FIXE_COUPLAGE,17,0.8543134733827965,0.05,0.8196225356413488
transfert_sigma_omega_0.075,BA_m3,0.075,5.0,FIXE_COUPLAGE,256,0.8891948732671281,0.05,0.8196225356413488
transfert_sigma_omega_0.075,BA_m3,0.075,5.0,FIXE_COUPLAGE,1337,0.8719426500258578,0.05,0.8196225356413488
transfert_sigma_omega_0.075,BA_m3,0.075,5.0,FIXE_COUPLAGE,99,0.9070625020271036,0.05,0.8196225356413488
transfert_sigma_omega_0.075,BA_m3,0.075,5.0,FIXE_COUPLAGE,314,0.889005047011845,0.05,0.8196225356413488
transfert_sigma_omega_0.075,BA_m3,0.075,5.0,FIXE_COUPLAGE,2024,0.9007622903078798,0.05,0.8196225356413488
transfert_sigma_omega_0.075,BA_m3,0.075,5.0,FIXE_COUPLAGE,888,0.8564370072925714,0.05,0.8196225356413488
transfert_sigma_omega_0.075,BA_m3,0.075,5.0,FIXE_COUPLAGE_TRANSFERE,42,0.9057206285250496,0.05,0.7849708000220373
transfert_sigma_omega_0.075,BA_m3,0.075,5.0,FIXE_COUPLAGE_TRANSFERE,123,0.8062184964978598,0.05,0.7849708000220373
transfert_sigma_omega_0.075,BA_m3,0.075,5.0,FIXE_COUPLAGE_TRANSFERE,777,0.9014656679096881,0.05,0.7849708000220373
transfert_sigma_omega_0.075,BA_m3,0.075,5.0,FIXE_COUPLAGE_TRANSFERE,17,0.8373446558565663,0.05,0.7849708000220373
transfert_sigma_omega_0.075,BA_m3,0.075,5.0,FIXE_COUPLAGE_TRANSFERE,256,0.8786444677179303,0.05,0.7849708000220373
transfert_sigma_omega_0.075,BA_m3,0.075,5.0,FIXE_COUPLAGE_TRANSFERE,1337,0.8593818312210388,0.05,0.7849708000220373
transfert_sigma_omega_0.075,BA_m3,0.075,5.0,FIXE_COUPLAGE_TRANSFERE,99,0.8963879903843613,0.05,0.7849708000220373
transfert_sigma_omega_0.075,BA_m3,0.075,5.0,FIXE_COUPLAGE_TRANSFERE,314,0.8770992210180684,0.05,0.7849708000220373
transfert_sigma_omega_0.075,BA_m3,0.075,5.0,FIXE_COUPLAGE_TRANSFERE,2024,0.887584547037784,0.05,0.7849708000220373
transfert_sigma_omega_0.075,BA_m3,0.075,5.0,FIXE_COUPLAGE_TRANSFERE,888,0.8413861550548325,0.05,0.7849708000220373
transfert_topologie_depuis_BA_m3,LATTICE_10x10,0.15,5.0,FULL,42,0.40867060057821425,0.16356684462988602,0.7721281259984548
transfert_topologie_depuis_BA_m3,LATTICE_10x10,0.15,5.0,FULL,123,0.18229979329492887,0.15090104375791655,0.8015346510050826
transfert_topologie_depuis_BA_m3,LATTICE_10x10,0.15,5.0,FULL,777,0.3008633980265185,0.14353778146349902,0.8062242240066114
transfert_topologie_depuis_BA_m3,LATTICE_10x10,0.15,5.0,FULL,17,0.4013842068733316,0.15634887006377723,0.7837041395671102
transfert_topologie_depuis_BA_m3,LATTICE_10x10,0.15,5.0,FULL,256,0.29890831088087355,0.16342897810170856,0.7737815083613705
transfert_topologie_depuis_BA_m3,LATTICE_10x10,0.15,5.0,FULL,1337,0.3095156383165406,0.15456496344651044,0.7887201749265296
transfert_topologie_depuis_BA_m3,LATTICE_10x10,0.15,5.0,FULL,99,0.264860931617976,0.15686758554256391,0.7859517557395338
transfert_topologie_depuis_BA_m3,LATTICE_10x10,0.15,5.0,FULL,314,0.2699561678519328,0.15864605093482095,0.7856994072125992
transfert_topologie_depuis_BA_m3,LATTICE_10x10,0.15,5.0,FULL,2024,0.22360302837244156,0.15804984400198857,0.7870506595761753
transfert_topologie_depuis_BA_m3,LATTICE_10x10,0.15,5.0,FULL,888,0.20615203704288945,0.15018025548589548,0.7987121893834574
transfert_topologie_depuis_BA_m3,LATTICE_10x10,0.15,5.0,FIXE_INIT,42,0.4625754748424832,0.05,0.8982807898807135
transfert_topologie_depuis_BA_m3,LATTICE_10x10,0.15,5.0,FIXE_INIT,123,0.18138317726298558,0.05,0.8982807898807135
transfert_topologie_depuis_BA_m3,LATTICE_10x10,0.15,5.0,FIXE_INIT,777,0.36467221859795346,0.05,0.8982807898807135
transfert_topologie_depuis_BA_m3,LATTICE_10x10,0.15,5.0,FIXE_INIT,17,0.46260405224104206,0.05,0.8982807898807135
transfert_topologie_depuis_BA_m3,LATTICE_10x10,0.15,5.0,FIXE_INIT,256,0.3575836633571279,0.05,0.8982807898807135
transfert_topologie_depuis_BA_m3,LATTICE_10x10,0.15,5.0,FIXE_INIT,1337,0.40887210266397594,0.05,0.8982807898807135
transfert_topologie_depuis_BA_m3,LATTICE_10x10,0.15,5.0,FIXE_INIT,99,0.2979373960531127,0.05,0.8982807898807135
transfert_topologie_depuis_BA_m3,LATTICE_10x10,0.15,5.0,FIXE_INIT,314,0.3227782374719121,0.05,0.8982807898807135
transfert_topologie_depuis_BA_m3,LATTICE_10x10,0.15,5.0,FIXE_INIT,2024,0.29089627366862314,0.05,0.8982807898807135
transfert_topologie_depuis_BA_m3,LATTICE_10x10,0.15,5.0,FIXE_INIT,888,0.2693112493661032,0.05,0.8982807898807135
transfert_topologie_depuis_BA_m3,LATTICE_10x10,0.15,5.0,FIXE_NIVEAU_U,42,0.41389302982983284,0.15560922174285668,0.8039157618701919
transfert_topologie_depuis_BA_m3,LATTICE_10x10,0.15,5.0,FIXE_NIVEAU_U,123,0.18273272397213167,0.15560922174285668,0.8039157618701919
transfert_topologie_depuis_BA_m3,LATTICE_10x10,0.15,5.0,FIXE_NIVEAU_U,777,0.33662705706290147,0.15560922174285668,0.8039157618701919
transfert_topologie_depuis_BA_m3,LATTICE_10x10,0.15,5.0,FIXE_NIVEAU_U,17,0.39711176980142104,0.15560922174285668,0.8039157618701919
transfert_topologie_depuis_BA_m3,LATTICE_10x10,0.15,5.0,FIXE_NIVEAU_U,256,0.326784422514284,0.15560922174285668,0.8039157618701919
transfert_topologie_depuis_BA_m3,LATTICE_10x10,0.15,5.0,FIXE_NIVEAU_U,1337,0.34470296612781176,0.15560922174285668,0.8039157618701919
transfert_topologie_depuis_BA_m3,LATTICE_10x10,0.15,5.0,FIXE_NIVEAU_U,99,0.27815029613411435,0.15560922174285668,0.8039157618701919
transfert_topologie_depuis_BA_m3,LATTICE_10x10,0.15,5.0,FIXE_NIVEAU_U,314,0.2648496269289755,0.15560922174285668,0.8039157618701919
transfert_topologie_depuis_BA_m3,LATTICE_10x10,0.15,5.0,FIXE_NIVEAU_U,2024,0.264528098282108,0.15560922174285668,0.8039157618701919
transfert_topologie_depuis_BA_m3,LATTICE_10x10,0.15,5.0,FIXE_NIVEAU_U,888,0.2423163620912347,0.15560922174285668,0.8039157618701919
transfert_topologie_depuis_BA_m3,LATTICE_10x10,0.15,5.0,FIXE_COUPLAGE,42,0.40590324811273854,0.05,0.7883506835776921
transfert_topologie_depuis_BA_m3,LATTICE_10x10,0.15,5.0,FIXE_COUPLAGE,123,0.18179681579039475,0.05,0.7883506835776921
transfert_topologie_depuis_BA_m3,LATTICE_10x10,0.15,5.0,FIXE_COUPLAGE,777,0.33282578030518867,0.05,0.7883506835776921
transfert_topologie_depuis_BA_m3,LATTICE_10x10,0.15,5.0,FIXE_COUPLAGE,17,0.3846470803610115,0.05,0.7883506835776921
transfert_topologie_depuis_BA_m3,LATTICE_10x10,0.15,5.0,FIXE_COUPLAGE,256,0.3208064645874148,0.05,0.7883506835776921
transfert_topologie_depuis_BA_m3,LATTICE_10x10,0.15,5.0,FIXE_COUPLAGE,1337,0.3335157261125518,0.05,0.7883506835776921
transfert_topologie_depuis_BA_m3,LATTICE_10x10,0.15,5.0,FIXE_COUPLAGE,99,0.27603589095880254,0.05,0.7883506835776921
transfert_topologie_depuis_BA_m3,LATTICE_10x10,0.15,5.0,FIXE_COUPLAGE,314,0.253578297325377,0.05,0.7883506835776921
transfert_topologie_depuis_BA_m3,LATTICE_10x10,0.15,5.0,FIXE_COUPLAGE,2024,0.26192713867231976,0.05,0.7883506835776921
transfert_topologie_depuis_BA_m3,LATTICE_10x10,0.15,5.0,FIXE_COUPLAGE,888,0.23576382909284685,0.05,0.7883506835776921
transfert_topologie_depuis_BA_m3,LATTICE_10x10,0.15,5.0,FIXE_COUPLAGE_TRANSFERE,42,0.4041158321779167,0.05,0.7849708000220373
transfert_topologie_depuis_BA_m3,LATTICE_10x10,0.15,5.0,FIXE_COUPLAGE_TRANSFERE,123,0.18158156396750882,0.05,0.7849708000220373
transfert_topologie_depuis_BA_m3,LATTICE_10x10,0.15,5.0,FIXE_COUPLAGE_TRANSFERE,777,0.3321027839534494,0.05,0.7849708000220373
transfert_topologie_depuis_BA_m3,LATTICE_10x10,0.15,5.0,FIXE_COUPLAGE_TRANSFERE,17,0.3818910249321517,0.05,0.7849708000220373
transfert_topologie_depuis_BA_m3,LATTICE_10x10,0.15,5.0,FIXE_COUPLAGE_TRANSFERE,256,0.31940391127605544,0.05,0.7849708000220373
transfert_topologie_depuis_BA_m3,LATTICE_10x10,0.15,5.0,FIXE_COUPLAGE_TRANSFERE,1337,0.33109810597918776,0.05,0.7849708000220373
transfert_topologie_depuis_BA_m3,LATTICE_10x10,0.15,5.0,FIXE_COUPLAGE_TRANSFERE,99,0.275892539414934,0.05,0.7849708000220373
transfert_topologie_depuis_BA_m3,LATTICE_10x10,0.15,5.0,FIXE_COUPLAGE_TRANSFERE,314,0.25115699642001726,0.05,0.7849708000220373
transfert_topologie_depuis_BA_m3,LATTICE_10x10,0.15,5.0,FIXE_COUPLAGE_TRANSFERE,2024,0.26128001169135473,0.05,0.7849708000220373
transfert_topologie_depuis_BA_m3,LATTICE_10x10,0.15,5.0,FIXE_COUPLAGE_TRANSFERE,888,0.234739885069845,0.05,0.7849708000220373
transfert_topologie_depuis_LATTICE_10x10,BA_m3,0.15,5.0,FULL,42,0.5602650066085112,0.17855159237760107,0.7442157911060896
transfert_topologie_depuis_LATTICE_10x10,BA_m3,0.15,5.0,FULL,123,0.2853845440044369,0.13556759721010483,0.8213300795986784
transfert_topologie_depuis_LATTICE_10x10,BA_m3,0.15,5.0,FULL,777,0.4978052821809793,0.16586372937747387,0.7705238140452761
transfert_topologie_depuis_LATTICE_10x10,BA_m3,0.15,5.0,FULL,17,0.5940793383101228,0.13878628077404487,0.8106150771214339
transfert_topologie_depuis_LATTICE_10x10,BA_m3,0.15,5.0,FULL,256,0.48476663294445366,0.16195666918906576,0.7784158972491967
transfert_topologie_depuis_LATTICE_10x10,BA_m3,0.15,5.0,FULL,1337,0.3954704447407173,0.15417838030058728,0.7930646825783958
transfert_topologie_depuis_LATTICE_10x10,BA_m3,0.15,5.0,FULL,99,0.5417405674525252,0.16037396423793507,0.7811359450809066
transfert_topologie_depuis_LATTICE_10x10,BA_m3,0.15,5.0,FULL,314,0.42991830725343605,0.16839405569101734,0.7672943083416781
transfert_topologie_depuis_LATTICE_10x10,BA_m3,0.15,5.0,FULL,2024,0.540646153107637,0.15718150776912793,0.7863200777001016
transfert_topologie_depuis_LATTICE_10x10,BA_m3,0.15,5.0,FULL,888,0.5796938666540523,0.1483452593736772,0.7967923273986164
transfert_topologie_depuis_LATTICE_10x10,BA_m3,0.15,5.0,FIXE_INIT,42,0.710464010627781,0.05,0.8982807898807135
transfert_topologie_depuis_LATTICE_10x10,BA_m3,0.15,5.0,FIXE_INIT,123,0.410563929752614,0.05,0.8982807898807135
transfert_topologie_depuis_LATTICE_10x10,BA_m3,0.15,5.0,FIXE_INIT,777,0.6497340053429448,0.05,0.8982807898807135
transfert_topologie_depuis_LATTICE_10x10,BA_m3,0.15,5.0,FIXE_INIT,17,0.6544778932833645,0.05,0.8982807898807135
transfert_topologie_depuis_LATTICE_10x10,BA_m3,0.15,5.0,FIXE_INIT,256,0.5956343455966304,0.05,0.8982807898807135
transfert_topologie_depuis_LATTICE_10x10,BA_m3,0.15,5.0,FIXE_INIT,1337,0.512376071407666,0.05,0.8982807898807135
transfert_topologie_depuis_LATTICE_10x10,BA_m3,0.15,5.0,FIXE_INIT,99,0.6807826976642475,0.05,0.8982807898807135
transfert_topologie_depuis_LATTICE_10x10,BA_m3,0.15,5.0,FIXE_INIT,314,0.5988985716193046,0.05,0.8982807898807135
transfert_topologie_depuis_LATTICE_10x10,BA_m3,0.15,5.0,FIXE_INIT,2024,0.7025598661953839,0.05,0.8982807898807135
transfert_topologie_depuis_LATTICE_10x10,BA_m3,0.15,5.0,FIXE_INIT,888,0.6868312676787367,0.05,0.8982807898807135
transfert_topologie_depuis_LATTICE_10x10,BA_m3,0.15,5.0,FIXE_NIVEAU_U,42,0.641701797131688,0.15691990363006353,0.8023884997269319
transfert_topologie_depuis_LATTICE_10x10,BA_m3,0.15,5.0,FIXE_NIVEAU_U,123,0.14861347580326373,0.15691990363006353,0.8023884997269319
transfert_topologie_depuis_LATTICE_10x10,BA_m3,0.15,5.0,FIXE_NIVEAU_U,777,0.5473629962639593,0.15691990363006353,0.8023884997269319
transfert_topologie_depuis_LATTICE_10x10,BA_m3,0.15,5.0,FIXE_NIVEAU_U,17,0.6110963724886838,0.15691990363006353,0.8023884997269319
transfert_topologie_depuis_LATTICE_10x10,BA_m3,0.15,5.0,FIXE_NIVEAU_U,256,0.5096737331643729,0.15691990363006353,0.8023884997269319
transfert_topologie_depuis_LATTICE_10x10,BA_m3,0.15,5.0,FIXE_NIVEAU_U,1337,0.4134540234469139,0.15691990363006353,0.8023884997269319
transfert_topologie_depuis_LATTICE_10x10,BA_m3,0.15,5.0,FIXE_NIVEAU_U,99,0.5749256946286422,0.15691990363006353,0.8023884997269319
transfert_topologie_depuis_LATTICE_10x10,BA_m3,0.15,5.0,FIXE_NIVEAU_U,314,0.44598466782574053,0.15691990363006353,0.8023884997269319
transfert_topologie_depuis_LATTICE_10x10,BA_m3,0.15,5.0,FIXE_NIVEAU_U,2024,0.5818660109470525,0.15691990363006353,0.8023884997269319
transfert_topologie_depuis_LATTICE_10x10,BA_m3,0.15,5.0,FIXE_NIVEAU_U,888,0.5879480668040958,0.15691990363006353,0.8023884997269319
transfert_topologie_depuis_LATTICE_10x10,BA_m3,0.15,5.0,FIXE_COUPLAGE,42,0.6297471206830682,0.05,0.7849708000220373
transfert_topologie_depuis_LATTICE_10x10,BA_m3,0.15,5.0,FIXE_COUPLAGE,123,0.16265787924398833,0.05,0.7849708000220373
transfert_topologie_depuis_LATTICE_10x10,BA_m3,0.15,5.0,FIXE_COUPLAGE,777,0.5234599690127406,0.05,0.7849708000220373
transfert_topologie_depuis_LATTICE_10x10,BA_m3,0.15,5.0,FIXE_COUPLAGE,17,0.6003105404474884,0.05,0.7849708000220373
transfert_topologie_depuis_LATTICE_10x10,BA_m3,0.15,5.0,FIXE_COUPLAGE,256,0.4936629054598939,0.05,0.7849708000220373
transfert_topologie_depuis_LATTICE_10x10,BA_m3,0.15,5.0,FIXE_COUPLAGE,1337,0.3970251717992703,0.05,0.7849708000220373
transfert_topologie_depuis_LATTICE_10x10,BA_m3,0.15,5.0,FIXE_COUPLAGE,99,0.5504797462908455,0.05,0.7849708000220373
transfert_topologie_depuis_LATTICE_10x10,BA_m3,0.15,5.0,FIXE_COUPLAGE,314,0.417959742417728,0.05,0.7849708000220373
transfert_topologie_depuis_LATTICE_10x10,BA_m3,0.15,5.0,FIXE_COUPLAGE,2024,0.5536060492466011,0.05,0.7849708000220373
transfert_topologie_depuis_LATTICE_10x10,BA_m3,0.15,5.0,FIXE_COUPLAGE,888,0.5643806997416232,0.05,0.7849708000220373
transfert_topologie_depuis_LATTICE_10x10,BA_m3,0.15,5.0,FIXE_COUPLAGE_TRANSFERE,42,0.6322312889576145,0.05,0.7883506835776921
transfert_topologie_depuis_LATTICE_10x10,BA_m3,0.15,5.0,FIXE_COUPLAGE_TRANSFERE,123,0.159518100951343,0.05,0.7883506835776921
transfert_topologie_depuis_LATTICE_10x10,BA_m3,0.15,5.0,FIXE_COUPLAGE_TRANSFERE,777,0.5282886996468223,0.05,0.7883506835776921
transfert_topologie_depuis_LATTICE_10x10,BA_m3,0.15,5.0,FIXE_COUPLAGE_TRANSFERE,17,0.6025024763164484,0.05,0.7883506835776921
transfert_topologie_depuis_LATTICE_10x10,BA_m3,0.15,5.0,FIXE_COUPLAGE_TRANSFERE,256,0.4968204230347594,0.05,0.7883506835776921
transfert_topologie_depuis_LATTICE_10x10,BA_m3,0.15,5.0,FIXE_COUPLAGE_TRANSFERE,1337,0.40009772298420765,0.05,0.7883506835776921
transfert_topologie_depuis_LATTICE_10x10,BA_m3,0.15,5.0,FIXE_COUPLAGE_TRANSFERE,99,0.5555148733763852,0.05,0.7883506835776921
transfert_topologie_depuis_LATTICE_10x10,BA_m3,0.15,5.0,FIXE_COUPLAGE_TRANSFERE,314,0.42330436313864267,0.05,0.7883506835776921
transfert_topologie_depuis_LATTICE_10x10,BA_m3,0.15,5.0,FIXE_COUPLAGE_TRANSFERE,2024,0.5591836974825485,0.05,0.7883506835776921
transfert_topologie_depuis_LATTICE_10x10,BA_m3,0.15,5.0,FIXE_COUPLAGE_TRANSFERE,888,0.569084750159292,0.05,0.7883506835776921
replication,BA_m3,0.15,5.0,FULL,3081,0.5579074423679022,0.1817770552323806,0.730592662215093
replication,BA_m3,0.15,5.0,FULL,3082,0.5024739033482061,0.15867894537791954,0.7847523490492165
replication,BA_m3,0.15,5.0,FULL,3083,0.46987276024202146,0.1552056058329108,0.7912769288777469
replication,BA_m3,0.15,5.0,FULL,3084,0.67959820364079,0.173137387383467,0.7435088422188751
replication,BA_m3,0.15,5.0,FULL,3085,0.4908687436934352,0.1662540582052497,0.7727810343568203
replication,BA_m3,0.15,5.0,FULL,3086,0.592550759943555,0.15487489146827255,0.7880412821452574
replication,BA_m3,0.15,5.0,FULL,3087,0.5598631422560855,0.13757392698788484,0.814331333210283
replication,BA_m3,0.15,5.0,FULL,3088,0.418234382227878,0.13077075234213748,0.8249952942609667
replication,BA_m3,0.15,5.0,FULL,3089,0.6056522363502814,0.1734490830217105,0.753209141106656
replication,BA_m3,0.15,5.0,FULL,3090,0.4623228165912815,0.1438714762213062,0.8074107581314905
replication,BA_m3,0.15,5.0,FIXE_INIT,3081,0.7401552601536933,0.05,0.8982807898807135
replication,BA_m3,0.15,5.0,FIXE_INIT,3082,0.6468030075948955,0.05,0.8982807898807135
replication,BA_m3,0.15,5.0,FIXE_INIT,3083,0.5926248225062718,0.05,0.8982807898807135
replication,BA_m3,0.15,5.0,FIXE_INIT,3084,0.8036074902680654,0.05,0.8982807898807135
replication,BA_m3,0.15,5.0,FIXE_INIT,3085,0.6489788580242778,0.05,0.8982807898807135
replication,BA_m3,0.15,5.0,FIXE_INIT,3086,0.6959824808337227,0.05,0.8982807898807135
replication,BA_m3,0.15,5.0,FIXE_INIT,3087,0.6412229835988453,0.05,0.8982807898807135
replication,BA_m3,0.15,5.0,FIXE_INIT,3088,0.4879109989538654,0.05,0.8982807898807135
replication,BA_m3,0.15,5.0,FIXE_INIT,3089,0.7635279183828927,0.05,0.8982807898807135
replication,BA_m3,0.15,5.0,FIXE_INIT,3090,0.5518329080786849,0.05,0.8982807898807135
replication,BA_m3,0.15,5.0,FIXE_NIVEAU_U,3081,0.6597844548376199,0.1575593182073239,0.8016398008040061
replication,BA_m3,0.15,5.0,FIXE_NIVEAU_U,3082,0.524724717445469,0.1575593182073239,0.8016398008040061
replication,BA_m3,0.15,5.0,FIXE_NIVEAU_U,3083,0.5042377633000393,0.1575593182073239,0.8016398008040061
replication,BA_m3,0.15,5.0,FIXE_NIVEAU_U,3084,0.7495113653843489,0.1575593182073239,0.8016398008040061
replication,BA_m3,0.15,5.0,FIXE_NIVEAU_U,3085,0.5426317192008117,0.1575593182073239,0.8016398008040061
replication,BA_m3,0.15,5.0,FIXE_NIVEAU_U,3086,0.6159496543748607,0.1575593182073239,0.8016398008040061
replication,BA_m3,0.15,5.0,FIXE_NIVEAU_U,3087,0.5229399409020474,0.1575593182073239,0.8016398008040061
replication,BA_m3,0.15,5.0,FIXE_NIVEAU_U,3088,0.3433456469576771,0.1575593182073239,0.8016398008040061
replication,BA_m3,0.15,5.0,FIXE_NIVEAU_U,3089,0.6865585519425708,0.1575593182073239,0.8016398008040061
replication,BA_m3,0.15,5.0,FIXE_NIVEAU_U,3090,0.47862424368408796,0.1575593182073239,0.8016398008040061
replication,BA_m3,0.15,5.0,FIXE_COUPLAGE,3081,0.6393711263159191,0.05,0.7810899625572408
replication,BA_m3,0.15,5.0,FIXE_COUPLAGE,3082,0.4891332945908233,0.05,0.7810899625572408
replication,BA_m3,0.15,5.0,FIXE_COUPLAGE,3083,0.4875962985405457,0.05,0.7810899625572408
replication,BA_m3,0.15,5.0,FIXE_COUPLAGE,3084,0.735192823961799,0.05,0.7810899625572408
replication,BA_m3,0.15,5.0,FIXE_COUPLAGE,3085,0.5152305822997164,0.05,0.7810899625572408
replication,BA_m3,0.15,5.0,FIXE_COUPLAGE,3086,0.5978330221007994,0.05,0.7810899625572408
replication,BA_m3,0.15,5.0,FIXE_COUPLAGE,3087,0.48585468834431295,0.05,0.7810899625572408
replication,BA_m3,0.15,5.0,FIXE_COUPLAGE,3088,0.3088546982524814,0.05,0.7810899625572408
replication,BA_m3,0.15,5.0,FIXE_COUPLAGE,3089,0.6643963971727239,0.05,0.7810899625572408
replication,BA_m3,0.15,5.0,FIXE_COUPLAGE,3090,0.46427368563928073,0.05,0.7810899625572408
replication,LATTICE_10x10,0.15,5.0,FULL,3081,0.1620058165534162,0.14575851566350792,0.8044217868305993
replication,LATTICE_10x10,0.15,5.0,FULL,3082,0.31429964897831303,0.1486758436161759,0.798348147462701
replication,LATTICE_10x10,0.15,5.0,FULL,3083,0.3440617245198647,0.15419348971630295,0.7944069167525766
replication,LATTICE_10x10,0.15,5.0,FULL,3084,0.2634680184114294,0.15628993612642306,0.7867441361469555
replication,LATTICE_10x10,0.15,5.0,FULL,3085,0.21616165402790874,0.15586256451563144,0.7904762940996538
replication,LATTICE_10x10,0.15,5.0,FULL,3086,0.4301555592924825,0.16071018583501578,0.773653842221023
replication,LATTICE_10x10,0.15,5.0,FULL,3087,0.4188518036202532,0.14605134003725884,0.7988122651766639
replication,LATTICE_10x10,0.15,5.0,FULL,3088,0.1134268189914306,0.1584465124479586,0.7838953891601856
replication,LATTICE_10x10,0.15,5.0,FULL,3089,0.2669266139953941,0.15124592355552455,0.794383544108098
replication,LATTICE_10x10,0.15,5.0,FULL,3090,0.18948989836584124,0.16035796138460598,0.7845015141067431
replication,LATTICE_10x10,0.15,5.0,FIXE_INIT,3081,0.1578548740532037,0.05,0.8982807898807135
replication,LATTICE_10x10,0.15,5.0,FIXE_INIT,3082,0.36632492712863407,0.05,0.8982807898807135
replication,LATTICE_10x10,0.15,5.0,FIXE_INIT,3083,0.45593475142912704,0.05,0.8982807898807135
replication,LATTICE_10x10,0.15,5.0,FIXE_INIT,3084,0.3157234291255214,0.05,0.8982807898807135
replication,LATTICE_10x10,0.15,5.0,FIXE_INIT,3085,0.23678476126718526,0.05,0.8982807898807135
replication,LATTICE_10x10,0.15,5.0,FIXE_INIT,3086,0.5788284872524968,0.05,0.8982807898807135
replication,LATTICE_10x10,0.15,5.0,FIXE_INIT,3087,0.47470501503263496,0.05,0.8982807898807135
replication,LATTICE_10x10,0.15,5.0,FIXE_INIT,3088,0.10906403040850744,0.05,0.8982807898807135
replication,LATTICE_10x10,0.15,5.0,FIXE_INIT,3089,0.2932682044204836,0.05,0.8982807898807135
replication,LATTICE_10x10,0.15,5.0,FIXE_INIT,3090,0.1893828627674899,0.05,0.8982807898807135
replication,LATTICE_10x10,0.15,5.0,FIXE_NIVEAU_U,3081,0.2224346552491861,0.1537592272898405,0.8060545262844591
replication,LATTICE_10x10,0.15,5.0,FIXE_NIVEAU_U,3082,0.3179712573802171,0.1537592272898405,0.8060545262844591
replication,LATTICE_10x10,0.15,5.0,FIXE_NIVEAU_U,3083,0.341677970377687,0.1537592272898405,0.8060545262844591
replication,LATTICE_10x10,0.15,5.0,FIXE_NIVEAU_U,3084,0.27848552524910875,0.1537592272898405,0.8060545262844591
replication,LATTICE_10x10,0.15,5.0,FIXE_NIVEAU_U,3085,0.24959558774126875,0.1537592272898405,0.8060545262844591
replication,LATTICE_10x10,0.15,5.0,FIXE_NIVEAU_U,3086,0.4954738852022161,0.1537592272898405,0.8060545262844591
replication,LATTICE_10x10,0.15,5.0,FIXE_NIVEAU_U,3087,0.48839105959861956,0.1537592272898405,0.8060545262844591
replication,LATTICE_10x10,0.15,5.0,FIXE_NIVEAU_U,3088,0.09268159099567815,0.1537592272898405,0.8060545262844591
replication,LATTICE_10x10,0.15,5.0,FIXE_NIVEAU_U,3089,0.2951057715712771,0.1537592272898405,0.8060545262844591
replication,LATTICE_10x10,0.15,5.0,FIXE_NIVEAU_U,3090,0.22469280432445957,0.1537592272898405,0.8060545262844591
replication,LATTICE_10x10,0.15,5.0,FIXE_COUPLAGE,3081,0.22933877979380082,0.05,0.7909643836065199
replication,LATTICE_10x10,0.15,5.0,FIXE_COUPLAGE,3082,0.3136831863002885,0.05,0.7909643836065199
replication,LATTICE_10x10,0.15,5.0,FIXE_COUPLAGE,3083,0.3167803628990833,0.05,0.7909643836065199
replication,LATTICE_10x10,0.15,5.0,FIXE_COUPLAGE,3084,0.27258403903115513,0.05,0.7909643836065199
replication,LATTICE_10x10,0.15,5.0,FIXE_COUPLAGE,3085,0.25222493591404277,0.05,0.7909643836065199
replication,LATTICE_10x10,0.15,5.0,FIXE_COUPLAGE,3086,0.4798108309879191,0.05,0.7909643836065199
replication,LATTICE_10x10,0.15,5.0,FIXE_COUPLAGE,3087,0.49174156786156725,0.05,0.7909643836065199
replication,LATTICE_10x10,0.15,5.0,FIXE_COUPLAGE,3088,0.09117895657003977,0.05,0.7909643836065199
replication,LATTICE_10x10,0.15,5.0,FIXE_COUPLAGE,3089,0.29452142042949786,0.05,0.7909643836065199
replication,LATTICE_10x10,0.15,5.0,FIXE_COUPLAGE,3090,0.22738181307385286,0.05,0.7909643836065199
replication,BA_m3,0.3,5.0,FULL,3081,0.314446108194996,0.126338037716667,0.8311660720701843
replication,BA_m3,0.3,5.0,FULL,3082,0.16310336669903977,0.12373428346187042,0.8351687486218395
replication,BA_m3,0.3,5.0,FULL,3083,0.21552122154035946,0.12058626527772238,0.8383207195817981
replication,BA_m3,0.3,5.0,FULL,3084,0.3061574883275838,0.14275654318477707,0.8109764121987043
replication,BA_m3,0.3,5.0,FULL,3085,0.1623916232210063,0.12752119374460194,0.8304218416475745
replication,BA_m3,0.3,5.0,FULL,3086,0.24064654094215657,0.1223646039564131,0.8361092807402896
replication,BA_m3,0.3,5.0,FULL,3087,0.3004180335394842,0.1266791588406323,0.8312643818979675
replication,BA_m3,0.3,5.0,FULL,3088,0.2869203341212715,0.12028569950562026,0.8376001268803427
replication,BA_m3,0.3,5.0,FULL,3089,0.21141874157858964,0.12407996281775374,0.8346814525705831
replication,BA_m3,0.3,5.0,FULL,3090,0.22025535488621412,0.12040162756411857,0.8379475165013728
replication,BA_m3,0.3,5.0,FIXE_INIT,3081,0.3707719226481705,0.05,0.8982807898807135
replication,BA_m3,0.3,5.0,FIXE_INIT,3082,0.16976691757180487,0.05,0.8982807898807135
replication,BA_m3,0.3,5.0,FIXE_INIT,3083,0.2317701239940305,0.05,0.8982807898807135
replication,BA_m3,0.3,5.0,FIXE_INIT,3084,0.3995111544372264,0.05,0.8982807898807135
replication,BA_m3,0.3,5.0,FIXE_INIT,3085,0.1910036703164771,0.05,0.8982807898807135
replication,BA_m3,0.3,5.0,FIXE_INIT,3086,0.2771201796533722,0.05,0.8982807898807135
replication,BA_m3,0.3,5.0,FIXE_INIT,3087,0.3267705201778134,0.05,0.8982807898807135
replication,BA_m3,0.3,5.0,FIXE_INIT,3088,0.314329464072925,0.05,0.8982807898807135
replication,BA_m3,0.3,5.0,FIXE_INIT,3089,0.2360376538703351,0.05,0.8982807898807135
replication,BA_m3,0.3,5.0,FIXE_INIT,3090,0.237092708644335,0.05,0.8982807898807135
replication,BA_m3,0.3,5.0,FIXE_NIVEAU_U,3081,0.30564908843652244,0.12547473760701774,0.8363783327247789
replication,BA_m3,0.3,5.0,FIXE_NIVEAU_U,3082,0.15873985733077933,0.12547473760701774,0.8363783327247789
replication,BA_m3,0.3,5.0,FIXE_NIVEAU_U,3083,0.20764786573123215,0.12547473760701774,0.8363783327247789
replication,BA_m3,0.3,5.0,FIXE_NIVEAU_U,3084,0.33063044092165256,0.12547473760701774,0.8363783327247789
replication,BA_m3,0.3,5.0,FIXE_NIVEAU_U,3085,0.15588553984256504,0.12547473760701774,0.8363783327247789
replication,BA_m3,0.3,5.0,FIXE_NIVEAU_U,3086,0.23000933454797748,0.12547473760701774,0.8363783327247789
replication,BA_m3,0.3,5.0,FIXE_NIVEAU_U,3087,0.3044684102784296,0.12547473760701774,0.8363783327247789
replication,BA_m3,0.3,5.0,FIXE_NIVEAU_U,3088,0.28182529618943697,0.12547473760701774,0.8363783327247789
replication,BA_m3,0.3,5.0,FIXE_NIVEAU_U,3089,0.23730869289935608,0.12547473760701774,0.8363783327247789
replication,BA_m3,0.3,5.0,FIXE_NIVEAU_U,3090,0.21585806837409552,0.12547473760701774,0.8363783327247789
replication,BA_m3,0.3,5.0,FIXE_COUPLAGE,3081,0.30159269249439086,0.05,0.8323656552710653
replication,BA_m3,0.3,5.0,FIXE_COUPLAGE,3082,0.1580281450416004,0.05,0.8323656552710653
replication,BA_m3,0.3,5.0,FIXE_COUPLAGE,3083,0.20615609665027193,0.05,0.8323656552710653
replication,BA_m3,0.3,5.0,FIXE_COUPLAGE,3084,0.3263065491837787,0.05,0.8323656552710653
replication,BA_m3,0.3,5.0,FIXE_COUPLAGE,3085,0.15458038451811945,0.05,0.8323656552710653
replication,BA_m3,0.3,5.0,FIXE_COUPLAGE,3086,0.22722396042656248,0.05,0.8323656552710653
replication,BA_m3,0.3,5.0,FIXE_COUPLAGE,3087,0.3030512295882432,0.05,0.8323656552710653
replication,BA_m3,0.3,5.0,FIXE_COUPLAGE,3088,0.2796372405048196,0.05,0.8323656552710653
replication,BA_m3,0.3,5.0,FIXE_COUPLAGE,3089,0.2371132856307791,0.05,0.8323656552710653
replication,BA_m3,0.3,5.0,FIXE_COUPLAGE,3090,0.21433913155034368,0.05,0.8323656552710653
replication,BA_m3,0.075,5.0,FULL,3081,0.8870694850118079,0.13235498264524287,0.8064941041735801
replication,BA_m3,0.075,5.0,FULL,3082,0.8564666811859728,0.1298281371634009,0.8144843385551168
replication,BA_m3,0.075,5.0,FULL,3083,0.8578899189216147,0.1334276772467469,0.8119905795212469
replication,BA_m3,0.075,5.0,FULL,3084,0.928802433238141,0.11497745716428684,0.8346248813927831
replication,BA_m3,0.075,5.0,FULL,3085,0.8726507236390026,0.13501781514579392,0.8075113602298896
replication,BA_m3,0.075,5.0,FULL,3086,0.8801024317163433,0.12002867737415229,0.8312158331763568
replication,BA_m3,0.075,5.0,FULL,3087,0.7673808587370882,0.11438390845082466,0.8419527519040048
replication,BA_m3,0.075,5.0,FULL,3088,0.7201047170113154,0.12381352894475486,0.8308516540487785
replication,BA_m3,0.075,5.0,FULL,3089,0.9078137196806716,0.12313697630233025,0.827420653406081
replication,BA_m3,0.075,5.0,FULL,3090,0.8384590573506217,0.12738191059376358,0.8217053168397889
replication,BA_m3,0.075,5.0,FIXE_INIT,3081,0.9326158549110078,0.05,0.8982807898807135
replication,BA_m3,0.075,5.0,FIXE_INIT,3082,0.89987343313735,0.05,0.8982807898807135
replication,BA_m3,0.075,5.0,FIXE_INIT,3083,0.9010169226031419,0.05,0.8982807898807135
replication,BA_m3,0.075,5.0,FIXE_INIT,3084,0.9498280653154018,0.05,0.8982807898807135
replication,BA_m3,0.075,5.0,FIXE_INIT,3085,0.9197411459228356,0.05,0.8982807898807135
replication,BA_m3,0.075,5.0,FIXE_INIT,3086,0.911463136043895,0.05,0.8982807898807135
replication,BA_m3,0.075,5.0,FIXE_INIT,3087,0.7897369297188637,0.05,0.8982807898807135
replication,BA_m3,0.075,5.0,FIXE_INIT,3088,0.7482271527323199,0.05,0.8982807898807135
replication,BA_m3,0.075,5.0,FIXE_INIT,3089,0.931330313693938,0.05,0.8982807898807135
replication,BA_m3,0.075,5.0,FIXE_INIT,3090,0.8876054376176926,0.05,0.8982807898807135
replication,BA_m3,0.075,5.0,FIXE_NIVEAU_U,3081,0.921086242868441,0.12543510710312966,0.8364178083895836
replication,BA_m3,0.075,5.0,FIXE_NIVEAU_U,3082,0.8808396453580606,0.12543510710312966,0.8364178083895836
replication,BA_m3,0.075,5.0,FIXE_NIVEAU_U,3083,0.8800442653096135,0.12543510710312966,0.8364178083895836
replication,BA_m3,0.075,5.0,FIXE_NIVEAU_U,3084,0.9411317005349615,0.12543510710312966,0.8364178083895836
replication,BA_m3,0.075,5.0,FIXE_NIVEAU_U,3085,0.9059539661887142,0.12543510710312966,0.8364178083895836
replication,BA_m3,0.075,5.0,FIXE_NIVEAU_U,3086,0.8938010085687023,0.12543510710312966,0.8364178083895836
replication,BA_m3,0.075,5.0,FIXE_NIVEAU_U,3087,0.7526838142048732,0.12543510710312966,0.8364178083895836
replication,BA_m3,0.075,5.0,FIXE_NIVEAU_U,3088,0.7285951482321593,0.12543510710312966,0.8364178083895836
replication,BA_m3,0.075,5.0,FIXE_NIVEAU_U,3089,0.9176407435255632,0.12543510710312966,0.8364178083895836
replication,BA_m3,0.075,5.0,FIXE_NIVEAU_U,3090,0.8621401710537905,0.12543510710312966,0.8364178083895836
replication,BA_m3,0.075,5.0,FIXE_COUPLAGE,3081,0.9181308599652853,0.05,0.8228251473247625
replication,BA_m3,0.075,5.0,FIXE_COUPLAGE,3082,0.8759578561511129,0.05,0.8228251473247625
replication,BA_m3,0.075,5.0,FIXE_COUPLAGE,3083,0.8744867100847769,0.05,0.8228251473247625
replication,BA_m3,0.075,5.0,FIXE_COUPLAGE,3084,0.9389127890956267,0.05,0.8228251473247625
replication,BA_m3,0.075,5.0,FIXE_COUPLAGE,3085,0.9023935156235087,0.05,0.8228251473247625
replication,BA_m3,0.075,5.0,FIXE_COUPLAGE,3086,0.8892515349623129,0.05,0.8228251473247625
replication,BA_m3,0.075,5.0,FIXE_COUPLAGE,3087,0.7439304325884707,0.05,0.8228251473247625
replication,BA_m3,0.075,5.0,FIXE_COUPLAGE,3088,0.7236234741802821,0.05,0.8228251473247625
replication,BA_m3,0.075,5.0,FIXE_COUPLAGE,3089,0.9140763536390921,0.05,0.8228251473247625
replication,BA_m3,0.075,5.0,FIXE_COUPLAGE,3090,0.8552462579931659,0.05,0.8228251473247625
