bras,t_pulse,seed,dstar,flip_time,flip_ok,u_mean,u_filter_mean,reglage_filtre,reglage_u
B1_FULL,500,0,-1,1358,1,0.621584266275963,-0.16355493713101588,,
B1_FULL,500,1,-1,1263,1,0.6628064394026096,-0.24939875178551704,,
B1_FULL,500,2,1,1281,1,0.6366998950790349,-0.19556708294932978,,
B1_FULL,500,3,-1,1217,1,0.6381016745241911,-0.19780652659218131,,
B1_FULL,500,4,1,1421,1,0.6586352328174214,-0.23993322406477596,,
B1_FULL,500,5,-1,1188,1,0.6725836512563121,-0.2711383183520647,,
B1_FULL,500,6,-1,1254,1,0.6485443385767468,-0.2202636967045154,,
B1_FULL,500,7,-1,1342,1,0.6427669053200175,-0.20719977906707282,,
B1_FULL,500,8,-1,1218,1,0.6507212983524999,-0.22323430810835834,,
B1_FULL,500,9,-1,1359,1,0.6549374498766807,-0.23304280283040654,,
B1_FULL,500,10,1,1303,1,0.6678095059460644,-0.2588891566411977,,
B1_FULL,500,11,-1,1324,1,0.6664690428281768,-0.25467175117851387,,
B1_FULL,1500,0,-1,5538,1,0.6238784894146808,-0.16915204813489434,,
B1_FULL,1500,1,-1,5665,1,0.6649876072979504,-0.25457331985049236,,
B1_FULL,1500,2,1,2917,1,0.6447747699234528,-0.21271626740824748,,
B1_FULL,1500,3,-1,3935,1,0.6422240396107579,-0.20611201761996767,,
B1_FULL,1500,4,1,6447,1,0.6585210882491316,-0.23966436604289365,,
B1_FULL,1500,5,-1,5614,1,0.6771278836301469,-0.2796130253339933,,
B1_FULL,1500,6,-1,5648,1,0.650734356453225,-0.22463619541035232,,
B1_FULL,1500,7,-1,2813,1,0.6478545166868972,-0.2192445486342237,,
B1_FULL,1500,8,-1,5742,1,0.650101426022202,-0.22217346981566263,,
B1_FULL,1500,9,-1,5032,1,0.6561962874196923,-0.23562694193782338,,
B1_FULL,1500,10,1,4885,1,0.6705544130530567,-0.26458857382673123,,
B1_FULL,1500,11,-1,6995,1,0.6616526340719586,-0.24486899494977407,,
B1_FULL,3000,0,-1,6092,1,0.6228309686556469,-0.16546624903195742,,
B1_FULL,3000,1,-1,6808,1,0.6594013656717856,-0.24222490829424476,,
B1_FULL,3000,2,1,6438,1,0.6449919940124599,-0.2120461269033624,,
B1_FULL,3000,3,-1,5578,1,0.641595698518112,-0.20373895520404559,,
B1_FULL,3000,4,1,8829,1,0.6556509477390873,-0.23284457791171745,,
B1_FULL,3000,5,-1,6170,1,0.6743326748499214,-0.2726527725452012,,
B1_FULL,3000,6,-1,6294,1,0.6449279352494726,-0.21076595697323064,,
B1_FULL,3000,7,-1,8837,1,0.6448925872472948,-0.2123900330104377,,
B1_FULL,3000,8,-1,6667,1,0.649457156475668,-0.21900821276172136,,
B1_FULL,3000,9,-1,6039,1,0.6515676962315391,-0.2245146925972955,,
B1_FULL,3000,10,1,6243,1,0.6680850374801296,-0.2582936998681892,,
B1_FULL,3000,11,-1,8068,1,0.655941621908901,-0.23235201055072188,,
B1_FULL,4500,0,-1,6542,1,0.6180559626386681,-0.1550672095358244,,
B1_FULL,4500,1,-1,8154,1,0.6534862340576535,-0.2284862167053671,,
B1_FULL,4500,2,1,7551,1,0.6387354462648892,-0.19789360331805883,,
B1_FULL,4500,3,-1,6276,1,0.6376039455731833,-0.195644492615725,,
B1_FULL,4500,4,1,8756,1,0.6546678806041359,-0.23057051666510925,,
B1_FULL,4500,5,-1,7219,1,0.6683481830991895,-0.2604177172009737,,
B1_FULL,4500,6,-1,8301,1,0.6410305565920107,-0.20238115326470119,,
B1_FULL,4500,7,-1,9001,0,0.6409667563817752,-0.20273748391838733,,
B1_FULL,4500,8,-1,8584,1,0.6463193779473817,-0.2121624162430865,,
B1_FULL,4500,9,-1,7081,1,0.6468681351243906,-0.21400943862876853,,
B1_FULL,4500,10,1,7898,1,0.6641374133266137,-0.2502044751877981,,
B1_FULL,4500,11,-1,9001,0,0.6510671958663622,-0.22097294442714227,,
B2_FIXE_INIT,500,0,-1,1371,1,0.05000000000000756,0.8982807898808416,,
B2_FIXE_INIT,500,1,-1,1248,1,0.05000000000000756,0.8982807898808416,,
B2_FIXE_INIT,500,2,1,1312,1,0.05000000000000756,0.8982807898808416,,
B2_FIXE_INIT,500,3,-1,1133,1,0.05000000000000756,0.8982807898808416,,
B2_FIXE_INIT,500,4,1,1582,1,0.05000000000000756,0.8982807898808416,,
B2_FIXE_INIT,500,5,-1,1113,1,0.05000000000000756,0.8982807898808416,,
B2_FIXE_INIT,500,6,-1,1204,1,0.05000000000000756,0.8982807898808416,,
B2_FIXE_INIT,500,7,-1,1348,1,0.05000000000000756,0.8982807898808416,,
B2_FIXE_INIT,500,8,-1,1203,1,0.05000000000000756,0.8982807898808416,,
B2_FIXE_INIT,500,9,-1,1282,1,0.05000000000000756,0.8982807898808416,,
B2_FIXE_INIT,500,10,1,1377,1,0.05000000000000756,0.8982807898808416,,
B2_FIXE_INIT,500,11,-1,1321,1,0.05000000000000756,0.8982807898808416,,
B2_FIXE_INIT,1500,0,-1,2612,1,0.05000000000000756,0.8982807898808416,,
B2_FIXE_INIT,1500,1,-1,2425,1,0.05000000000000756,0.8982807898808416,,
B2_FIXE_INIT,1500,2,1,2867,1,0.05000000000000756,0.8982807898808416,,
B2_FIXE_INIT,1500,3,-1,2532,1,0.05000000000000756,0.8982807898808416,,
B2_FIXE_INIT,1500,4,1,2890,1,0.05000000000000756,0.8982807898808416,,
B2_FIXE_INIT,1500,5,-1,2330,1,0.05000000000000756,0.8982807898808416,,
B2_FIXE_INIT,1500,6,-1,2472,1,0.05000000000000756,0.8982807898808416,,
B2_FIXE_INIT,1500,7,-1,2685,1,0.05000000000000756,0.8982807898808416,,
B2_FIXE_INIT,1500,8,-1,2478,1,0.05000000000000756,0.8982807898808416,,
B2_FIXE_INIT,1500,9,-1,2626,1,0.05000000000000756,0.8982807898808416,,
B2_FIXE_INIT,1500,10,1,2692,1,0.05000000000000756,0.8982807898808416,,
B2_FIXE_INIT,1500,11,-1,2728,1,0.05000000000000756,0.8982807898808416,,
B2_FIXE_INIT,3000,0,-1,4264,1,0.05000000000000756,0.8982807898808416,,
B2_FIXE_INIT,3000,1,-1,4139,1,0.05000000000000756,0.8982807898808416,,
B2_FIXE_INIT,3000,2,1,4629,1,0.05000000000000756,0.8982807898808416,,
B2_FIXE_INIT,3000,3,-1,4424,1,0.05000000000000756,0.8982807898808416,,
B2_FIXE_INIT,3000,4,1,4195,1,0.05000000000000756,0.8982807898808416,,
B2_FIXE_INIT,3000,5,-1,3763,1,0.05000000000000756,0.8982807898808416,,
B2_FIXE_INIT,3000,6,-1,4117,1,0.05000000000000756,0.8982807898808416,,
B2_FIXE_INIT,3000,7,-1,4371,1,0.05000000000000756,0.8982807898808416,,
B2_FIXE_INIT,3000,8,-1,3987,1,0.05000000000000756,0.8982807898808416,,
B2_FIXE_INIT,3000,9,-1,4122,1,0.05000000000000756,0.8982807898808416,,
B2_FIXE_INIT,3000,10,1,4235,1,0.05000000000000756,0.8982807898808416,,
B2_FIXE_INIT,3000,11,-1,4629,1,0.05000000000000756,0.8982807898808416,,
B2_FIXE_INIT,4500,0,-1,5850,1,0.05000000000000756,0.8982807898808416,,
B2_FIXE_INIT,4500,1,-1,5535,1,0.05000000000000756,0.8982807898808416,,
B2_FIXE_INIT,4500,2,1,6213,1,0.05000000000000756,0.8982807898808416,,
B2_FIXE_INIT,4500,3,-1,5760,1,0.05000000000000756,0.8982807898808416,,
B2_FIXE_INIT,4500,4,1,5617,1,0.05000000000000756,0.8982807898808416,,
B2_FIXE_INIT,4500,5,-1,5375,1,0.05000000000000756,0.8982807898808416,,
B2_FIXE_INIT,4500,6,-1,5637,1,0.05000000000000756,0.8982807898808416,,
B2_FIXE_INIT,4500,7,-1,5854,1,0.05000000000000756,0.8982807898808416,,
B2_FIXE_INIT,4500,8,-1,5396,1,0.05000000000000756,0.8982807898808416,,
B2_FIXE_INIT,4500,9,-1,5712,1,0.05000000000000756,0.8982807898808416,,
B2_FIXE_INIT,4500,10,1,5880,1,0.05000000000000756,0.8982807898808416,,
B2_FIXE_INIT,4500,11,-1,5868,1,0.05000000000000756,0.8982807898808416,,
B3a_FIXE_NIVEAU_U,500,0,-1,1007,1,0.6509422913250281,-0.43158593337727347,,0.6509422913251072
B3a_FIXE_NIVEAU_U,500,1,-1,1025,1,0.6509422913250281,-0.43158593337727347,,0.6509422913251072
B3a_FIXE_NIVEAU_U,500,2,1,1018,1,0.6509422913250281,-0.43158593337727347,,0.6509422913251072
B3a_FIXE_NIVEAU_U,500,3,-1,1017,1,0.6509422913250281,-0.43158593337727347,,0.6509422913251072
B3a_FIXE_NIVEAU_U,500,4,1,1018,1,0.6509422913250281,-0.43158593337727347,,0.6509422913251072
B3a_FIXE_NIVEAU_U,500,5,-1,1011,1,0.6509422913250281,-0.43158593337727347,,0.6509422913251072
B3a_FIXE_NIVEAU_U,500,6,-1,1010,1,0.6509422913250281,-0.43158593337727347,,0.6509422913251072
B3a_FIXE_NIVEAU_U,500,7,-1,1007,1,0.6509422913250281,-0.43158593337727347,,0.6509422913251072
B3a_FIXE_NIVEAU_U,500,8,-1,1024,1,0.6509422913250281,-0.43158593337727347,,0.6509422913251072
B3a_FIXE_NIVEAU_U,500,9,-1,1019,1,0.6509422913250281,-0.43158593337727347,,0.6509422913251072
B3a_FIXE_NIVEAU_U,500,10,1,1013,1,0.6509422913250281,-0.43158593337727347,,0.6509422913251072
B3a_FIXE_NIVEAU_U,500,11,-1,1020,1,0.6509422913250281,-0.43158593337727347,,0.6509422913251072
B3a_FIXE_NIVEAU_U,1500,0,-1,2069,1,0.6509422913250281,-0.43158593337727347,,0.6509422913251072
B3a_FIXE_NIVEAU_U,1500,1,-1,2091,1,0.6509422913250281,-0.43158593337727347,,0.6509422913251072
B3a_FIXE_NIVEAU_U,1500,2,1,2117,1,0.6509422913250281,-0.43158593337727347,,0.6509422913251072
B3a_FIXE_NIVEAU_U,1500,3,-1,2056,1,0.6509422913250281,-0.43158593337727347,,0.6509422913251072
B3a_FIXE_NIVEAU_U,1500,4,1,2105,1,0.6509422913250281,-0.43158593337727347,,0.6509422913251072
B3a_FIXE_NIVEAU_U,1500,5,-1,2054,1,0.6509422913250281,-0.43158593337727347,,0.6509422913251072
B3a_FIXE_NIVEAU_U,1500,6,-1,2058,1,0.6509422913250281,-0.43158593337727347,,0.6509422913251072
B3a_FIXE_NIVEAU_U,1500,7,-1,2087,1,0.6509422913250281,-0.43158593337727347,,0.6509422913251072
B3a_FIXE_NIVEAU_U,1500,8,-1,2109,1,0.6509422913250281,-0.43158593337727347,,0.6509422913251072
B3a_FIXE_NIVEAU_U,1500,9,-1,2085,1,0.6509422913250281,-0.43158593337727347,,0.6509422913251072
B3a_FIXE_NIVEAU_U,1500,10,1,2077,1,0.6509422913250281,-0.43158593337727347,,0.6509422913251072
B3a_FIXE_NIVEAU_U,1500,11,-1,2134,1,0.6509422913250281,-0.43158593337727347,,0.6509422913251072
B3a_FIXE_NIVEAU_U,3000,0,-1,3612,1,0.6509422913250281,-0.43158593337727347,,0.6509422913251072
B3a_FIXE_NIVEAU_U,3000,1,-1,3566,1,0.6509422913250281,-0.43158593337727347,,0.6509422913251072
B3a_FIXE_NIVEAU_U,3000,2,1,3603,1,0.6509422913250281,-0.43158593337727347,,0.6509422913251072
B3a_FIXE_NIVEAU_U,3000,3,-1,3595,1,0.6509422913250281,-0.43158593337727347,,0.6509422913251072
B3a_FIXE_NIVEAU_U,3000,4,1,3589,1,0.6509422913250281,-0.43158593337727347,,0.6509422913251072
B3a_FIXE_NIVEAU_U,3000,5,-1,3616,1,0.6509422913250281,-0.43158593337727347,,0.6509422913251072
B3a_FIXE_NIVEAU_U,3000,6,-1,3615,1,0.6509422913250281,-0.43158593337727347,,0.6509422913251072
B3a_FIXE_NIVEAU_U,3000,7,-1,3612,1,0.6509422913250281,-0.43158593337727347,,0.6509422913251072
B3a_FIXE_NIVEAU_U,3000,8,-1,3573,1,0.6509422913250281,-0.43158593337727347,,0.6509422913251072
B3a_FIXE_NIVEAU_U,3000,9,-1,3564,1,0.6509422913250281,-0.43158593337727347,,0.6509422913251072
B3a_FIXE_NIVEAU_U,3000,10,1,3628,1,0.6509422913250281,-0.43158593337727347,,0.6509422913251072
B3a_FIXE_NIVEAU_U,3000,11,-1,3627,1,0.6509422913250281,-0.43158593337727347,,0.6509422913251072
B3a_FIXE_NIVEAU_U,4500,0,-1,5101,1,0.6509422913250281,-0.43158593337727347,,0.6509422913251072
B3a_FIXE_NIVEAU_U,4500,1,-1,4999,1,0.6509422913250281,-0.43158593337727347,,0.6509422913251072
B3a_FIXE_NIVEAU_U,4500,2,1,5014,1,0.6509422913250281,-0.43158593337727347,,0.6509422913251072
B3a_FIXE_NIVEAU_U,4500,3,-1,5149,1,0.6509422913250281,-0.43158593337727347,,0.6509422913251072
B3a_FIXE_NIVEAU_U,4500,4,1,5031,1,0.6509422913250281,-0.43158593337727347,,0.6509422913251072
B3a_FIXE_NIVEAU_U,4500,5,-1,5120,1,0.6509422913250281,-0.43158593337727347,,0.6509422913251072
B3a_FIXE_NIVEAU_U,4500,6,-1,5112,1,0.6509422913250281,-0.43158593337727347,,0.6509422913251072
B3a_FIXE_NIVEAU_U,4500,7,-1,5074,1,0.6509422913250281,-0.43158593337727347,,0.6509422913251072
B3a_FIXE_NIVEAU_U,4500,8,-1,5019,1,0.6509422913250281,-0.43158593337727347,,0.6509422913251072
B3a_FIXE_NIVEAU_U,4500,9,-1,5024,1,0.6509422913250281,-0.43158593337727347,,0.6509422913251072
B3a_FIXE_NIVEAU_U,4500,10,1,5136,1,0.6509422913250281,-0.43158593337727347,,0.6509422913251072
B3a_FIXE_NIVEAU_U,4500,11,-1,5094,1,0.6509422913250281,-0.43158593337727347,,0.6509422913251072
B3b_FIXE_COUPLAGE,500,0,-1,1063,1,0.05000000000000756,-0.2238440826611159,-0.2238440826611057,
B3b_FIXE_COUPLAGE,500,1,-1,1082,1,0.05000000000000756,-0.2238440826611159,-0.2238440826611057,
B3b_FIXE_COUPLAGE,500,2,1,1066,1,0.05000000000000756,-0.2238440826611159,-0.2238440826611057,
B3b_FIXE_COUPLAGE,500,3,-1,1071,1,0.05000000000000756,-0.2238440826611159,-0.2238440826611057,
B3b_FIXE_COUPLAGE,500,4,1,1069,1,0.05000000000000756,-0.2238440826611159,-0.2238440826611057,
B3b_FIXE_COUPLAGE,500,5,-1,1064,1,0.05000000000000756,-0.2238440826611159,-0.2238440826611057,
B3b_FIXE_COUPLAGE,500,6,-1,1066,1,0.05000000000000756,-0.2238440826611159,-0.2238440826611057,
B3b_FIXE_COUPLAGE,500,7,-1,1052,1,0.05000000000000756,-0.2238440826611159,-0.2238440826611057,
B3b_FIXE_COUPLAGE,500,8,-1,1074,1,0.05000000000000756,-0.2238440826611159,-0.2238440826611057,
B3b_FIXE_COUPLAGE,500,9,-1,1068,1,0.05000000000000756,-0.2238440826611159,-0.2238440826611057,
B3b_FIXE_COUPLAGE,500,10,1,1068,1,0.05000000000000756,-0.2238440826611159,-0.2238440826611057,
B3b_FIXE_COUPLAGE,500,11,-1,1061,1,0.05000000000000756,-0.2238440826611159,-0.2238440826611057,
B3b_FIXE_COUPLAGE,1500,0,-1,2186,1,0.05000000000000756,-0.2238440826611159,-0.2238440826611057,
B3b_FIXE_COUPLAGE,1500,1,-1,2215,1,0.05000000000000756,-0.2238440826611159,-0.2238440826611057,
B3b_FIXE_COUPLAGE,1500,2,1,2219,1,0.05000000000000756,-0.2238440826611159,-0.2238440826611057,
B3b_FIXE_COUPLAGE,1500,3,-1,2182,1,0.05000000000000756,-0.2238440826611159,-0.2238440826611057,
B3b_FIXE_COUPLAGE,1500,4,1,2231,1,0.05000000000000756,-0.2238440826611159,-0.2238440826611057,
B3b_FIXE_COUPLAGE,1500,5,-1,2173,1,0.05000000000000756,-0.2238440826611159,-0.2238440826611057,
B3b_FIXE_COUPLAGE,1500,6,-1,2169,1,0.05000000000000756,-0.2238440826611159,-0.2238440826611057,
B3b_FIXE_COUPLAGE,1500,7,-1,2202,1,0.05000000000000756,-0.2238440826611159,-0.2238440826611057,
B3b_FIXE_COUPLAGE,1500,8,-1,2220,1,0.05000000000000756,-0.2238440826611159,-0.2238440826611057,
B3b_FIXE_COUPLAGE,1500,9,-1,2195,1,0.05000000000000756,-0.2238440826611159,-0.2238440826611057,
B3b_FIXE_COUPLAGE,1500,10,1,2213,1,0.05000000000000756,-0.2238440826611159,-0.2238440826611057,
B3b_FIXE_COUPLAGE,1500,11,-1,2251,1,0.05000000000000756,-0.2238440826611159,-0.2238440826611057,
B3b_FIXE_COUPLAGE,3000,0,-1,3798,1,0.05000000000000756,-0.2238440826611159,-0.2238440826611057,
B3b_FIXE_COUPLAGE,3000,1,-1,3757,1,0.05000000000000756,-0.2238440826611159,-0.2238440826611057,
B3b_FIXE_COUPLAGE,3000,2,1,3802,1,0.05000000000000756,-0.2238440826611159,-0.2238440826611057,
B3b_FIXE_COUPLAGE,3000,3,-1,3832,1,0.05000000000000756,-0.2238440826611159,-0.2238440826611057,
B3b_FIXE_COUPLAGE,3000,4,1,3760,1,0.05000000000000756,-0.2238440826611159,-0.2238440826611057,
B3b_FIXE_COUPLAGE,3000,5,-1,3809,1,0.05000000000000756,-0.2238440826611159,-0.2238440826611057,
B3b_FIXE_COUPLAGE,3000,6,-1,3775,1,0.05000000000000756,-0.2238440826611159,-0.2238440826611057,
B3b_FIXE_COUPLAGE,3000,7,-1,3791,1,0.05000000000000756,-0.2238440826611159,-0.2238440826611057,
B3b_FIXE_COUPLAGE,3000,8,-1,3774,1,0.05000000000000756,-0.2238440826611159,-0.2238440826611057,
B3b_FIXE_COUPLAGE,3000,9,-1,3748,1,0.05000000000000756,-0.2238440826611159,-0.2238440826611057,
B3b_FIXE_COUPLAGE,3000,10,1,3804,1,0.05000000000000756,-0.2238440826611159,-0.2238440826611057,
B3b_FIXE_COUPLAGE,3000,11,-1,3813,1,0.05000000000000756,-0.2238440826611159,-0.2238440826611057,
B3b_FIXE_COUPLAGE,4500,0,-1,5285,1,0.05000000000000756,-0.2238440826611159,-0.2238440826611057,
B3b_FIXE_COUPLAGE,4500,1,-1,5216,1,0.05000000000000756,-0.2238440826611159,-0.2238440826611057,
B3b_FIXE_COUPLAGE,4500,2,1,5286,1,0.05000000000000756,-0.2238440826611159,-0.2238440826611057,
B3b_FIXE_COUPLAGE,4500,3,-1,5375,1,0.05000000000000756,-0.2238440826611159,-0.2238440826611057,
B3b_FIXE_COUPLAGE,4500,4,1,5266,1,0.05000000000000756,-0.2238440826611159,-0.2238440826611057,
B3b_FIXE_COUPLAGE,4500,5,-1,5343,1,0.05000000000000756,-0.2238440826611159,-0.2238440826611057,
B3b_FIXE_COUPLAGE,4500,6,-1,5292,1,0.05000000000000756,-0.2238440826611159,-0.2238440826611057,
B3b_FIXE_COUPLAGE,4500,7,-1,5337,1,0.05000000000000756,-0.2238440826611159,-0.2238440826611057,
B3b_FIXE_COUPLAGE,4500,8,-1,5268,1,0.05000000000000756,-0.2238440826611159,-0.2238440826611057,
B3b_FIXE_COUPLAGE,4500,9,-1,5263,1,0.05000000000000756,-0.2238440826611159,-0.2238440826611057,
B3b_FIXE_COUPLAGE,4500,10,1,5287,1,0.05000000000000756,-0.2238440826611159,-0.2238440826611057,
B3b_FIXE_COUPLAGE,4500,11,-1,5289,1,0.05000000000000756,-0.2238440826611159,-0.2238440826611057,
B3c_FIXE_COUPLAGE_LOCAL,500,0,-1,1062,1,0.05000000000000756,-0.2262250279504334,-0.22622502795041244,
B3c_FIXE_COUPLAGE_LOCAL,500,1,-1,1081,1,0.05000000000000756,-0.2262250279504334,-0.22622502795041244,
B3c_FIXE_COUPLAGE_LOCAL,500,2,1,1065,1,0.05000000000000756,-0.2262250279504334,-0.22622502795041244,
B3c_FIXE_COUPLAGE_LOCAL,500,3,-1,1070,1,0.05000000000000756,-0.2262250279504334,-0.22622502795041244,
B3c_FIXE_COUPLAGE_LOCAL,500,4,1,1068,1,0.05000000000000756,-0.2262250279504334,-0.22622502795041244,
B3c_FIXE_COUPLAGE_LOCAL,500,5,-1,1063,1,0.05000000000000756,-0.2262250279504334,-0.22622502795041244,
B3c_FIXE_COUPLAGE_LOCAL,500,6,-1,1065,1,0.05000000000000756,-0.2262250279504334,-0.22622502795041244,
B3c_FIXE_COUPLAGE_LOCAL,500,7,-1,1051,1,0.05000000000000756,-0.2262250279504334,-0.22622502795041244,
B3c_FIXE_COUPLAGE_LOCAL,500,8,-1,1074,1,0.05000000000000756,-0.2262250279504334,-0.22622502795041244,
B3c_FIXE_COUPLAGE_LOCAL,500,9,-1,1067,1,0.05000000000000756,-0.2262250279504334,-0.22622502795041244,
B3c_FIXE_COUPLAGE_LOCAL,500,10,1,1068,1,0.05000000000000756,-0.2262250279504334,-0.22622502795041244,
B3c_FIXE_COUPLAGE_LOCAL,500,11,-1,1061,1,0.05000000000000756,-0.2262250279504334,-0.22622502795041244,
B3c_FIXE_COUPLAGE_LOCAL,1500,0,-1,2181,1,0.05000000000000756,-0.2310808140803739,-0.23108081408042133,
B3c_FIXE_COUPLAGE_LOCAL,1500,1,-1,2210,1,0.05000000000000756,-0.2310808140803739,-0.23108081408042133,
B3c_FIXE_COUPLAGE_LOCAL,1500,2,1,2215,1,0.05000000000000756,-0.2310808140803739,-0.23108081408042133,
B3c_FIXE_COUPLAGE_LOCAL,1500,3,-1,2177,1,0.05000000000000756,-0.2310808140803739,-0.23108081408042133,
B3c_FIXE_COUPLAGE_LOCAL,1500,4,1,2226,1,0.05000000000000756,-0.2310808140803739,-0.23108081408042133,
B3c_FIXE_COUPLAGE_LOCAL,1500,5,-1,2168,1,0.05000000000000756,-0.2310808140803739,-0.23108081408042133,
B3c_FIXE_COUPLAGE_LOCAL,1500,6,-1,2164,1,0.05000000000000756,-0.2310808140803739,-0.23108081408042133,
B3c_FIXE_COUPLAGE_LOCAL,1500,7,-1,2197,1,0.05000000000000756,-0.2310808140803739,-0.23108081408042133,
B3c_FIXE_COUPLAGE_LOCAL,1500,8,-1,2215,1,0.05000000000000756,-0.2310808140803739,-0.23108081408042133,
B3c_FIXE_COUPLAGE_LOCAL,1500,9,-1,2190,1,0.05000000000000756,-0.2310808140803739,-0.23108081408042133,
B3c_FIXE_COUPLAGE_LOCAL,1500,10,1,2208,1,0.05000000000000756,-0.2310808140803739,-0.23108081408042133,
B3c_FIXE_COUPLAGE_LOCAL,1500,11,-1,2247,1,0.05000000000000756,-0.2310808140803739,-0.23108081408042133,
B3c_FIXE_COUPLAGE_LOCAL,3000,0,-1,3798,1,0.05000000000000756,-0.22385818297102758,-0.22385818297101043,
B3c_FIXE_COUPLAGE_LOCAL,3000,1,-1,3757,1,0.05000000000000756,-0.22385818297102758,-0.22385818297101043,
B3c_FIXE_COUPLAGE_LOCAL,3000,2,1,3802,1,0.05000000000000756,-0.22385818297102758,-0.22385818297101043,
B3c_FIXE_COUPLAGE_LOCAL,3000,3,-1,3832,1,0.05000000000000756,-0.22385818297102758,-0.22385818297101043,
B3c_FIXE_COUPLAGE_LOCAL,3000,4,1,3760,1,0.05000000000000756,-0.22385818297102758,-0.22385818297101043,
B3c_FIXE_COUPLAGE_LOCAL,3000,5,-1,3809,1,0.05000000000000756,-0.22385818297102758,-0.22385818297101043,
B3c_FIXE_COUPLAGE_LOCAL,3000,6,-1,3775,1,0.05000000000000756,-0.22385818297102758,-0.22385818297101043,
B3c_FIXE_COUPLAGE_LOCAL,3000,7,-1,3791,1,0.05000000000000756,-0.22385818297102758,-0.22385818297101043,
B3c_FIXE_COUPLAGE_LOCAL,3000,8,-1,3774,1,0.05000000000000756,-0.22385818297102758,-0.22385818297101043,
B3c_FIXE_COUPLAGE_LOCAL,3000,9,-1,3748,1,0.05000000000000756,-0.22385818297102758,-0.22385818297101043,
B3c_FIXE_COUPLAGE_LOCAL,3000,10,1,3804,1,0.05000000000000756,-0.22385818297102758,-0.22385818297101043,
B3c_FIXE_COUPLAGE_LOCAL,3000,11,-1,3813,1,0.05000000000000756,-0.22385818297102758,-0.22385818297101043,
B3c_FIXE_COUPLAGE_LOCAL,4500,0,-1,5299,1,0.05000000000000756,-0.21421230564260066,-0.21421230564257854,
B3c_FIXE_COUPLAGE_LOCAL,4500,1,-1,5236,1,0.05000000000000756,-0.21421230564260066,-0.21421230564257854,
B3c_FIXE_COUPLAGE_LOCAL,4500,2,1,5305,1,0.05000000000000756,-0.21421230564260066,-0.21421230564257854,
B3c_FIXE_COUPLAGE_LOCAL,4500,3,-1,5388,1,0.05000000000000756,-0.21421230564260066,-0.21421230564257854,
B3c_FIXE_COUPLAGE_LOCAL,4500,4,1,5284,1,0.05000000000000756,-0.21421230564260066,-0.21421230564257854,
B3c_FIXE_COUPLAGE_LOCAL,4500,5,-1,5358,1,0.05000000000000756,-0.21421230564260066,-0.21421230564257854,
B3c_FIXE_COUPLAGE_LOCAL,4500,6,-1,5304,1,0.05000000000000756,-0.21421230564260066,-0.21421230564257854,
B3c_FIXE_COUPLAGE_LOCAL,4500,7,-1,5353,1,0.05000000000000756,-0.21421230564260066,-0.21421230564257854,
B3c_FIXE_COUPLAGE_LOCAL,4500,8,-1,5288,1,0.05000000000000756,-0.21421230564260066,-0.21421230564257854,
B3c_FIXE_COUPLAGE_LOCAL,4500,9,-1,5279,1,0.05000000000000756,-0.21421230564260066,-0.21421230564257854,
B3c_FIXE_COUPLAGE_LOCAL,4500,10,1,5301,1,0.05000000000000756,-0.21421230564260066,-0.21421230564257854,
B3c_FIXE_COUPLAGE_LOCAL,4500,11,-1,5302,1,0.05000000000000756,-0.21421230564260066,-0.21421230564257854,
