topology,ba_m,seed,target,target_deg,i_event,t_event,sync_pre,sync_event,sync_post,sync_surge,h_pre,h_post,delta_H,lz_pre,lz_post,delta_LZ
BA_m3_fonctionnel,3,0,peripheral,3,0.3,50,0.994317626919908,0.9966605495573769,0.9892561138791,0.002342922637468936,3.814364639331469,2.670682875355909,-1.14368176397556,0.9859482585625701,1.042421036175655,0.05647277761308489
BA_m3_fonctionnel,3,0,peripheral,3,0.3,150,0.9921171044505847,0.9856264436559443,0.9910610861095173,-0.006490660794640335,2.9460210750448357,3.297895417698484,0.35187434265364814,0.9859482585625706,1.0543799773172495,0.0684317187546789
BA_m3_fonctionnel,3,0,peripheral,3,0.3,300,0.9955292233446408,0.9688689452429349,0.9930263125363714,-0.026660278101705903,2.4979242763881055,3.287838429610203,0.7899141532220972,0.9454207358049445,1.0351127943669032,0.08969205856195872
BA_m3_fonctionnel,3,0,peripheral,3,0.8,50,0.9978004379154731,0.9951141363903302,0.9969787212916655,-0.002686301525142931,2.33464176143506,3.5307427092640427,1.1961009478289828,0.9381124939961922,1.002557899037007,0.06444540504081475
BA_m3_fonctionnel,3,0,peripheral,3,0.8,150,0.9967822592876721,0.9922207433410153,0.9934765923345388,-0.004561515946656769,2.4354275943554855,3.716603711290472,1.2811761169349865,0.954057748851652,1.007208598369849,0.05315084951819715
BA_m3_fonctionnel,3,0,peripheral,3,0.8,300,0.9976975326639851,0.97986105922471,0.9936978784439103,-0.01783647343927508,2.6016647252615908,3.744760206385426,1.1430954811238352,0.9540577488516516,1.0165099970355338,0.062452248183882175
BA_m3_fonctionnel,3,0,peripheral,3,1.5,50,0.9973053821537479,0.992217017307523,0.9962429626782066,-0.00508836484622488,2.1966625988219195,3.528196776079969,1.3315341772580496,0.943427578948012,1.0138524545596241,0.07042487561161215
BA_m3_fonctionnel,3,0,peripheral,3,1.5,150,0.9976755218295387,0.9905697302090976,0.9971081714962,-0.007105791620441115,2.3443323220856165,3.3688933229841065,1.02456100089849,0.9374481083772149,0.9899345722764348,0.05248646389921985
BA_m3_fonctionnel,3,0,peripheral,3,1.5,300,0.9977395402061496,0.9839082686675361,0.995942190439716,-0.013831271538613521,2.239327852980638,3.1483603188536593,0.9090324658730213,0.9308042521874401,0.9706673893260888,0.03986313713864864
BA_m3_fonctionnel,3,0,peripheral,3,3.0,50,0.997696606979999,0.9885389021864912,0.9977257433408538,-0.009157704793507748,2.130125795162292,3.195064745871729,1.0649389507094371,0.93346179466335,0.966016689993246,0.03255489532989597
BA_m3_fonctionnel,3,0,peripheral,3,3.0,150,0.9968928895032699,0.9933690372951935,0.997124330335467,-0.0035238522080763834,2.21494692749569,3.2579293716820126,1.0429824441863227,0.9460851214239221,0.9806331736107505,0.03454805218682844
BA_m3_fonctionnel,3,0,peripheral,3,3.0,300,0.9973660414207475,0.9751450155339368,0.9964133107461602,-0.02222102588681063,2.1370117773083512,3.5885553330670685,1.4515435557587173,0.93346179466335,1.0012291277990522,0.06776733313570216
BA_m3_fonctionnel,3,0,hub,25,0.3,50,0.9972070351276584,0.9988112447799862,0.998604873173501,0.0016042096523277705,2.0576644610201047,2.215290576689327,0.15762611566922224,0.9334617946633499,0.9454207358049448,0.011958941141594903
BA_m3_fonctionnel,3,0,hub,25,0.3,150,0.9976211922073536,0.9956785100609684,0.9978628658445243,-0.0019426821463851551,2.2372124615779287,2.6897541771588647,0.4525417155809359,0.9354549515202826,0.9487426638998319,0.013287712379549288
BA_m3_fonctionnel,3,0,hub,25,0.3,300,0.997429620633923,0.9858061807079881,0.9979091818891773,-0.011623439925934953,1.9853014569793148,2.5182448830651962,0.5329434260858814,0.9327974090443726,0.9401056508531248,0.007308241808752225
BA_m3_fonctionnel,3,0,hub,25,0.8,50,0.9967208375546965,0.9974099323814614,0.9986219631471132,0.0006890948267648245,1.9132448986100603,2.2821372146908527,0.3688923160807924,0.9341261802823275,0.9347905659013049,0.0006643856189774144
BA_m3_fonctionnel,3,0,hub,25,0.8,150,0.9972050170971964,0.9928187491040673,0.9939752887851833,-0.004386267993129134,2.298074262291024,3.0000183535598985,0.7019440912688744,0.93877687961517,0.983955101705638,0.04517822209046807
BA_m3_fonctionnel,3,0,hub,25,0.8,300,0.9950016633858809,0.9709988908821281,0.9981491981689947,-0.024002772503752823,2.3006160822141664,2.9171585205133908,0.6165424382992244,0.9487426638998316,0.9540577488516518,0.005315084951820204
BA_m3_fonctionnel,3,0,hub,25,1.5,50,0.9957196163011673,0.9887370929595299,0.9982483413321641,-0.006982523341637403,2.203104801068505,2.2255262543276175,0.02242145325911249,0.9420988077100572,0.9407700364721023,-0.0013287712379548289
BA_m3_fonctionnel,3,0,hub,25,1.5,150,0.9970540184812104,0.8093413904069219,0.9964343305052816,-0.18771262807428857,1.9729053724957586,2.678419483601759,0.7055141111060004,0.9301398665684627,0.9620303762793811,0.03189050971091845
BA_m3_fonctionnel,3,0,hub,25,1.5,300,0.9965435623231068,0.8583857997926612,0.9979243121612411,-0.13815776253044565,2.078354423987144,2.822851783037417,0.744497359050273,0.93346179466335,0.9533933632326742,0.01993156856932421
BA_m3_fonctionnel,3,0,hub,25,3.0,50,0.9966752593021679,0.8275439646714389,0.9983139075739429,-0.16913129463072907,2.0360789206813394,2.6261364304129504,0.590057509731611,0.9347905659013049,0.9480782782808543,0.013287712379549399
BA_m3_fonctionnel,3,0,hub,25,3.0,150,0.9965837370668984,0.8880915138069346,0.9979367003780177,-0.10849222325996377,2.17157419124911,3.1693973964633946,0.9978232052142846,0.9321330234253951,0.9527289776136967,0.020595954188301624
BA_m3_fonctionnel,3,0,hub,25,3.0,300,0.9951240848762034,0.9305158815301885,0.9988037026142812,-0.06460820334601491,2.0561601678829633,2.4892971896762095,0.4331370217932462,0.9401056508531248,0.9467495070428994,0.0066438561897745885
BA_m3_fonctionnel,3,1,peripheral,3,0.3,50,0.9950573504331155,0.996800789780864,0.9915091769580374,0.0017434393477484544,3.5340560921800193,2.9601261358842894,-0.5739299562957298,0.9793044023727956,1.058366291031115,0.07906188865831931
BA_m3_fonctionnel,3,1,peripheral,3,0.3,150,0.9972432182161959,0.995059094278642,0.9907426575004098,-0.00218412393755385,2.6092672664159906,4.065783859894617,1.4565165934786268,0.9547221344706288,1.0111949120837143,0.056472777613085445
BA_m3_fonctionnel,3,1,peripheral,3,0.3,300,0.9972783926682377,0.9780860258694613,0.9919283466506699,-0.01919236679877645,2.9172468929141466,3.7312183592606796,0.813971466346533,0.9646879187552908,1.029797709415083,0.06510979065979217
BA_m3_fonctionnel,3,1,peripheral,3,0.8,50,0.996503071721112,0.9952170935959139,0.995343367031722,-0.0012859781251980396,2.258452788114654,3.77154119269392,1.5130884045792659,0.9401056508531247,0.9812975592297282,0.04119190837660347
BA_m3_fonctionnel,3,1,peripheral,3,0.8,150,0.9978745682046869,0.9904757290023775,0.995290911202335,-0.007398839202309437,2.3017260391816823,3.875607827866445,1.573881788684763,0.9394412652341473,1.011859297702692,0.07241803246854461
BA_m3_fonctionnel,3,1,peripheral,3,0.8,300,0.9985621803096344,0.9877148592114402,0.9980454422270398,-0.010847321098194196,2.096147099342683,3.1267682261573766,1.0306211268146934,0.9407700364721022,0.9494070495188093,0.008637013046707054
BA_m3_fonctionnel,3,1,peripheral,3,1.5,50,0.9967148943247858,0.9937105781731551,0.9976609849415292,-0.0030043161516306593,2.333791757976238,3.387280240753584,1.0534884827773459,0.9394412652341474,0.9733249318019985,0.033883666567851134
BA_m3_fonctionnel,3,1,peripheral,3,1.5,150,0.9980682758864515,0.9918692186704092,0.9960302878993171,-0.006199057216042303,2.076547733723909,2.976324927346416,0.8997771936225072,0.9387768796151699,0.9494070495188095,0.01063016990363963
BA_m3_fonctionnel,3,1,peripheral,3,1.5,300,0.9954782383219859,0.9899336144221926,0.9981240250827867,-0.005544623899793266,2.477004583289472,3.0419930314337607,0.5649884481442888,0.9414344220910794,0.969338618088133,0.027904195997053627
BA_m3_fonctionnel,3,1,peripheral,3,3.0,50,0.9985408044138312,0.9919651683968941,0.9967361885924606,-0.006575636016937114,2.44323249279931,2.5897443966514833,0.1465119038521734,0.9427631933290346,0.9500714351377866,0.007308241808752003
BA_m3_fonctionnel,3,1,peripheral,3,3.0,150,0.9978856839596575,0.9942189546452007,0.9988676501049546,-0.0036667293144567736,2.0687422011403496,2.399849041345119,0.33110684020476944,0.93346179466335,0.9440919645669894,0.010630169903639408
BA_m3_fonctionnel,3,1,peripheral,3,3.0,300,0.9986574879177894,0.9894566836281098,0.9979922269614677,-0.00920080428967962,2.156276574389225,2.86661877405492,0.7103421996656949,0.9314686378064176,0.9533933632326744,0.021924725426256786
BA_m3_fonctionnel,3,1,hub,37,0.3,50,0.998623410671046,0.9953570930871422,0.9971052321850199,-0.0032663175839038328,2.333119261166751,3.5693841054711424,1.2362648443043915,0.9381124939961922,0.9759824742779085,0.03786998028171629
BA_m3_fonctionnel,3,1,hub,37,0.3,150,0.9966048083487654,0.9234067859288935,0.9973688860606809,-0.07319802241987194,2.400665853786603,3.1409504059362723,0.7402845521496695,0.9480782782808543,0.9640235331363141,0.015945254855459723
BA_m3_fonctionnel,3,1,hub,37,0.3,300,0.9984430859120753,0.8598696958974852,0.9979627521325262,-0.13857339001459013,2.2947239980096303,3.3220366875586413,1.027312689549011,0.9454207358049446,0.9660166899932462,0.020595954188301624
BA_m3_fonctionnel,3,1,hub,37,0.8,50,0.9980093815367054,0.9444974490766133,0.9984493234184504,-0.053511932460092115,2.185635373615329,2.897402149889359,0.7117667762740303,0.93346179466335,0.9467495070428993,0.013287712379549288
BA_m3_fonctionnel,3,1,hub,37,0.8,150,0.9985814176666653,0.9266726540524501,0.9976992486731338,-0.07190876361421517,2.401349873771338,2.4106564423902035,0.009306568618865363,0.9374481083772147,0.9480782782808543,0.01063016990363963
BA_m3_fonctionnel,3,1,hub,37,0.8,300,0.998475764821395,0.8469144622617042,0.999116599077431,-0.1515613025596908,2.1803165207756336,2.1331232798624624,-0.04719324091317123,0.9327974090443725,0.9381124939961921,0.005315084951819649
BA_m3_fonctionnel,3,1,hub,37,1.5,50,0.9983774858812421,0.9175091731080073,0.9989950448237116,-0.08086831277323481,2.159831930647759,2.1590620818334165,-0.0007698488143423887,0.93346179466335,0.9361193371392599,0.00265754247590988
BA_m3_fonctionnel,3,1,hub,37,1.5,150,0.9982224052412435,0.9584193357900493,0.9989262234086952,-0.03980306945119416,1.8543127951237572,2.149855310120199,0.2955425149964417,0.9301398665684627,0.9347905659013049,0.004650699332842234
BA_m3_fonctionnel,3,1,hub,37,1.5,300,0.9976958649156403,0.9734858710071211,0.9985437264049618,-0.02420999390851919,2.1154579468711603,1.7240177013653657,-0.3914402455057946,0.9374481083772147,0.93346179466335,-0.003986313713864709
BA_m3_fonctionnel,3,1,hub,37,3.0,50,0.9979528969687699,0.925750485019635,0.9984989549430819,-0.0722024119491349,1.9920181290118566,1.8121938139487814,-0.17982431506307517,0.9374481083772149,0.9327974090443726,-0.004650699332842345
BA_m3_fonctionnel,3,1,hub,37,3.0,150,0.9958788255040675,0.9681859145639605,0.9989243155015045,-0.027692910940106952,1.9435516049062722,1.7617761766467184,-0.18177542825955384,0.9401056508531247,0.9374481083772149,-0.0026575424759097688
BA_m3_fonctionnel,3,1,hub,37,3.0,300,0.9978024038178616,0.9807549428762671,0.9989515558424134,-0.017047460941594483,1.8956400027853022,1.3609127123964002,-0.534727290388902,0.9301398665684627,0.9301398665684627,0.0
BA_m3_fonctionnel,3,2,peripheral,3,0.3,50,0.9930958448239345,0.9971965575756625,0.9894312242824878,0.004100712751727964,3.7526899780149097,2.615493196482872,-1.1371967815320376,0.9866126441815478,1.0317908662720152,0.0451782220904674
BA_m3_fonctionnel,3,2,peripheral,3,0.3,150,0.9960126957716631,0.9762901366918614,0.9798550927378609,-0.019722559079801694,3.4493292723210947,2.5978785343781006,-0.8514507379429941,0.9839551017056377,1.086934872647146,0.10297977094150823
BA_m3_fonctionnel,3,2,peripheral,3,0.3,300,0.99113149576342,0.8271245818294158,0.9862046180207198,-0.16400691393400413,3.177449549888987,2.998768034621027,-0.17868151526795994,0.9806331736107505,1.0816197876953262,0.10098661408457565
BA_m3_fonctionnel,3,2,peripheral,3,0.8,50,0.9940169288925222,0.9376130283519037,0.991775907534706,-0.0564039005406185,2.913862566004362,3.3776473093867856,0.4637847433824236,0.9580440625655164,1.0424210361756552,0.08437697361013874
BA_m3_fonctionnel,3,2,peripheral,3,0.8,150,0.9980407895175857,0.9390398872456461,0.9971391358507634,-0.05900090227193955,2.556462203087851,3.6655392052859295,1.1090770021980783,0.944756350185967,1.0118592977026917,0.06710294751672463
BA_m3_fonctionnel,3,2,peripheral,3,0.8,300,0.998062063316832,0.874820525378864,0.9974639697859733,-0.123241537937968,2.148360062310871,3.049088897776296,0.9007288354654253,0.9374481083772147,0.9633591475173365,0.025911039140121828
BA_m3_fonctionnel,3,2,peripheral,3,1.5,50,0.9974999756297571,0.9376405645613686,0.9989827130871267,-0.059859411068388546,2.257128826329175,2.4381378902929876,0.18100906396381244,0.93346179466335,0.9500714351377867,0.016609640474436693
BA_m3_fonctionnel,3,2,peripheral,3,1.5,150,0.998019715379219,0.9574018013196077,0.9985055221723133,-0.04061791405961124,2.2758293109534007,2.89190362489114,0.6160743139377391,0.9414344220910797,0.9427631933290347,0.00132877123795494
BA_m3_fonctionnel,3,2,peripheral,3,1.5,300,0.9976852611631007,0.9700874994816029,0.9986264902320932,-0.027597761681497857,2.2336937689515164,2.436230005825377,0.2025362368738608,0.9394412652341471,0.9434275789480121,0.003986313713865042
BA_m3_fonctionnel,3,2,peripheral,3,3.0,50,0.9985451108128236,0.9370341557291683,0.9992319082807001,-0.06151095508365534,2.22250612233845,2.2999126413958972,0.07740651905744711,0.9381124939961922,0.946085121423922,0.00797262742772975
BA_m3_fonctionnel,3,2,peripheral,3,3.0,150,0.9985948724403115,0.9742946364870501,0.9989012698156872,-0.024300235953261473,2.1488471635022606,2.5773875885122894,0.42854042501002887,0.9347905659013049,0.9500714351377867,0.015280869236481753
BA_m3_fonctionnel,3,2,peripheral,3,3.0,300,0.9982412673021279,0.9785735160940682,0.9985991969357542,-0.019667751208059747,1.895392213503148,1.886128527195624,-0.009263686307523944,0.9341261802823275,0.9387768796151696,0.004650699332842123
BA_m3_fonctionnel,3,2,hub,40,0.3,50,0.9977550412424193,0.9924104706915096,0.9989686271955002,-0.005344570550909755,2.129867955015417,2.4211591765820972,0.2912912215666803,0.9414344220910796,0.9427631933290347,0.001328771237955051
BA_m3_fonctionnel,3,2,hub,40,0.3,150,0.9985725639463184,0.9106205057942122,0.994822125981154,-0.08795205815210627,2.1726589540001013,2.8627994258641056,0.6901404718640043,0.9301398665684627,0.9680098468501785,0.03786998028171584
BA_m3_fonctionnel,3,2,hub,40,0.3,300,0.9982725093908398,0.8531859099521683,0.9972258898794261,-0.14508659943867153,2.1725645770138797,2.51835107406149,0.3457864970476101,0.9420988077100573,0.9527289776136967,0.010630169903639408
BA_m3_fonctionnel,3,2,hub,40,0.8,50,0.9984989842138059,0.9355983792061954,0.9976084053420071,-0.06290060500761052,1.9230751262808155,2.5546658727119467,0.6315907464311312,0.9347905659013049,0.9607016050414263,0.025911039140121384
BA_m3_fonctionnel,3,2,hub,40,0.8,150,0.9984726728831355,0.941130839043836,0.9988819818684347,-0.05734183383929947,1.976468464845641,2.0792792404097584,0.10281077556411744,0.9367837227582373,0.9420988077100573,0.005315084951819982
BA_m3_fonctionnel,3,2,hub,40,0.8,300,0.998544709616478,0.8422667294829073,0.9986937328056247,-0.15627798013357075,2.1100019646156554,2.7027479231342224,0.592745958518567,0.93346179466335,0.9454207358049446,0.01195894114159457
BA_m3_fonctionnel,3,2,hub,40,1.5,50,0.9982396501360341,0.9243723277542512,0.9983007772707411,-0.07386732238178295,2.4427235025048692,2.4468980657758763,0.00417456327100707,0.9527289776136969,0.9480782782808547,-0.004650699332842234
BA_m3_fonctionnel,3,2,hub,40,1.5,150,0.9983186591156782,0.9542275665913218,0.9972245437944004,-0.04409109252435639,1.894131106177451,1.9065450220018514,0.012413915824400323,0.9301398665684627,0.9440919645669897,0.013952097998527035
BA_m3_fonctionnel,3,2,hub,40,1.5,300,0.9968977978378956,0.968338081237264,0.9981850984753128,-0.028559716600631613,2.133337175506194,2.062128296151436,-0.07120887935475828,0.9401056508531247,0.9401056508531247,0.0
BA_m3_fonctionnel,3,2,hub,40,3.0,50,0.9977420027460046,0.8611449545793011,0.9977296627440196,-0.13659704816670348,1.9478816617773218,1.9254576796631009,-0.02242398211422092,0.9301398665684627,0.9414344220910799,0.011294555522617156
BA_m3_fonctionnel,3,2,hub,40,3.0,150,0.996772480094341,0.9615260591709438,0.9982569564409723,-0.03524642092339725,1.7242115682753076,1.2902612835666467,-0.4339502847086609,0.9301398665684627,0.9327974090443726,0.00265754247590988
BA_m3_fonctionnel,3,2,hub,40,3.0,300,0.99629098794899,0.9764676067033567,0.9980653817342532,-0.01982338124563321,1.7564616642025808,1.2769542951229798,-0.479507369079601,0.9301398665684627,0.9301398665684627,0.0
BA_m3_fonctionnel,3,3,peripheral,3,0.3,50,0.9961200795178531,0.9980328003056005,0.9908732443970782,0.0019127207877474017,3.2417788591238486,2.9750238478320985,-0.26675501129175005,0.9626947618983587,1.021825081987354,0.059130320088995325
BA_m3_fonctionnel,3,3,peripheral,3,0.3,150,0.9980600385939913,0.9833777772093434,0.9945501966118214,-0.014682261384647899,2.2629175821570104,3.89850305410698,1.6355854719499696,0.9374481083772149,0.9965784284662095,0.05913032008899455
BA_m3_fonctionnel,3,3,peripheral,3,0.3,300,0.9964250752497822,0.985122860821456,0.9912843834837454,-0.01130221442832624,2.21388258220661,3.9958216937418642,1.7819391115352543,0.9520645919947193,1.004551055893939,0.05248646389921974
BA_m3_fonctionnel,3,3,peripheral,3,0.8,50,0.9977043076026891,0.9951189049808442,0.9962972806259467,-0.0025854026218449233,2.0944657519937944,3.557240780858711,1.4627750288649168,0.9407700364721022,0.9892701866574576,0.04850015018535536
BA_m3_fonctionnel,3,3,peripheral,3,0.8,150,0.9982790014578952,0.9953290947868597,0.999019368713103,-0.0029499066710354516,1.8228082973192223,2.5204927023256505,0.6976844050064281,0.9341261802823274,0.9427631933290348,0.008637013046707387
BA_m3_fonctionnel,3,3,peripheral,3,0.8,300,0.9985151750231147,0.9850308487361045,0.9978090604245442,-0.01348432628701024,2.149933128511196,3.32182509931023,1.171891970799034,0.9374481083772149,0.9474138926618769,0.009965784284661994
BA_m3_fonctionnel,3,3,peripheral,3,1.5,50,0.9986574627434845,0.9972082681122849,0.9979628304310418,-0.001449194631199635,1.9471287479311548,2.7515315867639196,0.8044028388327649,0.9301398665684627,0.9454207358049446,0.015280869236481864
BA_m3_fonctionnel,3,3,peripheral,3,1.5,150,0.9987329518319024,0.9938637345683585,0.999217891207208,-0.004869217263543835,1.8957759235658345,2.377549344827272,0.48177342126143774,0.9314686378064176,0.93346179466335,0.0019931568569323543
BA_m3_fonctionnel,3,3,peripheral,3,1.5,300,0.9985084613619347,0.9937408941923825,0.9989739482922022,-0.004767567169552178,1.9308416479673607,2.405773012337043,0.4749313643696822,0.9427631933290346,0.9420988077100572,-0.0006643856189774144
BA_m3_fonctionnel,3,3,peripheral,3,3.0,50,0.997203043706882,0.9910233530303749,0.9982841505610986,-0.0061796906765070325,2.143633038446586,2.6807436887523357,0.5371106503057499,0.9401056508531247,0.9500714351377869,0.009965784284662216
BA_m3_fonctionnel,3,3,peripheral,3,3.0,150,0.9981985777559923,0.9935059563710333,0.9990719009354727,-0.0046926213849589615,1.807224999712921,2.458122788953271,0.65089778924035,0.9347905659013049,0.940770036472102,0.005979470570797063
BA_m3_fonctionnel,3,3,peripheral,3,3.0,300,0.9973705419677276,0.9868454565323861,0.998946164150839,-0.010525085435341475,2.3088071235406455,3.119935614623687,0.8111284910830414,0.9381124939961922,0.9533933632326743,0.015280869236482086
BA_m3_fonctionnel,3,3,hub,33,0.3,50,0.9981871841723563,0.9950215066326868,0.9972498048251482,-0.0031656775396694536,1.9212673738246193,2.723460387621191,0.8021930137965716,0.9367837227582375,0.9560509057085842,0.019267182950346684
BA_m3_fonctionnel,3,3,hub,33,0.3,150,0.9982783537298824,0.9058276294027626,0.9987900216370995,-0.09245072432711976,1.67485978951228,2.6653353677166427,0.9904755782043626,0.9301398665684627,0.9480782782808547,0.017938411712391966
BA_m3_fonctionnel,3,3,hub,33,0.3,300,0.9980886248223861,0.8501333659690307,0.9970155306832819,-0.14795525885335548,2.353471059784752,3.463260872147557,1.1097898123628047,0.9454207358049446,0.9779756311348404,0.03255489532989586
BA_m3_fonctionnel,3,3,hub,33,0.8,50,0.9986702991453327,0.9528851656752195,0.9969535154847398,-0.04578513347011315,1.863139935513778,3.3919330232472014,1.5287930877334233,0.9301398665684627,0.9700030037071103,0.03986313713864764
BA_m3_fonctionnel,3,3,hub,33,0.8,150,0.9972500649565599,0.930757997551318,0.9987987083404457,-0.06649206740524183,2.073520240269573,2.2678506433708248,0.19433040310125183,0.9407700364721022,0.9347905659013049,-0.005979470570797285
BA_m3_fonctionnel,3,3,hub,33,0.8,300,0.9979929243053428,0.8605748791652823,0.9967715623057729,-0.1374180451400605,1.8409764173370349,2.9011496156919905,1.0601731983549556,0.9401056508531247,0.9613659906604038,0.02126033980727915
BA_m3_fonctionnel,3,3,hub,33,1.5,50,0.9980814854105208,0.9181987232383687,0.9962232879449988,-0.07988276217215207,2.188165900336916,3.280605003356496,1.0924391030195801,0.9308042521874401,0.9733249318019985,0.04252067961455841
BA_m3_fonctionnel,3,3,hub,33,1.5,150,0.9970394059939953,0.9627567477535938,0.9945121096836018,-0.03428265824040155,2.040053064492483,3.0486286040884716,1.0085755395959888,0.9414344220910796,0.9939208859902999,0.05248646389922029
BA_m3_fonctionnel,3,3,hub,33,1.5,300,0.9972613945329413,0.9676088919245438,0.9983781067195562,-0.02965250260839747,2.083733877783065,3.284082236130092,1.2003483583470271,0.9367837227582375,0.9640235331363135,0.02723981037807599
BA_m3_fonctionnel,3,3,hub,33,3.0,50,0.9979410984744574,0.9207477302206004,0.9984782506552188,-0.07719336825385703,1.8790716099629923,2.7674842887390523,0.88841267877606,0.9347905659013048,0.952064591994719,0.01727402609341422
BA_m3_fonctionnel,3,3,hub,33,3.0,150,0.9971916127694617,0.9729979929765138,0.9986196860818466,-0.024193619792947874,2.2457610874619163,3.265061010049601,1.0192999225876846,0.9420988077100572,0.9434275789480122,0.001328771237955051
BA_m3_fonctionnel,3,3,hub,33,3.0,300,0.9986751358434246,0.977179206281813,0.9982603169242726,-0.021495929561611615,1.8513520222361581,2.44804129404598,0.5966892718098218,0.9341261802823275,0.9547221344706291,0.020595954188301624
BA_m3_fonctionnel,3,4,peripheral,3,0.3,50,0.9944199616404257,0.9975620231407628,0.9925287890628538,0.0031420615003371344,3.3224107893276176,2.8849987188758623,-0.43741207045175523,0.9693386180881339,1.033784023128948,0.06444540504081397
BA_m3_fonctionnel,3,4,peripheral,3,0.3,150,0.9918687111531059,0.9819880875845071,0.9916073128159932,-0.009880623568598867,2.2722197441691394,3.3648879379163277,1.0926681937471883,0.9547221344706291,1.0264757813201963,0.0717536468495672
BA_m3_fonctionnel,3,4,peripheral,3,0.3,300,0.995199717026013,0.8171147093164192,0.9911190051197971,-0.1780850077095938,2.4821663210540823,3.258333142834453,0.7761668217803708,0.9507358207567644,1.0218250819873536,0.07108926123058912
BA_m3_fonctionnel,3,4,peripheral,3,0.8,50,0.9970597933996006,0.916174540481773,0.9955326925839855,-0.08088525291782755,1.9656617269175278,3.328321729137156,1.362660002219628,0.9414344220910797,0.9759824742779084,0.03454805218682866
BA_m3_fonctionnel,3,4,peripheral,3,0.8,150,0.9959130602707997,0.9349765834113486,0.9971813011604082,-0.06093647685945114,2.3982911401645612,3.7339737603910486,1.3356826202264873,0.9454207358049446,0.9892701866574575,0.043849450852512906
BA_m3_fonctionnel,3,4,peripheral,3,0.8,300,0.9949789856781969,0.8785555676841804,0.9930697382230564,-0.11642341799401645,2.5053777682222513,3.5313060497742486,1.0259282815519972,0.9527289776136968,1.0297977094150832,0.0770687318013864
BA_m3_fonctionnel,3,4,peripheral,3,1.5,50,0.9977441715525054,0.9117629127895237,0.9969267943630002,-0.08598125876298168,2.004944803157732,3.7612181873144883,1.7562733841567564,0.9374481083772147,0.9905989578954123,0.053150849518197596
BA_m3_fonctionnel,3,4,peripheral,3,1.5,150,0.996048040844753,0.9542493434919923,0.9969064443067601,-0.04179869735276065,1.968918984748837,3.480041175303019,1.511122190554182,0.9394412652341473,0.9733249318019985,0.033883666567851245
BA_m3_fonctionnel,3,4,peripheral,3,1.5,300,0.9966460301100455,0.9679421773191296,0.9949368423198981,-0.028703852790915918,2.334163654984329,3.94868530825679,1.6145216532724609,0.9341261802823274,1.0105305264647364,0.07640434618240899
BA_m3_fonctionnel,3,4,peripheral,3,3.0,50,0.9974955420340273,0.9285977098329958,0.9981806896726584,-0.06889783220103152,2.5668572820147637,3.7006603195526373,1.1338030375378736,0.9467495070428995,0.9547221344706293,0.00797262742772975
BA_m3_fonctionnel,3,4,peripheral,3,3.0,150,0.9983217958026135,0.9686880492954781,0.9960797555310994,-0.02963374650713535,2.013892040011282,3.50041326102964,1.486521221018358,0.93877687961517,0.9852838729435927,0.046506993328422674
BA_m3_fonctionnel,3,4,peripheral,3,3.0,300,0.9982818118087914,0.9719902016075963,0.9988915015002922,-0.02629161020119508,1.9303711392341396,2.936793316169209,1.0064221769350692,0.9327974090443726,0.9620303762793811,0.029232967235008567
BA_m3_fonctionnel,3,4,hub,30,0.3,50,0.9981382623009869,0.9980222595386649,0.99921475208079,-0.00011600276232204276,1.9146870336189745,1.7182087359249016,-0.19647829769407288,0.9374481083772149,0.9321330234253951,-0.005315084951819871
BA_m3_fonctionnel,3,4,hub,30,0.3,150,0.997282933668884,0.9941353455830837,0.9990107688355567,-0.0031475880858002903,1.9211732372504913,1.9379375444923066,0.016764307241815324,0.9354549515202824,0.9407700364721023,0.005315084951819982
BA_m3_fonctionnel,3,4,hub,30,0.3,300,0.9979967717749875,0.9938614957783859,0.9968705363276519,-0.004135275996601573,1.754341311252743,2.591132193721423,0.8367908824686798,0.9301398665684627,0.9527289776136969,0.0225891110452342
BA_m3_fonctionnel,3,4,hub,30,0.8,50,0.9978878417275316,0.9946770796051754,0.9969042774097291,-0.00321076212235627,1.9144600477742235,2.6190274708063046,0.7045674230320811,0.93346179466335,0.9626947618983589,0.0292329672350089
BA_m3_fonctionnel,3,4,hub,30,0.8,150,0.9978573258523773,0.9947990769737919,0.9964168803875552,-0.0030582488785854123,1.8299620065732876,2.372438651566772,0.5424766449934844,0.9361193371392599,0.9494070495188096,0.013287712379549732
BA_m3_fonctionnel,3,4,hub,30,0.8,300,0.9974594242543231,0.9906078661644252,0.9983149517508291,-0.006851558089897902,1.9269127434469904,2.580429445846888,0.6535167023998976,0.9347905659013049,0.9520645919947193,0.01727402609341433
BA_m3_fonctionnel,3,4,hub,30,1.5,50,0.9973379922714161,0.9913872066179821,0.9989448976849001,-0.005950785653433988,2.077730452617249,2.0316867242842287,-0.04604372833302017,0.9354549515202826,0.9454207358049446,0.009965784284661994
BA_m3_fonctionnel,3,4,hub,30,1.5,150,0.9968056667400887,0.9906135745160356,0.9973180405744055,-0.006192092224053147,1.7522087795533254,1.382626400847062,-0.36958237870626354,0.9301398665684627,0.9341261802823275,0.00398631371386482
BA_m3_fonctionnel,3,4,hub,30,1.5,300,0.9976820480295423,0.9914122356446539,0.9975642471691726,-0.00626981238488844,1.9378287475225286,2.34868900747627,0.4108602599537414,0.9374481083772149,0.9553865200896067,0.017938411712391744
BA_m3_fonctionnel,3,4,hub,30,3.0,50,0.9970910608523265,0.9871384921080966,0.9983690000216855,-0.009952568744229895,1.8523504089185665,1.9635826017832516,0.11123219286468511,0.9354549515202826,0.9381124939961925,0.00265754247590988
BA_m3_fonctionnel,3,4,hub,30,3.0,150,0.9969757343963277,0.9849586107647752,0.9955557425541706,-0.012017123631552495,1.7428086866549783,2.5839329476817317,0.8411242610267533,0.9301398665684627,0.9613659906604041,0.031226124091941365
BA_m3_fonctionnel,3,4,hub,30,3.0,300,0.9961690000451213,0.9868978542244748,0.9981217754607712,-0.009271145820646476,1.9753379862629061,3.186449588656627,1.211111602393721,0.9401056508531245,0.9573796769465391,0.017274026093414663
BA_m5_dead_zone,5,0,peripheral,5,0.3,50,0.9913482604891074,0.9956744456456612,0.9816825906616701,0.004326185156553808,2.7150230194958813,2.3810580862583173,-0.33396493323756404,1.0158456114165568,1.0291333237961058,0.013287712379548955
BA_m5_dead_zone,5,0,peripheral,5,0.3,150,0.9912718493355545,0.9713804093205339,0.9783664752458042,-0.019891440015020523,2.800670390228448,2.284846761994394,-0.5158236282340538,1.031790866272016,1.0291333237961053,-0.002657542475910768
BA_m5_dead_zone,5,0,peripheral,5,0.3,300,0.9883421453956893,0.8787125503731406,0.9815285962919347,-0.10962959502254876,2.7721741683595447,2.2355956692290184,-0.5365784991305262,1.0949075000748751,1.011194912083714,-0.0837125879911611
BA_m5_dead_zone,5,0,peripheral,5,0.8,50,0.9793705802236395,0.9829597295758792,0.9868930308438981,0.00358914935223964,2.5809572991752265,2.2894651967913644,-0.29149210238386214,1.053051206079295,1.0523868204603175,-0.0006643856189774144
BA_m5_dead_zone,5,0,peripheral,5,0.8,150,0.9819501643153289,0.9590180749126972,0.9847147871357524,-0.022932089402631695,2.554110286427842,2.5028028152958344,-0.05130747113200762,1.05969506226907,1.0656745328398662,0.005979470570796286
BA_m5_dead_zone,5,0,peripheral,5,0.8,300,0.9811777344839976,0.7944072655086586,0.9810623173635865,-0.186770468975339,2.61586735857375,2.3358634419472426,-0.28000391662650737,1.0490648923654302,1.0517224348413396,0.0026575424759094357
BA_m5_dead_zone,5,0,peripheral,5,1.5,50,0.9936941287742443,0.9898421848089065,0.9817601960151104,-0.003851943965337834,2.923012940081877,2.3308937862631103,-0.5921191538187669,1.0351127943669032,1.0251470100822409,-0.009965784284662327
BA_m5_dead_zone,5,0,peripheral,5,1.5,150,0.990039434948541,0.9685463295274418,0.9829563032219439,-0.021493105421099168,2.7751205973625734,2.3578799125607093,-0.41724068480186416,1.0444141930325879,1.0351127943669032,-0.00930139866568469
BA_m5_dead_zone,5,0,peripheral,5,1.5,300,0.9714630694993969,0.9292796628539329,0.9767683878910751,-0.04218340664546394,2.3829806992866867,2.307237452199192,-0.07574324708749458,1.0457429642705423,1.0949075000748756,0.04916453580433333
BA_m5_dead_zone,5,0,peripheral,5,3.0,50,0.9908072765116743,0.981478550684143,0.9848486065764005,-0.009328725827531303,2.8227137236140076,2.4256294944854138,-0.39708422912859387,1.0444141930325879,1.0470717355084975,0.0026575424759096578
BA_m5_dead_zone,5,0,peripheral,5,3.0,150,0.9756047664788051,0.9422144866401645,0.9823163930514653,-0.033390279838640624,2.5816513303486475,2.504110989930541,-0.07754034041810653,1.0550443629362276,1.021160696368376,-0.03388366656785169
BA_m5_dead_zone,5,0,peripheral,5,3.0,300,0.9950268517661833,0.9279288063997836,0.9828451122227814,-0.06709804536639974,2.8631675924513322,2.424960872119328,-0.43820672033200436,1.0623526047449794,1.0789622452194159,0.01660964047443647
BA_m5_dead_zone,5,0,hub,39,0.3,50,0.9891501096862694,0.9960198565627306,0.9829234634918421,0.006869746876461247,2.728658543061034,2.433207576928777,-0.2954509661322571,1.0145168401786018,1.071654003410664,0.057137163232062305
BA_m5_dead_zone,5,0,hub,39,0.3,150,0.9762427694462679,0.9441593309060903,0.9728986530615331,-0.03208343854017759,2.4122945145044645,2.213634379449348,-0.1986601350551167,1.0869348726471455,1.029133323796106,-0.0578015488510395
BA_m5_dead_zone,5,0,hub,39,0.3,300,0.98289039056565,0.8724213507776889,0.9828143919835541,-0.11046903978796108,2.5214455959067417,2.451533146155963,-0.06991244975077882,1.026475781320196,1.068996460934754,0.04252067961455808
BA_m5_dead_zone,5,0,hub,39,0.8,50,0.9948002514855216,0.9854025619682234,0.9801847321873995,-0.009397689517298247,2.9112427762096122,2.537583597498891,-0.3736591787107213,1.0072085983698493,1.0045510558939394,-0.00265754247590988
BA_m5_dead_zone,5,0,hub,39,0.8,150,0.9721620424073423,0.8331800055819019,0.9815542033006541,-0.1389820368254404,2.440341078563169,2.2229962475031586,-0.21734483106001035,1.1341062515945461,1.047071735508497,-0.08703451608604906
BA_m5_dead_zone,5,0,hub,39,0.8,300,0.9636162989413396,0.7866825571586336,0.9815463102521678,-0.17693374178270604,2.5025776058802096,2.13951829896191,-0.36305930691829946,1.0869348726471453,1.05437997731725,-0.032554895329895306
BA_m5_dead_zone,5,0,hub,39,1.5,50,0.9843564368987977,0.8219591946457386,0.9798594938858564,-0.16239724225305907,2.7544418008641465,2.3803747374152064,-0.37406706344894003,1.040427879318723,1.0138524545596241,-0.026575424759098798
BA_m5_dead_zone,5,0,hub,39,1.5,150,0.9851068006361144,0.8949605613007491,0.9779619209682899,-0.09014623933536536,2.672090619181193,2.3115143653841104,-0.36057625379708247,1.0098661408457592,1.1234760816909066,0.11360994084514742
BA_m5_dead_zone,5,0,hub,39,1.5,300,0.9955514120662696,0.9170507624806683,0.9854139921189069,-0.07850064958560132,2.9631758794263794,2.5395198305942057,-0.42365604883217367,1.022489467606331,1.0244826244632637,0.0019931568569326874
BA_m5_dead_zone,5,0,hub,39,3.0,50,0.9912506043981459,0.910942273430087,0.9857190513440637,-0.0803083309680589,3.387824969078101,2.630760930740671,-0.7570640383374299,1.017174382654511,1.0510580492223627,0.03388366656785169
BA_m5_dead_zone,5,0,hub,39,3.0,150,0.9948026552688469,0.9336237798116844,0.9822114934825248,-0.061178875457162496,2.917937938725431,2.5284206311037023,-0.38951730762172865,0.971331774945066,0.9925921147523445,0.021260339807278594
BA_m5_dead_zone,5,0,hub,39,3.0,300,0.9949520305598699,0.9291167064907555,0.9820762944143191,-0.06583532406911441,2.6454305391611923,2.355212144678344,-0.2902183944828485,1.018503153892467,1.0218250819873536,0.003321928094886628
BA_m5_dead_zone,5,1,peripheral,5,0.3,50,0.9937428394102124,0.9974101703482545,0.9785707270513642,0.003667330938042168,2.784214671446424,2.3622775813816985,-0.4219370900647257,1.0397634936997455,1.0185031538924663,-0.02126033980727926
BA_m5_dead_zone,5,1,peripheral,5,0.3,150,0.9803349707826351,0.9419378288481103,0.9776709865135236,-0.038397141934524814,2.667718564809423,2.313816836625551,-0.3539017281838719,1.0583662910311151,1.0643457616019119,0.00597947057079673
BA_m5_dead_zone,5,1,peripheral,5,0.3,300,0.9944562651340142,0.9201840412880791,0.9813774989649402,-0.07427222384593513,3.085151659202027,2.2335158794942385,-0.8516357797077885,1.009866140845759,0.993256500371323,-0.016609640474436027
BA_m5_dead_zone,5,1,peripheral,5,0.8,50,0.9875247501542089,0.9889808543883968,0.9808626507893274,0.0014561042341878494,2.587484978708646,2.412980821633802,-0.174504157074844,1.0311264806530382,1.0510580492223622,0.019931568569323987
BA_m5_dead_zone,5,1,peripheral,5,0.8,150,0.9943331496505395,0.9793119430001817,0.9822587258243499,-0.015021206650357888,2.9308382355550378,2.285760885360175,-0.6450773501948626,1.0224894676063314,1.078297859600439,0.055808391994107476
BA_m5_dead_zone,5,1,peripheral,5,0.8,300,0.9792900382343189,0.8971831021428895,0.9856319538902151,-0.08210693609142938,2.6043804378639304,2.2640995672599153,-0.340280870604015,1.0610238335070243,1.0131880689406467,-0.047835764566377614
BA_m5_dead_zone,5,1,peripheral,5,1.5,50,0.9841323935571725,0.9934073674347931,0.9834103095831334,0.009274973877620551,3.0268371729750103,2.4766175409164966,-0.5502196320585138,1.0231538532253086,1.05172243484134,0.028568581616031485
BA_m5_dead_zone,5,1,peripheral,5,1.5,150,0.9751055369706265,0.9453230259880014,0.978029595818683,-0.029782510982625077,2.400882999513191,2.3349866435904527,-0.06589635592273835,1.1314487091186358,1.018503153892467,-0.11294555522616889
BA_m5_dead_zone,5,1,peripheral,5,1.5,300,0.988656833633163,0.9278813570590653,0.9863539095617926,-0.060775476574097764,2.880958521538903,2.4402613100250803,-0.4406972115138226,1.0178387682734893,1.0271401669391738,0.009301398665684468
BA_m5_dead_zone,5,1,peripheral,5,3.0,50,0.9760208112585461,0.9696191111503244,0.9835365531063613,-0.0064017001082217195,2.655873555504339,2.315956120881448,-0.33991743462289126,1.092249957598965,1.0151812257975792,-0.07706873180138585
BA_m5_dead_zone,5,1,peripheral,5,3.0,150,0.9921386678040646,0.975193598006952,0.9765594477134836,-0.016945069797112522,2.8535967764841947,2.3917477821533017,-0.461848994330893,1.0497292779844076,1.0650101472208895,0.015280869236481864
BA_m5_dead_zone,5,1,peripheral,5,3.0,300,0.9953682623172064,0.9223843380284189,0.9792290867014514,-0.07298392428878753,2.7005802971447457,2.3127057131587194,-0.38787458398602626,1.0085373696078044,1.0417566505566775,0.033219280948873164
BA_m5_dead_zone,5,1,hub,39,0.3,50,0.9908371787304614,0.9946797357604386,0.9846428698350571,0.003842557029977156,2.7204343790741565,2.4887822034418585,-0.231652175632298,1.0543799773172498,1.091585571979988,0.03720559466273832
BA_m5_dead_zone,5,1,hub,39,0.3,150,0.9868214732302237,0.9595488092749036,0.9787494889259593,-0.02727266395532013,2.74072798292364,2.230173904488327,-0.5105540784353129,1.04640734988952,1.0696608465537316,0.023253496664211504
BA_m5_dead_zone,5,1,hub,39,0.3,300,0.9743432918914194,0.9065779065020388,0.9812653817475319,-0.0677653853893806,2.7427197401300014,2.2156724565648083,-0.5270472835651931,1.026475781320196,1.0125236833216693,-0.013952097998526591
BA_m5_dead_zone,5,1,hub,39,0.8,50,0.9749823289946096,0.9673732702368572,0.9751558530600343,-0.007609058757752418,2.5915781421786646,2.2970702047845326,-0.29450793739413195,1.0377703368428126,1.0238182388442865,-0.013952097998526147
BA_m5_dead_zone,5,1,hub,39,0.8,150,0.9822611905068767,0.9203693813888678,0.9816428629798669,-0.061891809118008845,2.9835089672228015,2.2596189787056447,-0.7238899885171568,0.963359147517336,1.0988938137887403,0.1355346662714043
BA_m5_dead_zone,5,1,hub,39,0.8,300,0.9875101240684325,0.8668488924195348,0.9835429773788729,-0.12066123164889775,2.898155151829904,2.3329624184178672,-0.5651927334120366,1.0477361211274752,1.0743115458865735,0.026575424759098354
BA_m5_dead_zone,5,1,hub,39,1.5,50,0.9877958127846234,0.8281717481254043,0.985220690520822,-0.15962406465921908,2.794778703973282,2.471183628779575,-0.3235950751937069,1.0278045525581512,1.0032222846559848,-0.024582267902166333
BA_m5_dead_zone,5,1,hub,39,1.5,150,0.9910959280706909,0.9130334789671544,0.9835242745788465,-0.07806244910353655,2.7848884496337623,2.398808985789075,-0.38607946384468717,1.0444141930325872,1.087599258266123,0.04318506523353571
BA_m5_dead_zone,5,1,hub,39,1.5,300,0.9827020762619249,0.9201757143320755,0.9840620480836189,-0.0625263619298494,2.633348706294087,2.3935620977797187,-0.23978660851436828,1.0709896177916867,1.0357771799858804,-0.035212437805806296
BA_m5_dead_zone,5,1,hub,39,3.0,50,0.9884516106861124,0.9007868185071854,0.9781043550314303,-0.08766479217892698,3.100898657392113,2.419023756957167,-0.6818749004349463,0.9553865200896067,1.1447364214981859,0.1893499014085792
BA_m5_dead_zone,5,1,hub,39,3.0,150,0.9898878923247701,0.9327251234394313,0.9786025908450352,-0.05716276888533889,2.828121499249863,2.2557172842559394,-0.5724042149939237,1.0570375197931594,1.0424210361756554,-0.014616483617504006
BA_m5_dead_zone,5,1,hub,39,3.0,300,0.9905050469878951,0.9355659009575358,0.986004257959222,-0.05493914603035932,2.9394387531704957,2.477838074119124,-0.4616006790513718,1.033784023128948,1.076969088362484,0.04318506523353616
BA_m5_dead_zone,5,2,peripheral,5,0.3,50,0.9896085036980811,0.9946038435075659,0.9845070961669062,0.0049953398094848556,2.8652077111006866,2.4190649761617573,-0.4461427349389293,1.0231538532253088,1.0397634936997455,0.016609640474436693
BA_m5_dead_zone,5,2,peripheral,5,0.3,150,0.9853851102732106,0.951134654467671,0.9820359879943662,-0.03425045580553965,2.769944495107629,2.368213966833558,-0.40173052827407085,1.0397634936997457,1.0563731341741822,0.01660964047443647
BA_m5_dead_zone,5,2,peripheral,5,0.3,300,0.9893785330157502,0.8963977500090532,0.9802699128708962,-0.09298078300669699,2.818686406782262,2.3752445653097656,-0.44344184147249655,1.1307843234996588,1.0078729839888263,-0.12291133951083255
BA_m5_dead_zone,5,2,peripheral,5,0.8,50,0.9818251243534077,0.9417195010729398,0.9781797417164041,-0.04010562328046796,2.6568060221706347,2.4793936707978896,-0.17741235137274503,1.1068664412164704,1.047071735508498,-0.059794705707972406
BA_m5_dead_zone,5,2,peripheral,5,0.8,150,0.9872501853254424,0.8962664451589835,0.9836678575987997,-0.09098374016645894,2.619841707095828,2.259285642738455,-0.3605560643573731,1.0557087485552048,1.0072085983698493,-0.04850015018535547
BA_m5_dead_zone,5,2,peripheral,5,0.8,300,0.9843360274395513,0.8354630343534679,0.9822800681117878,-0.14887299308608337,2.5791326920617195,2.3244298808988306,-0.25470281116288884,1.0676676896967991,1.0696608465537323,0.0019931568569331315
BA_m5_dead_zone,5,2,peripheral,5,1.5,50,0.99020557414343,0.861847365649534,0.9873815789058132,-0.128358208493896,2.5613330217491117,2.438035797699338,-0.12329722404977383,1.0497292779844076,0.9852838729435927,-0.06444540504081497
BA_m5_dead_zone,5,2,peripheral,5,1.5,150,0.9757127845106865,0.8830079527034066,0.9796601639272229,-0.09270483180727995,2.6056930003312324,2.3723882224681847,-0.2333047778630477,1.1693186894003518,1.039099108080768,-0.13021958131958367
BA_m5_dead_zone,5,2,peripheral,5,1.5,300,0.9949445660656956,0.9333916143965528,0.9835197273932794,-0.061552951669142764,3.051525084584493,2.480224056860985,-0.571301027723508,1.0543799773172495,1.067667689696799,0.013287712379549399
BA_m5_dead_zone,5,2,peripheral,5,3.0,50,0.9839492326026922,0.8452969567137529,0.9793181469684299,-0.13865227588893925,2.7574822620957886,2.2527559845211322,-0.5047262775746564,1.0736471602675963,1.083612944552258,0.00996578428466166
BA_m5_dead_zone,5,2,peripheral,5,3.0,150,0.9753632318924143,0.9290396639072838,0.9728560152509481,-0.04632356798513049,2.5958540564426738,2.184480325194697,-0.4113737312479766,1.1028801275026054,1.0304620950340606,-0.07241803246854484
BA_m5_dead_zone,5,2,peripheral,5,3.0,300,0.9883595108036214,0.9281447562484939,0.9837649437445,-0.06021475455512748,3.118941506332168,2.5701197053984965,-0.5488218009336716,1.0583662910311142,1.0404278793187232,-0.017938411712391078
BA_m5_dead_zone,5,2,hub,44,0.3,50,0.9946907065223634,0.9979323890106601,0.9802577857279361,0.0032416824882967044,2.7972763439258825,2.556212493089914,-0.24106385083596837,1.0696608465537316,1.0364415656048578,-0.03321928094887383
BA_m5_dead_zone,5,2,hub,44,0.3,150,0.9628678745217358,0.9069922385529523,0.9822003342277786,-0.05587563596878353,2.346224777682871,2.2625547817458487,-0.08366999593702218,1.0802910164573714,1.0125236833216693,-0.06776733313570205
BA_m5_dead_zone,5,2,hub,44,0.3,300,0.9959766885883073,0.9602040772905395,0.9797265092889719,-0.035772611297767876,2.8945765235302376,2.3160321785112155,-0.5785443450190222,1.0364415656048578,1.055044362936228,0.01860279733137027
BA_m5_dead_zone,5,2,hub,44,0.8,50,0.9851555399017177,0.9706874274357424,0.9802573287018105,-0.014468112465975236,2.6344013166344937,2.300717374817724,-0.33368394181676964,0.9959140428472321,1.02780455255815,0.031890509710918
BA_m5_dead_zone,5,2,hub,44,0.8,150,0.9860752017742775,0.8554862307910343,0.9810025996402468,-0.1305889709832433,2.6879502165212212,2.4170453506946594,-0.2709048658265618,1.1081952124544252,0.9985715853231423,-0.10962362713128293
BA_m5_dead_zone,5,2,hub,44,0.8,300,0.9886032579558184,0.6729547556423574,0.9813578074602672,-0.315648502313461,2.886135783268216,2.286584508631974,-0.5995512746362421,1.060359447888047,1.0185031538924663,-0.04185629399558066
BA_m5_dead_zone,5,2,hub,44,1.5,50,0.991981631478958,0.8468765395884735,0.98046487543025,-0.14510509189048448,3.047360861605203,2.4506523262492323,-0.5967085353559707,1.0424210361756554,1.065674532839867,0.023253496664211504
BA_m5_dead_zone,5,2,hub,44,1.5,150,0.9818875630446647,0.8995293930567384,0.9841496212334564,-0.08235816998792633,2.8158394732476197,2.410076014029629,-0.4057634592179906,1.0523868204603175,1.006544212750872,-0.04584260770944559
BA_m5_dead_zone,5,2,hub,44,1.5,300,0.9863887018314362,0.9144382677988128,0.98607346475469,-0.07195043403262347,2.6108600217974978,2.40685319772218,-0.2040068240753179,1.0789622452194165,1.0165099970355338,-0.06245224818388273
BA_m5_dead_zone,5,2,hub,44,3.0,50,0.9836540134904465,0.8818890395941306,0.98294471505064,-0.10176497389631589,2.8292200216088412,2.4942974004241325,-0.3349226211847087,0.9626947618983589,1.0158456114165564,0.053150849518197485
BA_m5_dead_zone,5,2,hub,44,3.0,150,0.9725243993257541,0.9352255130406134,0.9845592770402337,-0.037298886285140664,2.6485771619841882,2.3546656848416085,-0.2939114771425797,1.0171743826545114,1.1028801275026054,0.08570574484809401
BA_m5_dead_zone,5,2,hub,44,3.0,300,0.9929905092802054,0.9373042194438967,0.9821925867303924,-0.05568628983630863,2.9662669245205393,2.40361555203634,-0.5626513724841993,1.0510580492223625,1.068332075315777,0.017274026093414552
BA_m5_dead_zone,5,3,peripheral,5,0.3,50,0.9916326052211817,0.9983205854850837,0.9843401530191821,0.006687980263902049,3.0610060012655307,2.4325184559383897,-0.628487545327141,0.9540577488516514,1.0125236833216693,0.05846593447001791
BA_m5_dead_zone,5,3,peripheral,5,0.3,150,0.9739924267803969,0.961505608736633,0.9799807485550944,-0.012486818043763837,2.4987296153092293,2.2674081771088,-0.23132143820042916,1.0344484087479253,1.001229127799052,-0.033219280948873386
BA_m5_dead_zone,5,3,peripheral,5,0.3,300,0.9911981412917409,0.9504698252251834,0.9839289714188644,-0.04072831606655747,2.995087793406687,2.311504580013378,-0.6835832133933089,1.0317908662720159,1.0131880689406467,-0.01860279733136916
BA_m5_dead_zone,5,3,peripheral,5,0.8,50,0.9758005958940343,0.9843739095321672,0.9901247236161886,0.008573313638132851,2.5429277446154557,2.35452883753777,-0.1883989070776857,1.0696608465537323,1.0484005067464524,-0.021260339807279927
BA_m5_dead_zone,5,3,peripheral,5,0.8,150,0.9866111626938399,0.955348069061811,0.9819998790127968,-0.03126309363202884,2.4024008197217985,2.3294037484947414,-0.07299707122705712,1.0105305264647368,1.0683320753157768,0.05780154885103994
BA_m5_dead_zone,5,3,peripheral,5,0.8,300,0.9859156430496588,0.9137084511326217,0.9817025029832562,-0.07220719191703717,2.576775170057643,2.258166044472924,-0.318609125584719,1.099558199407718,1.0158456114165562,-0.08371258799116177
BA_m5_dead_zone,5,3,peripheral,5,1.5,50,0.9848932345821927,0.9803898128712983,0.9853976356526681,-0.004503421710894351,2.716487904737316,2.382765494404004,-0.33372241033331207,1.0098661408457594,1.0596950622690695,0.04982892142331008
BA_m5_dead_zone,5,3,peripheral,5,1.5,150,0.9770251810772391,0.9517900240025716,0.9779276306757441,-0.025235157074667502,2.650525124354949,2.301121031171525,-0.3494040931834239,1.0537155916982723,1.0636813759829338,0.009965784284661439
BA_m5_dead_zone,5,3,peripheral,5,1.5,300,0.9931897967456714,0.9542499050608212,0.9844806628736841,-0.038939891684850236,2.878805246056968,2.4033247115649488,-0.4754805344920192,1.0005647421800747,1.0650101472208895,0.06444540504081475
BA_m5_dead_zone,5,3,peripheral,5,3.0,50,0.9906038984558908,0.9794141340547874,0.9812750804566704,-0.01118976440110342,2.8054917902947167,2.219164881765189,-0.5863269085295277,1.0211606963683764,0.9959140428472325,-0.025246653521143858
BA_m5_dead_zone,5,3,peripheral,5,3.0,150,0.9751847520911312,0.956036395848977,0.9753846467272943,-0.019148356242154163,2.4491806987694833,2.359602467409563,-0.08957823135992049,1.0949075000748756,1.0131880689406467,-0.08171943113422886
BA_m5_dead_zone,5,3,peripheral,5,3.0,300,0.9878848824019909,0.9283156166358997,0.9855104290773821,-0.05956926576609123,3.0240369122674498,2.4600703263793715,-0.5639665858880782,1.063681375982934,1.0251470100822417,-0.03853436590069226
BA_m5_dead_zone,5,3,hub,46,0.3,50,0.98918699964307,0.9921954208539809,0.9820466801837693,0.0030084212109109387,2.6404999218750898,2.2806853516144403,-0.35981457026064945,1.0616882191260018,1.0165099970355342,-0.04517822209046751
BA_m5_dead_zone,5,3,hub,46,0.3,150,0.991838389552429,0.9822719893866435,0.9843650832935129,-0.009566400165785471,2.9026850738940952,2.347014416344644,-0.5556706575494514,1.0377703368428128,1.0165099970355342,-0.021260339807278594
BA_m5_dead_zone,5,3,hub,46,0.3,300,0.9896595494332511,0.8967730892252623,0.9851184075327081,-0.09288646020798874,2.793140702497567,2.488598230343421,-0.3045424721541461,1.1022157418836278,1.0497292779844076,-0.05248646389922018
BA_m5_dead_zone,5,3,hub,46,0.8,50,0.9927227415408713,0.9778676788420966,0.9825110078641504,-0.01485506269877468,2.8690117482992226,2.4588316720077463,-0.41018007629147624,1.0311264806530385,1.0125236833216698,-0.018602797331368714
BA_m5_dead_zone,5,3,hub,46,0.8,150,0.9895562050348061,0.9320438728733385,0.9865490333200397,-0.05751233216146767,2.6239424969364937,2.3493467906110714,-0.2745957063254223,1.0636813759829347,1.0145168401786016,-0.04916453580433311
BA_m5_dead_zone,5,3,hub,46,0.8,300,0.9834279706800871,0.8615225709094081,0.9788836432078355,-0.12190539977067905,2.377280115160127,2.4449044205694075,0.06762430540928044,1.0736471602675963,1.0437498074136107,-0.029897352853985648
BA_m5_dead_zone,5,3,hub,46,1.5,50,0.9918915887405924,0.8508644942291076,0.978490775135863,-0.14102709451148476,2.7757474529688704,2.2523372547034906,-0.5234101982653798,1.055044362936227,1.067003304077822,0.011958941141595014
BA_m5_dead_zone,5,3,hub,46,1.5,150,0.9937812733598266,0.9095187917946554,0.9843546565961738,-0.08426248156517113,2.9298805969354493,2.297017138173856,-0.6328634587615931,0.9467495070428994,1.0869348726471453,0.14018536560424588
BA_m5_dead_zone,5,3,hub,46,1.5,300,0.9858705812570396,0.922268324027157,0.9834433038827859,-0.06360225722988266,3.3273215458120626,2.391654739472272,-0.9356668063397908,1.0158456114165566,1.051058049222362,0.03521243780580541
BA_m5_dead_zone,5,3,hub,46,3.0,50,0.9897851115873724,0.8577616345878358,0.9821329323105841,-0.13202347699953654,2.990181610524862,2.408764232470396,-0.581417378054466,1.0125236833216693,1.039763493699745,0.02723981037807577
BA_m5_dead_zone,5,3,hub,46,3.0,150,0.984059250306407,0.93229372402047,0.9838099786002308,-0.051765526285937,2.6814039570123955,2.4354861778027144,-0.24591777920968116,1.0291333237961062,1.0497292779844072,0.020595954188300958
BA_m5_dead_zone,5,3,hub,46,3.0,300,0.979833001339368,0.9376488449432647,0.9874595176654535,-0.04218415639610329,3.145205981665125,2.3899081352772065,-0.7552978463879185,0.9600372194224489,1.0397634936997453,0.0797262742772964
BA_m5_dead_zone,5,4,peripheral,5,0.3,50,0.9881868747195477,0.997136138769597,0.9829380267446499,0.008949264050049255,2.7215087817343337,2.470448210000296,-0.25106057173403773,1.039099108080768,1.0337840231289486,-0.0053150849518195376
BA_m5_dead_zone,5,4,peripheral,5,0.3,150,0.9819722252538307,0.9642058613151323,0.9825842151541887,-0.01776636393869835,2.551911415545283,2.1119302994129234,-0.4399811161323597,1.0875992582661234,1.016509997035534,-0.07108926123058934
BA_m5_dead_zone,5,4,peripheral,5,0.3,300,0.9876294639545976,0.9763816957556277,0.985371000395933,-0.011247768198969887,3.1929368917706014,2.4664081348912053,-0.7265287568793961,1.0264757813201957,1.045078578651565,0.01860279733136938
BA_m5_dead_zone,5,4,peripheral,5,0.8,50,0.9855324711774877,0.9903422783114812,0.9794977704955584,0.004809807133993593,2.666648858435657,2.232224316038792,-0.4344245423968651,1.0756403171245283,1.0464073498895194,-0.0292329672350089
BA_m5_dead_zone,5,4,peripheral,5,0.8,150,0.9897741483513934,0.988460243254648,0.9895851999428056,-0.001313905096745449,2.9144292028043908,2.414252294068497,-0.5001769087358938,0.9959140428472325,1.0723183890296413,0.07640434618240877
BA_m5_dead_zone,5,4,peripheral,5,0.8,300,0.9942150640375795,0.970114974553147,0.9841924447287994,-0.02410008948443254,2.9595351488399784,2.404991215174859,-0.5545439336651192,0.9826263304676829,1.0085373696078042,0.025911039140121273
BA_m5_dead_zone,5,4,peripheral,5,1.5,50,0.9719468125128162,0.9733650479226796,0.9722185428378579,0.001418235409863411,2.5813162420064506,2.2716196402055924,-0.30969660180085823,1.0557087485552052,1.0523868204603175,-0.0033219280948877383
BA_m5_dead_zone,5,4,peripheral,5,1.5,150,0.9905219971895916,0.9883374964050488,0.9842606993167429,-0.0021845007845427977,2.9238833156506776,2.3932827173009406,-0.530600598349737,1.0244826244632634,1.0444141930325879,0.01993156856932443
BA_m5_dead_zone,5,4,peripheral,5,1.5,300,0.9859334505101414,0.8997969209705783,0.9841620518654856,-0.08613652953956308,2.649995350120205,2.4114878585898936,-0.23850749153031137,1.0357771799858806,1.0869348726471453,0.051157692661264687
BA_m5_dead_zone,5,4,peripheral,5,3.0,50,0.995500692855142,0.9861657270586283,0.9842658607083562,-0.009334965796513717,2.72575654065604,2.414204232818171,-0.3115523078378688,1.0258113957012187,1.0842773301712365,0.0584659344700178
BA_m5_dead_zone,5,4,peripheral,5,3.0,150,0.9949036505392039,0.9834392212339643,0.9837635296268914,-0.01146442930523961,2.863206944712405,2.397570680773117,-0.46563626393928814,1.0364415656048582,1.064345761601912,0.02790419599705385
BA_m5_dead_zone,5,4,peripheral,5,3.0,300,0.9925782440665435,0.9308253153279363,0.9806668812040356,-0.06175292873860716,2.766194118782927,2.376274753889136,-0.3899193648937911,1.0085373696078042,1.003886670274962,-0.004650699332842123
BA_m5_dead_zone,5,4,hub,34,0.3,50,0.9893891636739963,0.9938652445524596,0.9847385943513014,0.0044760808784632955,2.6436192211067575,2.4025878669632297,-0.24103135414352783,1.0550443629362274,1.0204963107493985,-0.03454805218682888
BA_m5_dead_zone,5,4,hub,34,0.3,150,0.9916362775788606,0.9827803961857624,0.9846419537792948,-0.00885588139309823,2.860579569479408,2.401280854970342,-0.4592987145090661,0.9839551017056383,1.081619787695326,0.0976646859896877
BA_m5_dead_zone,5,4,hub,34,0.3,300,0.9845701979073564,0.9648010260057428,0.9839000500460535,-0.019769171901613647,3.196947369672678,2.396904947641069,-0.8000424220316091,1.0178387682734888,1.0125236833216698,-0.0053150849518190935
BA_m5_dead_zone,5,4,hub,34,0.8,50,0.9863335211411953,0.9769874161940828,0.9865727158363545,-0.009346104947112521,2.534885048715247,2.3885064279153396,-0.14637862079990738,1.0264757813201961,1.0616882191260015,0.03521243780580541
BA_m5_dead_zone,5,4,hub,34,0.8,150,0.9917764763187399,0.974971142489553,0.9866612484301707,-0.01680533382918692,2.5651825333157108,2.3150764333307645,-0.25010609998494626,1.0630169903639564,1.1168322255011325,0.05381523513717612
BA_m5_dead_zone,5,4,hub,34,0.8,300,0.9882103100427647,0.9133402740616501,0.9822851500743789,-0.07487003598111464,2.785655861316298,2.2485897277023676,-0.5370661336139304,1.0145168401786018,1.0616882191260018,0.04717137894739998
BA_m5_dead_zone,5,4,hub,34,1.5,50,0.99386398697712,0.956037498027007,0.9817220907121363,-0.03782648895011298,2.8876660076574248,2.48262741844952,-0.4050385892079049,0.956050905708584,1.0211606963683766,0.06510979065979261
BA_m5_dead_zone,5,4,hub,34,1.5,150,0.9932653381746294,0.8351528089756071,0.9831909909055907,-0.1581125291990223,2.487059789657217,2.507833548194917,0.02077375853770036,0.9992359709421202,1.017838768273489,0.018602797331368826
BA_m5_dead_zone,5,4,hub,34,1.5,300,0.9896375620639665,0.822004734541801,0.9807530261979653,-0.16763282752216546,3.039818667453952,2.394871866183574,-0.6449468012703781,0.9474138926618771,0.9932565003713223,0.04584260770944515
BA_m5_dead_zone,5,4,hub,34,3.0,50,0.9852494459118919,0.8362904710457406,0.9879385680013439,-0.14895897486615128,3.001635774498594,2.5214183682063576,-0.4802174062922364,1.0464073498895206,1.0065442127508721,-0.03986313713864842
BA_m5_dead_zone,5,4,hub,34,3.0,150,0.9892218273242547,0.8895718802759834,0.9852154967677619,-0.09964994704827124,2.816625041424714,2.3824492702838156,-0.43417577114089845,1.0424210361756554,1.0231538532253086,-0.019267182950346795
BA_m5_dead_zone,5,4,hub,34,3.0,300,0.9786672127186875,0.8838237916661835,0.9850330319913536,-0.09484342105250398,3.570366515475098,2.320921733955464,-1.249444781519634,1.0563731341741818,1.0317908662720157,-0.02458226790216611
