topo,norm,shuffle,seed,deg_min,deg_max,k_mean,k_harm,rho_main,p_intrarun_main,censored_main,tmort_med_main,rho_ctrl,p_intrarun_ctrl,censored_ctrl,tmort_med_ctrl,rho_diag,p_intrarun_diag,censored_diag,tmort_med_diag,tmort_hubs,tmort_peri,delta_hub_peri,ncomp50,ncomp50_null,big50,big50_null,pct_ncomp50,ncomp75,ncomp75_null,big75,big75_null,pct_ncomp75,group
BA m=3,uniform,0,42,3,55,5.94,4.259318661641715,-0.6230108280016151,6.816850814300386e-23,0,1172.5,-0.6251642574940457,4.3937044298946176e-23,0,1230.5,-0.15991781386673157,0.023698576137617243,0,77.0,858.0,1330.0,-472.0,39,8.0,0.48,0.93,1.0,37,18.0,0.12,0.58,1.0,primary
BA m=3,uniform,0,123,3,43,5.94,4.2066940281657015,-0.5988848684941873,7.472272820814616e-21,0,1094.5,-0.6277795450659248,2.5654357754311712e-23,0,1151.0,-0.14064892670946114,0.046978468501001416,0,87.5,680.0,1207.0,-527.0,39,8.0,0.45,0.93,1.0,41,18.0,0.06,0.58,1.0,primary
BA m=3,uniform,0,777,3,48,5.94,4.1194209933006425,-0.5143691710637913,6.6558828959750146e-15,0,1070.5,-0.5447287932906021,7.533471044639126e-17,0,1146.5,-0.12501952403778985,0.07775087029223167,0,83.5,672.0,1181.5,-509.5,41,8.0,0.49,0.92,1.0,37,18.0,0.14,0.6,1.0,primary
BA m=3,uniform,0,17,3,45,5.94,4.237328705569046,-0.4998471347630692,4.8725262276331114e-14,0,1325.0,-0.5478118733644776,4.657974072083151e-17,0,1402.0,-0.2169541854616565,0.002030037128176881,0,98.5,963.5,1467.0,-503.5,33,8.0,0.55,0.92,1.0,39,18.0,0.08,0.56,1.0,primary
BA m=3,uniform,0,256,3,48,5.94,4.234421951387779,-0.6016366265579299,4.461420362626005e-21,0,1245.5,-0.6528972987756053,1.1143489363765232e-25,0,1321.0,-0.22583426876861215,0.0013026199108466926,0,90.5,900.5,1363.0,-462.5,44,8.0,0.17,0.92,1.0,37,19.0,0.06,0.5700000000000001,1.0,primary
BA m=3,uniform,0,8,3,45,5.94,4.216128913856945,-0.5891811829748234,4.429631051729827e-20,0,1200.5,-0.6126781600888487,5.353455533767753e-22,0,1283.0,-0.18358618181442943,0.009263276880907936,0,87.0,745.0,1347.0,-602.0,40,8.0,0.49,0.93,1.0,33,18.0,0.12,0.56,0.985,primary
BA m=3,uniform,0,99,3,41,5.94,4.241143438733092,-0.6018044577286554,4.322575444958873e-21,0,1266.0,-0.6268801542525253,3.088654071684258e-23,0,1369.0,-0.16701576325061074,0.01808946276007567,0,86.0,1005.5,1437.0,-431.5,43,8.0,0.23,0.93,1.0,38,18.0,0.08,0.5700000000000001,1.0,primary
BA m=3,uniform,0,314,3,45,5.94,4.219609343935382,-0.45828399001270237,8.868899550273014e-12,0,1106.0,-0.5478294410955125,4.6451651356585814e-17,0,1169.0,-0.16087175982359597,0.022866832481896256,0,83.0,699.0,1185.0,-486.0,33,8.0,0.43,0.92,1.0,30,17.0,0.22,0.61,0.965,primary
BA m=3,uniform,0,2718,3,52,5.94,4.145156412330013,-0.600957591527267,5.069251750147812e-21,0,1089.5,-0.5856566587083063,8.331690695916781e-20,0,1153.0,-0.3156333278769184,5.2968876096445195e-06,0,85.0,687.0,1239.5,-552.5,49,8.0,0.18,0.92,1.0,44,18.0,0.06,0.56,1.0,primary
BA m=3,uniform,0,1618,3,52,5.94,4.124826630869103,-0.5156436487747182,5.563578732429035e-15,0,1064.5,-0.5057734884646891,2.1871626809620947e-14,0,1125.5,-0.15904941170925535,0.024478253220253,0,90.0,647.0,1152.5,-505.5,46,8.0,0.19,0.93,1.0,35,18.0,0.14,0.56,0.995,primary
BA m=3,uniform,0,5001,3,40,5.94,4.228662177199466,-0.4375485578536716,9.254350209835236e-11,0,1303.0,-0.5793108862216335,2.5492375103311307e-19,0,1389.5,-0.0364364649563115,0.608490251143969,0,87.5,1005.0,1378.0,-373.0,29,8.0,0.38,0.93,1.0,34,18.0,0.12,0.58,0.99,replication
BA m=3,uniform,0,5002,3,34,5.94,4.288744513800598,-0.600903413074178,5.121109302521462e-21,0,1182.5,-0.6301528151405648,1.5674326402672988e-23,0,1264.5,-0.2080678665883402,0.0031114633900119633,0,80.0,703.0,1313.5,-610.5,28,8.0,0.64,0.925,1.0,40,17.0,0.06,0.58,1.0,replication
BA m=3,uniform,0,5003,3,43,5.94,4.244340089015031,-0.602844079056931,3.552295394725688e-21,0,1097.5,-0.6194931513297119,1.3868204340503596e-22,0,1177.5,-0.34842714962763743,4.2824746340794123e-07,0,83.5,662.5,1216.0,-553.5,46,8.0,0.33,0.93,1.0,34,18.0,0.12,0.55,0.995,replication
BA m=3,uniform,0,5004,3,37,5.94,4.232528913593622,-0.5114962853702788,9.942809775746205e-15,0,1287.0,-0.5708939055963225,1.082839719361828e-18,0,1363.5,-0.21652131896897,0.002073517543408401,0,86.0,875.0,1388.0,-513.0,45,8.0,0.3,0.92,1.0,29,17.0,0.18,0.58,0.955,replication
BA m=3,uniform,0,5005,3,43,5.94,4.220207897677206,-0.5430029060793731,9.83891226841727e-17,0,1253.5,-0.5944370540258904,1.7020198998906706e-20,0,1346.5,-0.20362776299177235,0.0038274452731046618,0,93.5,936.0,1380.5,-444.5,48,8.0,0.17,0.93,1.0,35,18.0,0.1,0.58,0.99,replication
BA m=3,uniform,0,5006,3,44,5.94,4.259313286372087,-0.6370026917114875,3.69079964890438e-24,0,1265.0,-0.6352151382625058,5.401864345699096e-24,0,1329.5,-0.32837812390920335,2.0628828314229594e-06,0,91.5,898.5,1426.0,-527.5,40,7.0,0.44,0.93,1.0,34,17.0,0.14,0.6,0.995,replication
BA m=3,uniform,0,5007,3,52,5.94,4.259700780247361,-0.5104612059816025,1.1479131541960317e-14,0,1261.5,-0.5643580813443642,3.2366243754605365e-18,0,1356.0,-0.1304785927031609,0.06553947442294483,0,82.0,996.5,1403.5,-407.0,33,8.0,0.32,0.93,1.0,38,17.0,0.08,0.58,1.0,replication
BA m=3,uniform,0,5008,3,45,5.94,4.258464652075347,-0.5458586416567677,6.320131769407627e-17,0,1261.0,-0.5703126987534564,1.1947551203609139e-18,0,1362.0,-0.14197124740174205,0.04492446375869384,0,85.5,986.0,1379.5,-393.5,38,8.0,0.24,0.92,1.0,35,17.0,0.06,0.6,0.995,replication
BA m=3,uniform,0,5009,3,46,5.94,4.256674797784632,-0.6640928092480205,8.325446138580035e-27,0,1224.0,-0.6835657094285008,6.929223520577775e-29,0,1289.5,-0.07860744713383722,0.2685438593479669,0,82.0,883.5,1374.5,-491.0,46,7.5,0.16,0.93,1.0,39,19.0,0.08,0.56,1.0,replication
BA m=3,uniform,0,5010,3,40,5.94,4.166921088094322,-0.4676826106894614,2.904991596395215e-12,0,1039.5,-0.5189314710404899,3.4914843880476683e-15,0,1083.5,-0.13568157781237666,0.05540735337259208,0,84.5,677.5,1099.5,-422.0,38,7.0,0.42,0.93,1.0,33,19.0,0.24,0.54,0.965,replication
BA m=3,degree_linear,0,42,3,55,5.94,4.259318661641715,0.11100022857025671,0.11763445193216004,33,2858.5,0.07284631495885854,0.3053123567714239,113,3000.0,-0.03056173299554932,0.6674870383189095,6,944.0,2938.5,2844.5,94.0,7,8.0,0.93,0.93,0.385,23,18.0,0.48,0.58,0.795,primary
BA m=3,degree_linear,0,123,3,43,5.94,4.2066940281657015,0.14479629684722733,0.04078718632261394,24,2809.5,0.3121112002452568,6.822381623894877e-06,100,2999.5,-0.1665954768911436,0.01838612841074796,1,798.0,2841.0,2800.5,40.5,8,8.0,0.93,0.93,0.49,12,18.0,0.78,0.58,0.1,primary
BA m=3,degree_linear,0,777,3,48,5.94,4.1194209933006425,0.025124324347673466,0.723983299664342,42,2881.0,0.059048114778477614,0.406223813668249,120,3000.0,0.1046020781453035,0.1404624018897406,5,1074.5,2886.0,2878.0,8.0,8,8.0,0.93,0.92,0.43,8,18.0,0.86,0.6,0.03,primary
BA m=3,degree_linear,0,17,3,45,5.94,4.237328705569046,0.20212405019571436,0.004101686776231257,28,2868.0,0.2510260587850248,0.0003365957395518425,114,3000.0,-0.046214415072826746,0.5158077002969683,7,1244.0,2860.5,2811.5,49.0,8,8.0,0.93,0.92,0.45,17,18.0,0.62,0.56,0.435,primary
BA m=3,degree_linear,0,256,3,48,5.94,4.234421951387779,0.05023707129734991,0.4799067708431387,29,2785.5,0.18495522454183172,0.008743410358206949,94,2991.0,-0.023794382805408437,0.7380464051028616,3,1114.5,2824.0,2765.5,58.5,6,8.0,0.95,0.92,0.21,12,19.0,0.72,0.5700000000000001,0.13,primary
BA m=3,degree_linear,0,8,3,45,5.94,4.216128913856945,-0.048605899574425154,0.4942993186307809,33,2830.5,0.11478030301151985,0.10557267375635576,101,3000.0,-0.12858631620460906,0.0695811913462303,4,1189.5,2757.0,2850.5,-93.5,8,8.0,0.93,0.93,0.46,19,18.0,0.32,0.56,0.525,primary
BA m=3,degree_linear,0,99,3,41,5.94,4.241143438733092,0.06219916607040912,0.3815940177344215,32,2857.5,0.16672866309085374,0.01829166270476952,108,3000.0,-0.024591214694877385,0.7296097321507908,6,1132.5,2961.5,2860.0,101.5,4,8.0,0.97,0.93,0.085,19,18.0,0.62,0.5700000000000001,0.52,primary
BA m=3,degree_linear,0,314,3,45,5.94,4.219609343935382,0.0830556004968242,0.2423059202847595,25,2813.5,0.12579895553116138,0.07590240090942597,103,3000.0,-0.0041400374982487435,0.9536034730639104,5,984.5,2770.0,2806.0,-36.0,9,8.0,0.91,0.92,0.53,15,17.0,0.68,0.61,0.36,primary
BA m=3,degree_linear,0,2718,3,52,5.94,4.145156412330013,0.07397225152584176,0.29787769781196866,26,2822.0,0.17528332967879448,0.013042977533869427,91,2997.5,-0.031842498907809914,0.6544333542087595,3,888.0,2828.5,2846.5,-18.0,7,8.0,0.94,0.92,0.345,14,18.0,0.68,0.56,0.215,primary
BA m=3,degree_linear,0,1618,3,52,5.94,4.124826630869103,0.21153705261852843,0.0026389442789208307,31,2818.0,0.17532969201491264,0.013018578477342894,102,3000.0,0.018942555249446453,0.7900598152201822,1,1176.5,2933.5,2792.0,141.5,2,8.0,0.99,0.93,0.0,11,18.0,0.8,0.56,0.105,primary
BA m=3,degree_linear,0,5001,3,40,5.94,4.228662177199466,0.09074654399905231,0.20126909399247478,30,2862.0,0.0715869263049204,0.31377173125766095,124,3000.0,0.027862710487988177,0.6953209508962868,6,1093.0,2880.0,2831.0,49.0,4,8.0,0.97,0.93,0.055,18,18.0,0.6,0.58,0.48,replication
BA m=3,degree_linear,0,5002,3,34,5.94,4.288744513800598,0.022819923021888424,0.748406384162082,34,2850.5,0.012226200033220454,0.8635733601463995,121,3000.0,0.00546480374007684,0.9387825326764889,3,1247.5,2859.0,2857.0,2.0,4,8.0,0.97,0.925,0.07,15,17.0,0.68,0.58,0.295,replication
BA m=3,degree_linear,0,5003,3,43,5.94,4.244340089015031,0.173782342593306,0.013854891141958895,41,2879.0,0.22992530419945295,0.0010557002721131698,121,3000.0,0.08521764512109012,0.23022119464015134,8,769.0,2878.5,2817.0,61.5,4,8.0,0.97,0.93,0.055,11,18.0,0.64,0.55,0.08,replication
BA m=3,degree_linear,0,5004,3,37,5.94,4.232528913593622,-0.016213057871786375,0.8197511475791922,37,2865.5,0.0014258931093732521,0.9840124309255249,121,3000.0,0.046151088481472646,0.5163837204597601,8,1103.5,2890.5,2867.0,23.5,6,8.0,0.95,0.92,0.19,14,17.0,0.64,0.58,0.215,replication
BA m=3,degree_linear,0,5005,3,43,5.94,4.220207897677206,-0.033924215756140304,0.6334397403054907,38,2907.5,0.2178281052922452,0.0019447742051443484,130,3000.0,0.013672086318609144,0.8476250727024848,4,1106.5,2848.5,2911.0,-62.5,12,8.0,0.88,0.93,0.86,15,18.0,0.68,0.58,0.265,replication
BA m=3,degree_linear,0,5006,3,44,5.94,4.259313286372087,0.09226083648819816,0.19382039972724985,38,2879.0,0.06298065887583267,0.3756293083303891,123,3000.0,0.047569903199767054,0.5035579495619894,6,1259.5,2946.5,2853.0,93.5,3,7.0,0.98,0.93,0.04,8,17.0,0.84,0.6,0.025,replication
BA m=3,degree_linear,0,5007,3,52,5.94,4.259700780247361,0.1265521196455782,0.07415018943504352,39,2903.5,0.20586630458092095,0.003449749273965421,137,3000.0,0.01667379309825928,0.8147200170455315,3,964.5,2914.0,2854.0,60.0,3,8.0,0.98,0.93,0.03,8,17.0,0.84,0.58,0.01,replication
BA m=3,degree_linear,0,5008,3,45,5.94,4.258464652075347,-0.043431920028058374,0.541425758334021,45,2900.5,0.05983969851301426,0.399949560813586,131,3000.0,0.04599851700578002,0.5177728720880288,7,765.5,2921.0,2918.0,3.0,11,8.0,0.9,0.92,0.76,22,17.0,0.48,0.6,0.73,replication
BA m=3,degree_linear,0,5009,3,46,5.94,4.256674797784632,0.04314361523730595,0.5441157399653487,34,2895.5,0.07528308538807268,0.2893746180546356,100,2999.5,-0.07078398775992258,0.3192442429560279,2,937.5,2918.0,2907.0,11.0,8,7.5,0.92,0.93,0.5,18,19.0,0.64,0.56,0.415,replication
BA m=3,degree_linear,0,5010,3,40,5.94,4.166921088094322,0.2110681598245921,0.0026987556931796844,24,2740.5,0.28029846460681485,5.818403223576725e-05,74,2930.0,0.0473714203216903,0.5053420927172012,4,1251.5,2835.5,2699.0,136.5,4,7.0,0.97,0.93,0.05,16,19.0,0.62,0.54,0.275,replication
BA m=3,uniform,1,42,3,55,5.94,4.259318661641715,-0.584040031530225,1.1103729921556303e-19,0,1067.5,-0.5882445528619505,5.243304193009666e-20,0,1114.0,-0.11468881281097526,0.10585264058831466,0,79.0,620.0,1192.0,-572.0,40,8.0,0.14,0.92,1.0,41,18.0,0.06,0.56,1.0,primary
BA m=3,uniform,1,123,3,43,5.94,4.2066940281657015,-0.6355974070817522,4.980340684306621e-24,0,1086.0,-0.6535000839966011,9.717961871134777e-26,0,1152.5,-0.13962058755148016,0.04862950450374459,0,84.5,699.5,1251.0,-551.5,47,8.0,0.27,0.92,1.0,45,17.5,0.06,0.58,1.0,primary
BA m=3,uniform,1,777,3,48,5.94,4.1194209933006425,-0.5051075520132009,2.395010059032582e-14,0,1103.0,-0.557733576839706,9.582657371233143e-18,0,1157.5,-0.214899748549111,0.0022440417332329535,0,84.5,667.0,1172.0,-505.0,43,8.0,0.25,0.92,1.0,35,18.0,0.14,0.6,0.995,primary
BA m=3,uniform,1,17,3,45,5.94,4.237328705569046,-0.4617836266047929,5.876314843320344e-12,0,1316.5,-0.5177206892984714,4.147435762988478e-15,0,1380.5,-0.28528717051551183,4.2271281322138486e-05,0,101.0,903.0,1426.5,-523.5,23,8.0,0.77,0.93,1.0,30,17.0,0.2,0.58,0.99,primary
BA m=3,uniform,1,256,3,48,5.94,4.234421951387779,-0.6139788618194368,4.1473562835669774e-22,0,1251.0,-0.6611716666141595,1.6558514182572647e-26,0,1319.5,-0.21624173767765031,0.002102049663998692,0,94.0,676.5,1396.5,-720.0,39,8.0,0.26,0.92,1.0,41,17.5,0.06,0.5700000000000001,1.0,primary
BA m=3,uniform,1,8,3,45,5.94,4.216128913856945,-0.5508432420146611,2.8893382106676764e-17,0,1252.0,-0.5820948428612781,1.565453224271169e-19,0,1330.0,-0.08533724023417344,0.22956536057283403,0,85.5,796.5,1343.0,-546.5,37,8.0,0.4,0.93,1.0,35,18.0,0.2,0.56,0.995,primary
BA m=3,uniform,1,99,3,41,5.94,4.241143438733092,-0.5439841027953173,8.454890850283876e-17,0,1156.0,-0.5657917047280311,2.5508458113181735e-18,0,1239.0,-0.17463305078399452,0.013389452760608796,0,83.0,674.0,1288.5,-614.5,42,8.0,0.33,0.93,1.0,30,17.0,0.3,0.62,0.975,primary
BA m=3,uniform,1,314,3,45,5.94,4.219609343935383,-0.5081029030286047,1.5896210742114088e-14,0,1144.5,-0.5485965978604634,4.118216873962634e-17,0,1234.5,-0.041052510842836676,0.5638215625114424,0,80.0,740.0,1271.5,-531.5,29,7.0,0.54,0.93,1.0,35,18.0,0.08,0.56,1.0,primary
BA m=3,uniform,1,2718,3,52,5.94,4.145156412330013,-0.5024138800143055,3.450745355104067e-14,0,964.5,-0.5677792357794351,1.8301684213792927e-18,0,1036.5,-0.11336014119301854,0.10998468141858703,0,79.0,643.0,1089.5,-446.5,37,8.0,0.4,0.92,1.0,34,18.0,0.1,0.5700000000000001,0.975,primary
BA m=3,uniform,1,1618,3,52,5.94,4.124826630869104,-0.5177639963175398,4.122023278903014e-15,0,1167.0,-0.5687170322823798,1.5635705415337917e-18,0,1223.0,-0.17544408638260495,0.012958547584694195,0,101.0,661.0,1247.0,-586.0,32,9.0,0.61,0.92,1.0,35,18.0,0.14,0.56,0.995,primary
BA m=3,uniform,1,5001,3,40,5.94,4.228662177199466,-0.5855352037737117,8.513898820700683e-20,0,1251.0,-0.644901928684897,6.651367626360079e-25,0,1360.5,-0.16486248716137425,0.019654466144379514,0,82.0,923.5,1391.0,-467.5,48,8.0,0.23,0.92,1.0,41,18.0,0.16,0.58,1.0,replication
BA m=3,uniform,1,5002,3,34,5.94,4.288744513800599,-0.6474282734483539,3.8041186137751724e-25,0,1295.5,-0.6627268849467639,1.1493597884922345e-26,0,1358.5,-0.23565720373418156,0.0007815613230385207,0,85.0,928.0,1444.0,-516.0,45,8.0,0.11,0.93,1.0,37,17.0,0.08,0.58,1.0,replication
BA m=3,uniform,1,5003,3,43,5.94,4.244340089015031,-0.5341037878460638,3.805398126743203e-16,0,1139.5,-0.597457772683668,9.744642646931245e-21,0,1221.0,-0.1667266076198053,0.01829311739022801,0,86.0,822.0,1253.5,-431.5,21,8.0,0.77,0.93,0.995,37,18.0,0.06,0.59,0.995,replication
BA m=3,uniform,1,5004,3,37,5.94,4.232528913593622,-0.5421736242895839,1.117957840442804e-16,0,1151.0,-0.5968896388917835,1.0827125009078093e-20,0,1231.0,-0.09420187606520623,0.1845689808890891,0,84.5,818.5,1272.5,-454.0,42,7.0,0.47,0.93,1.0,31,18.0,0.16,0.58,0.98,replication
BA m=3,uniform,1,5005,3,43,5.94,4.220207897677206,-0.5361749409243212,2.7875326801983577e-16,0,1208.5,-0.5741147282512638,6.256350558620379e-19,0,1278.0,-0.15749886387495415,0.02592530250879771,0,92.0,698.5,1408.0,-709.5,43,8.0,0.1,0.92,1.0,37,18.0,0.12,0.58,1.0,replication
BA m=3,uniform,1,5006,3,44,5.94,4.259313286372086,-0.5480633880599131,4.47784164007541e-17,0,1257.5,-0.6209540136135999,1.0337182277005094e-22,0,1319.5,-0.2490016637650252,0.00037724709422186673,0,98.5,889.5,1372.5,-483.0,36,8.0,0.43,0.93,1.0,37,16.0,0.08,0.6,1.0,replication
BA m=3,uniform,1,5007,3,52,5.94,4.259700780247361,-0.5489406268030587,3.9013559861454064e-17,0,1147.0,-0.6021202740085151,4.072707194620281e-21,0,1238.5,-0.16121038584959801,0.022577699168762504,0,82.0,744.0,1226.0,-482.0,36,8.0,0.38,0.92,1.0,35,18.0,0.08,0.52,1.0,replication
BA m=3,uniform,1,5008,3,45,5.94,4.258464652075347,-0.5326311585006532,4.741921791037893e-16,0,1180.0,-0.5664277155490817,2.2942869821379577e-18,0,1237.5,-0.08152159214816476,0.25114439662940646,0,83.5,833.0,1282.5,-449.5,32,7.0,0.5,0.94,1.0,28,19.0,0.14,0.54,0.915,replication
BA m=3,uniform,1,5009,3,46,5.94,4.256674797784632,-0.6167216480782687,2.4116017083813196e-22,0,1306.5,-0.6772304635242724,3.42640451521484e-28,0,1378.0,-0.21477758460572854,0.002257391197246765,0,84.0,896.0,1477.5,-581.5,39,7.5,0.53,0.93,1.0,44,18.0,0.06,0.6,1.0,replication
BA m=3,uniform,1,5010,3,40,5.94,4.1669210880943215,-0.5312434279278134,5.828751996896921e-16,0,1183.0,-0.5604753600429683,6.132776661545094e-18,0,1256.5,-0.08652982253839908,0.2230975842501563,0,86.5,695.5,1329.0,-633.5,33,8.0,0.41,0.92,1.0,36,18.0,0.14,0.58,0.995,replication
BA m=5,uniform,0,42,5,59,9.85,7.226558977900548,-0.5936192413642194,1.9774232775465526e-20,0,816.5,-0.697855894201535,1.615903347416846e-30,0,919.0,-0.0936830448693006,0.18700946720010153,0,75.5,597.5,939.0,-341.5,16,2.0,0.84,0.99,1.0,31,8.0,0.18,0.84,1.0,primary
BA m=5,uniform,0,123,5,60,9.85,7.239444890006173,-0.5334241582662016,4.212664707917054e-16,0,760.5,-0.6284030575467469,2.2548840038839418e-23,0,893.0,-0.10860417430031755,0.12581900059684847,0,77.0,623.5,905.5,-282.0,15,2.0,0.76,0.99,1.0,26,8.0,0.26,0.84,1.0,primary
BA m=5,uniform,0,777,5,59,9.85,7.193195263171308,-0.4997941294044096,4.9072178361332845e-14,0,672.0,-0.6792475063149962,2.068817575140252e-28,0,774.5,-0.1606844815959508,0.023028105324611286,0,74.0,546.5,731.5,-185.0,9,2.0,0.92,0.99,0.995,28,8.0,0.16,0.84,1.0,primary
BA m=5,uniform,0,17,5,54,9.85,7.2492617999109,-0.5907502107114967,3.335406632068042e-20,0,940.0,-0.6971267064262913,1.968019966761205e-30,0,995.0,-0.16241276937795743,0.021576384488708102,0,78.5,641.5,1011.0,-369.5,17,2.0,0.8,0.99,1.0,30,8.0,0.16,0.86,1.0,primary
BA m=5,uniform,0,256,5,62,9.85,7.281650531178043,-0.5384255384755389,1.9827762285113727e-16,0,927.0,-0.6417862489432824,1.3153730872024842e-24,0,967.0,-0.24004230079946645,0.0006179144886612075,0,79.0,611.0,991.0,-380.0,12,2.0,0.87,0.99,1.0,25,8.0,0.38,0.84,1.0,primary
BA m=5,uniform,0,8,5,46,9.85,7.310402420293635,-0.6274964265649013,2.719969626838948e-23,0,917.0,-0.693603904630032,5.05880568984088e-30,0,975.5,-0.21612691654572622,0.002113870669470749,0,80.0,641.5,1004.0,-362.5,15,2.0,0.8,0.99,1.0,25,8.0,0.22,0.84,1.0,primary
BA m=5,uniform,0,99,5,44,9.85,7.431026026440916,-0.5389715359545495,1.824799862893029e-16,0,858.0,-0.599259038228674,6.968248111858301e-21,0,935.0,-0.08078029471659666,0.2554945732609053,0,79.0,585.5,973.0,-387.5,9,2.0,0.91,0.99,1.0,17,8.0,0.56,0.84,0.925,primary
BA m=5,uniform,0,314,5,48,9.85,7.354565338915691,-0.5431090804819025,9.679057183684474e-17,0,808.0,-0.6182166903633342,1.7905381593465847e-22,0,913.5,-0.026912202030291772,0.7052233820902821,0,76.0,593.5,927.0,-333.5,11,2.0,0.9,0.99,1.0,29,8.0,0.12,0.84,1.0,primary
BA m=5,uniform,0,2718,5,60,9.85,7.180333021047985,-0.5322959826191527,4.984688700222205e-16,0,883.0,-0.644236057005624,7.699966115027211e-25,0,941.5,-0.18108532946233188,0.01028396687719587,0,78.0,600.5,969.0,-368.5,20,2.0,0.78,0.99,1.0,33,8.0,0.14,0.84,1.0,primary
BA m=5,uniform,0,1618,5,54,9.85,7.151887920363596,-0.4828006893847683,4.4848452314000433e-13,0,699.0,-0.5939941899477232,1.84611896786117e-20,0,818.5,-0.13553400797466872,0.055675742179349855,0,76.0,611.5,834.5,-223.0,8,2.0,0.93,0.99,0.99,29,8.0,0.16,0.84,1.0,primary
BA m=5,uniform,0,5001,5,47,9.85,7.386549024681974,-0.6319509749145882,1.0760528883348175e-23,0,981.0,-0.7270694298389774,3.5678271992076085e-34,0,1036.0,-0.06271231696814596,0.37767094323121386,0,79.0,653.5,1062.5,-409.0,14,2.0,0.87,0.99,1.0,24,7.0,0.26,0.86,0.995,replication
BA m=5,uniform,0,5002,5,53,9.85,7.345655027008689,-0.5303557125149042,6.647989990734037e-16,0,832.0,-0.638002943789311,2.9790664305372527e-24,0,896.5,-0.06926003971483179,0.32980029295357616,0,74.0,621.5,930.5,-309.0,4,2.0,0.97,0.99,0.835,21,7.0,0.4,0.86,1.0,replication
BA m=5,uniform,0,5003,5,58,9.85,7.179126910876374,-0.4909891950138282,1.5680028654231863e-13,0,744.5,-0.5919625845465777,2.6759589292258677e-20,0,841.5,-0.23294221415448882,0.0009019987474784538,0,75.5,590.5,845.5,-255.0,9,2.0,0.87,0.99,1.0,28,8.0,0.16,0.85,1.0,replication
BA m=5,uniform,0,5004,5,66,9.85,7.35736182583229,-0.4752298924751782,1.156256274598905e-12,0,822.5,-0.6587289407436729,2.925345835181155e-26,0,905.0,-0.20453468882704093,0.0036701473393566746,0,76.0,598.5,925.5,-327.0,14,2.0,0.84,0.99,1.0,25,8.0,0.16,0.84,1.0,replication
BA m=5,uniform,0,5005,5,45,9.85,7.263823230976402,-0.5349003994991793,3.3768855599779553e-16,0,974.0,-0.6231476958801911,6.629853336999043e-23,0,1016.5,-0.030237298077177698,0.6708098185353795,0,78.0,686.5,1034.5,-348.0,9,2.0,0.9,0.99,1.0,26,8.0,0.18,0.84,1.0,replication
BA m=5,uniform,0,5006,5,57,9.85,7.247687530588805,-0.534136026075335,3.7870676035823533e-16,0,863.0,-0.669689218012023,2.181904670506247e-27,0,945.5,-0.061998985622695894,0.38313111522136434,0,77.0,622.0,963.0,-341.0,10,2.0,0.88,0.99,1.0,25,8.0,0.32,0.85,1.0,replication
BA m=5,uniform,0,5007,5,59,9.85,7.389197072798203,-0.6380188803036548,2.9688964464567033e-24,0,893.5,-0.7347339284708266,3.263175036192141e-35,0,960.0,-0.04340801492985066,0.5416485502307555,0,75.5,623.0,998.0,-375.0,10,2.0,0.89,0.99,1.0,26,8.0,0.18,0.86,1.0,replication
BA m=5,uniform,0,5008,5,54,9.85,7.374083558802355,-0.5408558617664593,1.3685766000358818e-16,0,898.0,-0.6624318964702146,1.2319833920761747e-26,0,964.5,0.021262017604944443,0.7650625991977271,0,77.0,637.0,1009.5,-372.5,14,2.0,0.86,0.99,1.0,23,8.0,0.26,0.86,1.0,replication
BA m=5,uniform,0,5009,5,52,9.85,7.293842940521853,-0.587873336407,5.604875166718498e-20,0,755.5,-0.7031965335602745,3.7448071627354426e-31,0,877.5,-0.1812605825127739,0.010209331202916472,0,74.0,589.5,870.5,-281.0,16,2.0,0.82,0.99,1.0,30,8.0,0.2,0.86,1.0,replication
BA m=5,uniform,0,5010,5,57,9.85,7.19902564703909,-0.47780760159633684,8.39741819229148e-13,0,685.0,-0.5690789609069997,1.4711995145708032e-18,0,778.5,-0.2092357411679185,0.0029444679547477905,0,77.0,548.5,760.5,-212.0,7,2.0,0.94,0.99,1.0,23,8.0,0.34,0.84,0.99,replication
BA m=5,degree_linear,0,42,5,59,9.85,7.226558977900548,0.06537315861122361,0.35772672029536634,0,1887.0,0.09743017336301944,0.16990729324536272,0,1959.0,-0.01697884967865632,0.8113930182807815,0,99.5,1977.0,1891.0,86.0,2,2.0,0.99,0.99,0.29,4,8.0,0.94,0.84,0.06,primary
BA m=5,degree_linear,0,123,5,60,9.85,7.239444890006173,0.034902690702154994,0.6236710282180408,0,1611.0,0.01333702779139524,0.8513155448864956,0,1719.0,-0.03308766940357347,0.6418421656436433,0,92.0,1590.0,1607.5,-17.5,2,2.0,0.99,0.99,0.325,8,8.0,0.8,0.84,0.435,primary
BA m=5,degree_linear,0,777,5,59,9.85,7.193195263171308,-0.07859526128254905,0.2686183010344585,0,1805.5,-0.09914257570300819,0.16249088160780187,0,1898.5,0.06471476822330167,0.362599340751682,0,92.0,1877.0,1826.0,51.0,2,2.0,0.99,0.99,0.28,4,8.0,0.94,0.84,0.035,primary
BA m=5,degree_linear,0,17,5,54,9.85,7.2492617999109,0.053198742150883084,0.454364805878116,0,2082.0,0.07378159563287473,0.2991280998996718,0,2182.0,0.002467612761872432,0.9723360025609162,0,329.0,2180.5,2086.5,94.0,1,2.0,1.0,0.99,0.0,7,8.0,0.86,0.86,0.385,primary
BA m=5,degree_linear,0,256,5,62,9.85,7.281650531178043,-0.04024698110806972,0.5715025756384196,0,2168.0,-0.02937373743949786,0.6796852281865626,0,2282.0,-0.08293671611657634,0.2429830316406235,0,595.5,2200.5,2168.0,32.5,3,2.0,0.98,0.99,0.655,8,8.0,0.86,0.84,0.47,primary
BA m=5,degree_linear,0,8,5,46,9.85,7.310402420293635,0.019824578496154807,0.780527295867701,0,2187.5,0.07170859033748468,0.31294789321775,0,2259.5,-0.04159071570639844,0.5587172472456647,0,304.5,2138.0,2187.5,-49.5,2,2.0,0.99,0.99,0.29,4,8.0,0.92,0.84,0.04,primary
BA m=5,degree_linear,0,99,5,44,9.85,7.431026026440916,0.13531643277220107,0.0560734113146722,0,2143.5,0.1769453168046979,0.01219297381774127,0,2244.5,0.11851372622672618,0.09463728662445678,0,590.0,2180.5,2101.5,79.0,1,2.0,1.0,0.99,0.0,3,8.0,0.94,0.84,0.005,primary
BA m=5,degree_linear,0,314,5,48,9.85,7.354565338915691,0.09638584480579145,0.1745522338636305,0,1810.0,0.023920270962955053,0.7367114157966932,0,1898.0,0.022832314648379693,0.7482743545688428,0,82.0,1860.0,1768.5,91.5,1,2.0,1.0,0.99,0.0,4,8.0,0.94,0.84,0.075,primary
BA m=5,degree_linear,0,2718,5,60,9.85,7.180333021047985,0.03921011697938196,0.5814615401200025,0,1998.0,0.044835417557230264,0.5284255129702793,0,2076.0,0.019101947152226927,0.78833482271171,0,531.0,2014.5,1962.5,52.0,1,2.0,1.0,0.99,0.0,6,8.0,0.86,0.84,0.21,primary
BA m=5,degree_linear,0,1618,5,54,9.85,7.151887920363596,0.09284360233435592,0.1910080057059398,0,1944.0,0.06328999234493121,0.37328420714287047,0,2020.0,0.0672378054357354,0.3441501114079495,0,614.5,2004.5,1944.5,60.0,2,2.0,0.99,0.99,0.33,3,8.0,0.94,0.84,0.015,primary
BA m=5,degree_linear,0,5001,5,47,9.85,7.386549024681974,-0.001728613453592952,0.9806188382717109,0,1975.0,0.08043509476021773,0.2575379542589053,0,2071.0,-0.04681205670896387,0.5103878779342077,0,115.5,1982.0,1986.5,-4.5,1,2.0,1.0,0.99,0.0,3,7.0,0.96,0.86,0.015,replication
BA m=5,degree_linear,0,5002,5,53,9.85,7.345655027008689,0.08984848214330966,0.20578332533759336,0,2234.0,0.09598744470598596,0.17634880238813222,0,2310.5,0.11282218001350024,0.11169323697803543,0,613.5,2230.5,2202.0,28.5,2,2.0,0.99,0.99,0.345,14,7.0,0.66,0.86,0.945,replication
BA m=5,degree_linear,0,5003,5,58,9.85,7.179126910876374,0.1018492457731249,0.15126657048195097,0,2224.0,0.00693593130741475,0.9223490066352166,0,2322.0,0.0022321071427857946,0.9749753123561666,0,586.0,2309.0,2162.0,147.0,1,2.0,1.0,0.99,0.0,6,8.0,0.9,0.85,0.235,replication
BA m=5,degree_linear,0,5004,5,66,9.85,7.35736182583229,0.05789524330965813,0.41546529076512584,0,1881.5,0.055379113228985755,0.4360575524092196,0,1949.0,0.07435006375133921,0.29541009774389754,0,102.0,1889.0,1853.0,36.0,1,2.0,1.0,0.99,0.0,9,8.0,0.82,0.84,0.58,replication
BA m=5,degree_linear,0,5005,5,45,9.85,7.263823230976402,0.15744600076390058,0.025975904211157842,0,2316.0,0.16417606609186172,0.020177425377613595,0,2401.5,0.0651374708833947,0.35946627957556654,0,616.0,2407.0,2317.0,90.0,1,2.0,1.0,0.99,0.0,2,8.0,0.98,0.84,0.0,replication
BA m=5,degree_linear,0,5006,5,57,9.85,7.247687530588805,0.12942622070282034,0.06776284953616864,0,2229.5,0.0763436241961505,0.2826150321647279,0,2316.5,0.08850100978170715,0.21269280254831552,0,657.5,2281.0,2182.0,99.0,3,2.0,0.98,0.99,0.615,6,8.0,0.9,0.85,0.25,replication
BA m=5,degree_linear,0,5007,5,59,9.85,7.389197072798203,0.09597128455743673,0.17642196350478176,0,2468.5,0.06268876034305039,0.3778504933331841,0,2522.0,0.048719619423319586,0.49328854433904346,0,537.5,2495.0,2462.5,32.5,1,2.0,1.0,0.99,0.0,5,8.0,0.9,0.86,0.17,replication
BA m=5,degree_linear,0,5008,5,54,9.85,7.374083558802355,0.15228132132437813,0.03134581211142921,0,2120.5,0.14128502279919747,0.04598081690502624,0,2211.5,0.10623817160277789,0.13432619713742602,0,100.5,2222.5,2089.0,133.5,1,2.0,1.0,0.99,0.0,3,8.0,0.96,0.86,0.015,replication
BA m=5,degree_linear,0,5009,5,52,9.85,7.293842940521853,0.04088980891268747,0.5653689986298244,0,2049.0,-0.011837091538701312,0.8678749888355262,0,2160.0,0.06258024034853282,0.3786783134979673,0,89.0,2151.5,2043.5,108.0,1,2.0,1.0,0.99,0.0,12,8.0,0.76,0.86,0.855,replication
BA m=5,degree_linear,0,5010,5,57,9.85,7.19902564703909,0.10120443193964383,0.15388583266137656,0,1890.5,0.06488527446822591,0.3613335164152951,0,1977.0,-0.07757372903175504,0.2749087432255498,0,536.0,1927.0,1838.5,88.5,2,2.0,0.99,0.99,0.315,9,8.0,0.78,0.84,0.54,replication
BA m=5,uniform,1,42,5,59,9.85,7.226558977900548,-0.4910367979507267,1.5583246636087418e-13,0,701.0,-0.6606403833874351,1.874879177305414e-26,0,809.0,-0.05271962332817076,0.4584445232716007,0,77.0,583.0,833.0,-250.0,14,2.0,0.8,0.99,1.0,28,9.0,0.34,0.82,1.0,primary
BA m=5,uniform,1,123,5,60,9.85,7.239444890006174,-0.495872144453044,8.266981320553129e-14,0,719.0,-0.6676465151790063,3.569211364552532e-27,0,868.5,-0.01246904411480915,0.8608907217015882,0,76.0,568.5,854.5,-286.0,9,2.0,0.92,0.99,1.0,30,9.0,0.16,0.82,1.0,primary
BA m=5,uniform,1,777,5,59,9.85,7.193195263171309,-0.5644634841851054,3.180581799961347e-18,0,808.0,-0.6829810673708901,8.044136838059491e-29,0,926.5,-0.17168857842657798,0.015061285607723516,0,76.0,626.0,956.5,-330.5,11,2.0,0.87,0.99,1.0,29,9.0,0.16,0.84,1.0,primary
BA m=5,uniform,1,17,5,54,9.85,7.2492617999109,-0.5859077809901083,7.966997832683387e-20,0,923.5,-0.6960684230894526,2.6171372322937525e-30,0,981.0,-0.2163398724545996,0.002091994262938964,0,79.0,640.0,1013.0,-373.0,13,2.0,0.77,0.99,1.0,40,8.0,0.1,0.84,1.0,primary
BA m=5,uniform,1,256,5,62,9.85,7.281650531178043,-0.5625545662119318,4.359857546312647e-18,0,948.0,-0.6533610749467643,1.0029888681736081e-25,0,1000.5,-0.2196661424370639,0.001776001768091492,0,81.0,623.5,1023.5,-400.0,11,2.0,0.87,0.99,1.0,24,8.0,0.26,0.84,1.0,primary
BA m=5,uniform,1,8,5,46,9.85,7.310402420293637,-0.5497704813857816,3.423213331873146e-17,0,785.5,-0.6844137407344282,5.577364640171336e-29,0,899.5,-0.15590531546212094,0.0274883593484941,0,77.0,614.0,948.5,-334.5,12,2.0,0.87,0.99,1.0,31,8.0,0.12,0.82,1.0,primary
BA m=5,uniform,1,99,5,44,9.85,7.431026026440916,-0.6161235334670382,2.7154993769790446e-22,0,964.0,-0.694234376128883,4.276630707104208e-30,0,1011.0,-0.19058419505079535,0.006867629691034837,0,79.5,660.5,1040.5,-380.0,12,2.0,0.87,0.99,1.0,28,8.0,0.36,0.84,1.0,primary
BA m=5,uniform,1,314,5,48,9.85,7.354565338915691,-0.520663963286943,2.7258720536721296e-15,0,893.5,-0.6843084414000297,5.7299400140363e-29,0,976.0,-0.07411136757603544,0.2969675059780021,0,76.0,613.5,998.0,-384.5,11,2.0,0.84,0.99,1.0,25,8.0,0.18,0.84,1.0,primary
BA m=5,uniform,1,2718,5,60,9.85,7.180333021047986,-0.4661572980855545,3.4899564126845164e-12,0,644.5,-0.6015389589505257,4.544224592700199e-21,0,744.0,-0.10946702669151462,0.12282234688536382,0,76.0,493.0,686.0,-193.0,9,2.0,0.9,0.99,1.0,30,8.0,0.24,0.84,1.0,primary
BA m=5,uniform,1,1618,5,54,9.85,7.151887920363598,-0.5376919549182351,2.216246405718005e-16,0,733.0,-0.622168060851348,8.087882303832303e-23,0,914.0,-0.1450226098335361,0.04047008903829469,0,77.0,578.5,920.5,-342.0,17,2.0,0.82,0.99,1.0,27,8.0,0.24,0.84,0.995,primary
BA m=5,uniform,1,5001,5,47,9.85,7.386549024681974,-0.5572238085436121,1.0407042660020966e-17,0,945.0,-0.7278681688001595,2.791288250875955e-34,0,1000.5,-0.09016761980910357,0.20417084790411896,0,77.5,637.5,1017.0,-379.5,8,2.0,0.92,0.99,1.0,27,8.0,0.2,0.84,1.0,replication
BA m=5,uniform,1,5002,5,53,9.85,7.345655027008689,-0.5853336123247769,8.824990657633093e-20,0,972.0,-0.728518112259846,2.284462648776774e-34,0,1024.0,-0.1740809191484607,0.013689944371327653,0,76.0,608.5,1033.5,-425.0,16,2.0,0.85,0.99,1.0,28,8.0,0.12,0.86,1.0,replication
BA m=5,uniform,1,5003,5,58,9.85,7.179126910876374,-0.450826831935531,2.0993194538107493e-11,0,754.5,-0.602687693493113,3.658897421504259e-21,0,852.0,-0.12937607360264788,0.06787031502822559,0,74.0,594.0,853.5,-259.5,10,2.0,0.91,0.99,0.995,25,9.0,0.34,0.84,1.0,replication
BA m=5,uniform,1,5004,5,66,9.85,7.35736182583229,-0.5377536739421009,2.195609924945217e-16,0,714.0,-0.6326663605411662,9.258601982874879e-24,0,796.5,-0.05159235216890006,0.4681232174484924,0,74.0,581.0,816.5,-235.5,7,2.0,0.93,0.99,0.99,26,7.0,0.16,0.86,1.0,replication
BA m=5,uniform,1,5005,5,45,9.85,7.263823230976402,-0.6053040983766554,2.2262841967645597e-21,0,939.0,-0.6913997567954401,9.069853545997864e-30,0,979.5,-0.07920158765141451,0.26493138469923644,0,78.0,609.0,998.5,-389.5,14,2.0,0.87,0.99,1.0,30,8.0,0.18,0.86,1.0,replication
BA m=5,uniform,1,5006,5,57,9.85,7.247687530588805,-0.5400850189983031,1.5398437228598577e-16,0,917.5,-0.614861905815046,3.4850890138550377e-22,0,965.0,-0.1536446575388727,0.029843736716957288,0,74.0,625.0,1012.0,-387.0,13,2.0,0.87,0.99,1.0,29,8.0,0.18,0.86,1.0,replication
BA m=5,uniform,1,5007,5,59,9.85,7.389197072798205,-0.6332292942039204,8.223380224343116e-24,0,880.0,-0.7211117708972727,2.1665122781122083e-33,0,946.0,-0.09917727168032393,0.16234315978276828,0,75.0,614.0,992.5,-378.5,15,2.0,0.85,0.99,1.0,19,8.0,0.46,0.84,0.985,replication
BA m=5,uniform,1,5008,5,54,9.85,7.374083558802355,-0.5562432165543045,1.219269638390418e-17,0,908.5,-0.687686581572559,2.3968590238979243e-29,0,980.5,-0.15851259467651466,0.024971174733296776,0,79.0,591.0,1023.5,-432.5,10,2.0,0.9,0.99,1.0,30,9.0,0.24,0.84,1.0,replication
BA m=5,uniform,1,5009,5,52,9.85,7.293842940521853,-0.5760317371018878,4.500658529332094e-19,0,749.5,-0.683866508421458,6.41635643562221e-29,0,924.0,-0.22620877389044,0.0012779918101687292,0,75.0,597.5,960.0,-362.5,16,2.0,0.84,0.99,1.0,31,8.0,0.22,0.84,1.0,replication
BA m=5,uniform,1,5010,5,57,9.85,7.1990256470390905,-0.5153316941792019,5.81353138108294e-15,0,719.0,-0.5710684717321204,1.0512797515247614e-18,0,867.5,-0.0864287979767931,0.22364040499604332,0,77.5,597.5,864.5,-267.0,14,2.0,0.84,0.99,1.0,25,8.0,0.14,0.84,1.0,replication
ER <k>~6,uniform,0,42,1,11,5.88,4.6232478316017005,-0.5544706249757025,1.6212336123045155e-17,2,1807.5,-0.5874939036635136,5.999699860589094e-20,8,1883.5,-0.03517540042138654,0.6209599679317258,0,101.0,1484.5,1933.5,-449.0,13,7.0,0.87,0.94,1.0,29,16.0,0.2,0.53,0.99,primary
ER <k>~6,uniform,0,123,1,12,5.92,4.704241199276036,-0.6130961554322882,4.932453918937109e-22,1,1607.0,-0.6570412260469115,4.321165850923688e-26,5,1718.0,-0.31658231880693044,4.944993762381429e-06,0,575.5,1496.5,1839.5,-343.0,15,6.0,0.75,0.94,1.0,32,16.0,0.08,0.55,1.0,primary
ER <k>~6,uniform,0,777,1,15,6.33,5.21617730023453,-0.571057769414659,1.0531884193074854e-18,0,1646.0,-0.6084699299504835,1.2129131871760233e-21,3,1721.5,-0.058665967145128256,0.409273548599007,0,93.0,1357.0,1798.0,-441.0,10,5.0,0.89,0.96,0.96,32,13.0,0.16,0.64,1.0,primary
ER <k>~6,uniform,0,17,1,14,5.94,4.622652987961617,-0.728360555941091,2.398293416373789e-34,2,1757.0,-0.7492333210921656,2.795121582480491e-37,5,1854.5,-0.30141191785636817,1.4431899593079383e-05,0,548.5,1342.0,1979.5,-637.5,14,6.0,0.82,0.94,0.995,31,16.0,0.1,0.54,1.0,primary
ER <k>~6,uniform,0,256,1,13,5.74,4.733429041352551,-0.607934668995479,1.3447154749014532e-21,1,1965.0,-0.663370193296122,9.876181634684776e-27,5,2032.5,-0.2180009968875866,0.0019282979086075514,1,569.0,1600.5,2131.0,-530.5,13,7.0,0.86,0.94,0.98,29,16.0,0.18,0.5,0.985,primary
ER <k>~6,uniform,0,8,1,14,6.04,4.778982344381536,-0.6617553829955931,1.4441695777765817e-26,4,1918.0,-0.7467657656423853,6.4286624176657814e-37,7,2007.0,-0.19694135133636717,0.005187702268867764,1,88.0,1710.5,2089.0,-378.5,15,6.0,0.79,0.95,0.995,32,16.0,0.1,0.52,1.0,primary
ER <k>~6,uniform,0,99,1,12,5.92,4.920084131308738,-0.5939097328912466,1.8749276635483455e-20,1,1852.0,-0.6407083027234712,1.6623066861698428e-24,4,1912.0,-0.021332081355241193,0.76431113342343,0,608.0,1627.5,1974.0,-346.5,11,6.0,0.88,0.945,0.94,29,16.0,0.12,0.55,0.995,primary
ER <k>~6,uniform,0,314,1,15,5.71,4.475579365586997,-0.6371545634728715,3.572858974836147e-24,4,1726.5,-0.6888559330101449,1.767733450528239e-29,6,1787.0,-0.2182251825388768,0.0019071227871555838,1,86.5,1305.5,1900.0,-594.5,16,7.0,0.73,0.93,1.0,32,17.0,0.12,0.54,1.0,primary
ER <k>~6,uniform,0,2718,1,16,6.25,4.976648139230971,-0.5699087238635294,1.2791418548282816e-18,2,1632.5,-0.6717849269299808,1.3115383793806555e-27,3,1724.0,-0.10705801013459816,0.13132977991778375,0,93.0,1390.0,1747.0,-357.0,14,6.0,0.77,0.95,1.0,29,14.0,0.34,0.64,1.0,primary
ER <k>~6,uniform,0,1618,1,13,6.18,4.942271929600191,-0.5926396254360417,2.365257791110161e-20,1,1624.0,-0.6240313298477866,5.538235295444114e-23,3,1707.0,-0.14539360502979573,0.039954759079575596,0,615.5,1414.5,1793.5,-379.0,13,5.0,0.82,0.95,1.0,25,14.0,0.24,0.6,0.995,primary
ER <k>~6,uniform,0,5001,1,13,5.6,4.2470251613494785,-0.6549672430763481,6.955341726457491e-26,2,2066.0,-0.7072807261356185,1.1972738863441587e-31,14,2130.0,-0.24392299605227016,0.000500116031684507,1,611.0,1678.5,2319.0,-640.5,25,8.0,0.71,0.92,1.0,37,17.0,0.1,0.52,1.0,replication
ER <k>~6,uniform,0,5002,1,13,5.94,4.744907250072386,-0.5981620437119789,8.549302632697685e-21,1,1977.0,-0.6459722577807332,5.252720779399513e-25,4,2077.0,-0.15629822468938695,0.02709565960547979,0,513.5,1606.5,2126.5,-520.0,15,6.0,0.81,0.95,1.0,32,15.5,0.14,0.58,1.0,replication
ER <k>~6,uniform,0,5003,1,13,6.66,5.38109842141903,-0.5470672121814981,5.233894188981881e-17,0,1721.0,-0.5919119670540376,2.7007336227145304e-20,2,1793.5,-0.25857338816949416,0.00021822240545811742,0,99.5,1413.5,1863.5,-450.0,8,5.0,0.92,0.96,0.905,16,13.0,0.42,0.66,0.715,replication
ER <k>~6,uniform,0,5004,1,12,5.8,4.546550477043365,-0.579238334168896,2.5816790507455283e-19,2,1773.5,-0.613963027630265,4.160294055799543e-22,4,1834.0,-0.160871522574814,0.022867036168821804,0,543.5,1341.0,1921.5,-580.5,15,7.0,0.85,0.94,1.0,38,16.0,0.1,0.53,1.0,replication
ER <k>~6,uniform,0,5005,1,13,5.93,4.876631481284256,-0.6180325591235042,1.8575836899958613e-22,2,1868.5,-0.6728094109904179,1.0210782770869937e-27,3,1956.5,-0.08456849423827699,0.23380406377433022,0,568.0,1531.5,2023.5,-492.0,9,6.0,0.91,0.95,0.88,28,16.0,0.2,0.52,0.995,replication
ER <k>~6,uniform,0,5006,1,14,5.94,4.6897482813138405,-0.6091458949327545,1.0644642367618443e-21,2,1921.0,-0.6530198457588907,1.083793908007002e-25,6,1966.0,-0.20759877528532714,0.003180917600784339,0,637.0,1545.5,2034.0,-488.5,14,6.0,0.77,0.95,0.995,30,15.0,0.16,0.58,1.0,replication
ER <k>~6,uniform,0,5007,1,12,6.03,4.824200360944861,-0.6736751036764456,8.25749399935235e-28,0,1809.0,-0.6977235745747078,1.674827872412182e-30,4,1899.0,-0.2221357696215352,0.0015702594764485872,0,101.5,1472.5,1978.5,-506.0,14,6.0,0.8,0.95,0.99,29,15.0,0.24,0.6,1.0,replication
ER <k>~6,uniform,0,5008,1,13,5.96,4.732340609020299,-0.7021140166551405,5.049852021355552e-31,0,1695.0,-0.7011000588570497,6.673814570703373e-31,6,1807.0,-0.10418668827306236,0.1420538727821759,0,88.0,1430.0,1953.0,-523.0,16,6.0,0.84,0.94,1.0,33,16.0,0.1,0.55,1.0,replication
ER <k>~6,uniform,0,5009,1,14,6.08,4.9061282287598695,-0.6227701625936376,7.158307062050347e-23,2,1818.0,-0.6473942411612215,3.832993656717458e-25,4,1894.0,-0.16877281487425524,0.016893822220926297,0,87.0,1411.5,1941.0,-529.5,16,5.0,0.79,0.955,1.0,32,15.0,0.14,0.56,1.0,replication
ER <k>~6,uniform,0,5010,1,13,6.48,5.344452531388611,-0.45075478788386175,2.1166534038466812e-11,2,1640.5,-0.5205393545076327,2.7749688360502705e-15,3,1758.5,-0.2962872559241175,2.045051179869699e-05,2,101.5,1515.0,1791.5,-276.5,5,4.0,0.95,0.96,0.51,20,13.0,0.48,0.64,0.91,replication
ER <k>~6,degree_linear,0,42,1,11,5.88,4.6232478316017005,0.09563334644446854,0.17795704357265416,14,2724.0,-0.02557852264200945,0.7192013309087879,47,2868.0,0.07753302107775452,0.2751614676869933,2,992.5,2844.0,2709.5,134.5,2,7.0,0.99,0.94,0.0,7,16.0,0.74,0.53,0.005,primary
ER <k>~6,degree_linear,0,123,1,12,5.92,4.704241199276036,0.09803442903764431,0.16726203647968602,1,2326.0,0.07688565776889296,0.2792016046245813,3,2399.0,0.03661107947461081,0.6067723780128629,0,742.5,2397.0,2314.0,83.0,5,6.0,0.94,0.94,0.2,10,16.0,0.52,0.55,0.075,primary
ER <k>~6,degree_linear,0,777,1,15,6.33,5.21617730023453,0.07287630416382677,0.30511276549728705,1,2384.5,0.10190471036792155,0.1510428549630068,2,2484.5,0.056485124805768706,0.42693479558796343,0,695.5,2483.5,2364.0,119.5,1,5.0,1.0,0.96,0.0,8,13.0,0.8,0.64,0.05,primary
ER <k>~6,degree_linear,0,17,1,14,5.94,4.622652987961617,0.18705437911544298,0.0079964844335756,17,2809.0,0.1885163275411237,0.007510340461923741,77,2963.5,-0.06333516010438756,0.37294253816104017,3,1216.5,2815.0,2760.0,55.0,3,6.0,0.97,0.94,0.03,11,16.0,0.76,0.54,0.07,primary
ER <k>~6,degree_linear,0,256,1,13,5.74,4.733429041352551,0.10660238637609994,0.13298862034129458,26,2816.0,0.1434836596463253,0.04266786582107828,96,2994.5,-0.02446770639156589,0.7309153139157687,4,1154.0,2851.5,2807.5,44.0,5,7.0,0.95,0.94,0.19,12,16.0,0.74,0.5,0.125,primary
ER <k>~6,degree_linear,0,8,1,14,6.04,4.778982344381536,0.06424172469805392,0.36612558196714595,24,2776.0,0.05242854818076726,0.46093296073409895,60,2896.0,-0.0472227132599702,0.5066809677071888,6,828.0,2812.0,2738.0,74.0,4,6.0,0.95,0.95,0.16,13,16.0,0.64,0.52,0.27,primary
ER <k>~6,degree_linear,0,99,1,12,5.92,4.920084131308738,0.09482535398486437,0.18166730082192026,13,2783.5,0.06086689834869266,0.39189454655925826,49,2874.0,0.07661656430216468,0.2808927131555724,1,1143.0,2856.5,2785.0,71.5,3,6.0,0.98,0.945,0.045,15,16.0,0.7,0.55,0.37,primary
ER <k>~6,degree_linear,0,314,1,15,5.71,4.475579365586997,0.17403677934277442,0.013714220190487883,24,2788.5,0.27017880379719705,0.00010921100124718101,91,2983.5,0.07997819518534417,0.2602597921449915,6,667.5,2850.0,2748.5,101.5,4,7.0,0.97,0.93,0.04,13,17.0,0.62,0.54,0.15,primary
ER <k>~6,degree_linear,0,2718,1,16,6.25,4.976648139230971,0.10024644762705573,0.1578401771248282,9,2582.0,0.054512829319544355,0.4432801816184331,14,2671.5,-0.018649296623828037,0.7932362209460256,0,1090.0,2582.0,2573.5,8.5,4,6.0,0.97,0.95,0.12,7,14.0,0.88,0.64,0.005,primary
ER <k>~6,degree_linear,0,1618,1,13,6.18,4.942271929600191,0.19241681306635838,0.006339518185413025,1,2439.5,0.16048960514187868,0.023196961170940854,4,2514.0,0.05755752256788939,0.4181956388159701,0,1007.5,2564.0,2380.5,183.5,3,5.0,0.98,0.95,0.055,10,14.0,0.8,0.6,0.08,primary
ER <k>~6,degree_linear,0,5001,1,13,5.6,4.2470251613494785,0.05752385759332928,0.4184683812612008,32,2846.0,0.17134939220632966,0.015265125859232934,114,3000.0,-0.025052236919313964,0.7247432525282922,4,1043.0,2773.0,2846.0,-73.0,8,8.0,0.92,0.92,0.45,14,17.0,0.44,0.52,0.16,replication
ER <k>~6,degree_linear,0,5002,1,13,5.94,4.744907250072386,0.03416293992641934,0.6310504694657912,31,2867.0,0.16076852518377246,0.022955611142584542,123,3000.0,0.02219630130842357,0.7550602930995719,2,1174.5,2816.0,2844.5,-28.5,4,6.0,0.96,0.95,0.105,16,15.5,0.52,0.58,0.5,replication
ER <k>~6,degree_linear,0,5003,1,13,6.66,5.38109842141903,0.22217244196136096,0.001567375595146874,20,2775.0,0.16791976275626103,0.017465426333779725,51,2885.0,0.03146701345389382,0.6582497082369623,4,725.5,2793.5,2711.0,82.5,2,5.0,0.98,0.96,0.03,7,13.0,0.72,0.66,0.04,replication
ER <k>~6,degree_linear,0,5004,1,12,5.8,4.546550477043365,0.08180428025610995,0.2494990782934249,35,2867.5,0.19588173417476665,0.005439180994295898,107,3000.0,0.01700060653408368,0.811155862656004,6,1102.5,2855.5,2861.5,-6.0,6,7.0,0.94,0.94,0.315,17,16.0,0.22,0.53,0.53,replication
ER <k>~6,degree_linear,0,5005,1,13,5.93,4.876631481284256,0.06921873237201914,0.33008950754663957,28,2885.5,0.19100444299124894,0.006743175257439634,111,3000.0,0.03680799856183631,0.604837655253553,5,1120.0,2891.0,2865.0,26.0,3,6.0,0.98,0.95,0.06,16,16.0,0.32,0.52,0.475,replication
ER <k>~6,degree_linear,0,5006,1,14,5.94,4.6897482813138405,0.1911528651762724,0.006699703830348316,28,2833.5,0.22658459689902669,0.001253706531426422,95,2993.5,-0.0024894935148148025,0.9720907999408925,3,1099.0,2946.0,2822.5,123.5,5,6.0,0.96,0.95,0.215,4,15.0,0.94,0.58,0.0,replication
ER <k>~6,degree_linear,0,5007,1,12,6.03,4.824200360944861,0.08871783662999654,0.21156988844930785,24,2770.5,0.13108766963339524,0.06428016798832491,66,2908.5,0.004244694429604212,0.9524319678875206,2,647.5,2777.0,2763.0,14.0,6,6.0,0.95,0.95,0.455,15,15.0,0.7,0.6,0.455,replication
ER <k>~6,degree_linear,0,5008,1,13,5.96,4.732340609020299,0.02486012764976097,0.7267698004697294,41,2893.0,0.1712624039486571,0.015317789844348617,123,3000.0,0.06913516146085226,0.33067512995501813,4,776.5,2973.5,2885.0,88.5,8,6.0,0.9,0.94,0.735,12,16.0,0.7,0.55,0.16,replication
ER <k>~6,degree_linear,0,5009,1,14,6.08,4.9061282287598695,0.10063954324491885,0.1562084235579699,39,2892.0,0.18560502583379132,0.008505843033847257,104,3000.0,-0.021866595660847546,0.7585855188850609,0,669.5,2889.5,2879.0,10.5,4,5.0,0.97,0.955,0.175,10,15.0,0.72,0.56,0.055,replication
ER <k>~6,degree_linear,0,5010,1,13,6.48,5.344452531388611,0.1690909220302039,0.016684877877322018,0,2429.5,0.16435605443724632,0.020039146338742167,0,2500.5,0.04080623808415743,0.5661646160707002,0,1062.0,2480.5,2336.5,144.0,4,4.0,0.97,0.96,0.315,12,13.0,0.76,0.64,0.305,replication
