k,seed_idx,m4r_acc,m4r_cost,leaky_acc,leaky_cost,leaky_params
1,0,1.0,451.0,0.5,1400.5,"(0.05, 0.0, 800)"
1,1,0.5,396.0,1.0,2000.0,"(0.05, 0.0, 800)"
1,2,1.0,397.5,1.0,2000.0,"(0.05, 0.0, 800)"
1,3,1.0,432.5,1.0,2000.0,"(0.05, 0.0, 800)"
1,4,1.0,194.0,1.0,2000.0,"(0.05, 0.0, 800)"
1,5,0.0,190.0,1.0,2000.0,"(0.05, 0.0, 800)"
1,6,0.5,423.0,0.0,2000.0,"(0.05, 0.0, 800)"
1,7,1.0,399.5,1.0,2000.0,"(0.05, 0.0, 800)"
1,8,0.0,193.0,0.0,2000.0,"(0.05, 0.0, 800)"
1,9,1.0,187.0,1.0,801.0,"(0.05, 0.0, 800)"
1,10,1.0,217.0,0.0,2000.0,"(0.05, 0.0, 800)"
1,11,1.0,423.5,0.0,2000.0,"(0.05, 0.0, 800)"
1,12,1.0,200.0,1.0,2000.0,"(0.05, 0.0, 800)"
1,13,0.5,424.0,0.0,2000.0,"(0.05, 0.0, 800)"
1,14,1.0,414.5,0.0,2000.0,"(0.05, 0.0, 800)"
1,15,1.0,423.0,0.0,2000.0,"(0.05, 0.0, 800)"
1,16,0.0,189.0,0.5,1400.5,"(0.05, 0.0, 800)"
1,17,0.0,223.0,0.5,1400.5,"(0.05, 0.0, 800)"
1,18,1.0,198.0,1.0,801.0,"(0.05, 0.0, 800)"
1,19,0.0,203.0,0.0,2000.0,"(0.05, 0.0, 800)"
3,0,1.0,451.0,1.0,2000.0,"(0.05, 0.02, 800)"
3,1,1.0,396.0,1.0,1336.5,"(0.05, 0.02, 800)"
3,2,1.0,397.5,1.0,2000.0,"(0.05, 0.02, 800)"
3,3,0.5,432.5,1.0,2000.0,"(0.05, 0.02, 800)"
3,4,0.0,194.0,1.0,1337.0,"(0.05, 0.02, 800)"
3,5,1.0,190.0,1.0,801.0,"(0.05, 0.02, 800)"
3,6,1.0,423.0,0.0,2000.0,"(0.05, 0.02, 800)"
3,7,1.0,399.5,1.0,2000.0,"(0.05, 0.02, 800)"
3,8,1.0,193.0,0.0,2000.0,"(0.05, 0.02, 800)"
3,9,0.0,187.0,1.0,2000.0,"(0.05, 0.02, 800)"
3,10,0.0,217.0,0.0,2000.0,"(0.05, 0.02, 800)"
3,11,1.0,423.5,0.0,2000.0,"(0.05, 0.02, 800)"
3,12,0.0,200.0,1.0,1337.5,"(0.05, 0.02, 800)"
3,13,0.5,424.0,0.0,2000.0,"(0.05, 0.02, 800)"
3,14,1.0,414.5,0.0,2000.0,"(0.05, 0.02, 800)"
3,15,1.0,423.0,1.0,801.0,"(0.05, 0.02, 800)"
3,16,1.0,189.0,1.0,801.0,"(0.05, 0.02, 800)"
3,17,0.0,223.0,1.0,1336.5,"(0.05, 0.02, 800)"
3,18,1.0,198.0,1.0,801.0,"(0.05, 0.02, 800)"
3,19,1.0,203.0,1.0,801.0,"(0.05, 0.02, 800)"
5,0,1.0,451.0,1.0,996.0,"(0.05, 0.02, 800)"
5,1,1.0,396.0,1.0,1337.0,"(0.05, 0.02, 800)"
5,2,1.0,397.5,1.0,2000.0,"(0.05, 0.02, 800)"
5,3,1.0,432.5,1.0,1335.5,"(0.05, 0.02, 800)"
5,4,0.0,194.0,1.0,2000.0,"(0.05, 0.02, 800)"
5,5,1.0,190.0,1.0,1336.5,"(0.05, 0.02, 800)"
5,6,1.0,423.0,1.0,803.0,"(0.05, 0.02, 800)"
5,7,1.0,399.5,1.0,1343.0,"(0.05, 0.02, 800)"
5,8,0.0,193.0,0.0,2000.0,"(0.05, 0.02, 800)"
5,9,0.0,187.0,1.0,1351.5,"(0.05, 0.02, 800)"
5,10,1.0,217.0,1.0,802.0,"(0.05, 0.02, 800)"
5,11,1.0,423.5,0.0,2000.0,"(0.05, 0.02, 800)"
5,12,1.0,200.0,1.0,803.0,"(0.05, 0.02, 800)"
5,13,0.5,424.0,0.0,2000.0,"(0.05, 0.02, 800)"
5,14,1.0,414.5,1.0,1351.5,"(0.05, 0.02, 800)"
5,15,1.0,423.0,1.0,802.0,"(0.05, 0.02, 800)"
5,16,0.0,189.0,1.0,2000.0,"(0.05, 0.02, 800)"
5,17,0.0,223.0,1.0,2000.0,"(0.05, 0.02, 800)"
5,18,0.0,198.0,1.0,2000.0,"(0.05, 0.02, 800)"
5,19,1.0,203.0,1.0,802.0,"(0.05, 0.02, 800)"
10,0,1.0,451.0,1.0,1352.5,"(0.05, 0.0, 800)"
10,1,1.0,396.0,1.0,1357.0,"(0.05, 0.0, 800)"
10,2,1.0,397.5,1.0,801.0,"(0.05, 0.0, 800)"
10,3,1.0,432.5,1.0,1360.5,"(0.05, 0.0, 800)"
10,4,1.0,194.0,1.0,1356.0,"(0.05, 0.0, 800)"
10,5,0.0,190.0,1.0,2000.0,"(0.05, 0.0, 800)"
10,6,1.0,423.0,1.0,802.0,"(0.05, 0.0, 800)"
10,7,1.0,399.5,1.0,804.0,"(0.05, 0.0, 800)"
10,8,1.0,193.0,1.0,1219.0,"(0.05, 0.0, 800)"
10,9,1.0,187.0,1.0,1335.0,"(0.05, 0.0, 800)"
10,10,1.0,217.0,1.0,1163.0,"(0.05, 0.0, 800)"
10,11,1.0,423.5,1.0,1350.0,"(0.05, 0.0, 800)"
10,12,1.0,200.0,1.0,1337.0,"(0.05, 0.0, 800)"
10,13,1.0,424.0,1.0,1354.5,"(0.05, 0.0, 800)"
10,14,1.0,414.5,1.0,801.0,"(0.05, 0.0, 800)"
10,15,1.0,423.0,0.0,2000.0,"(0.05, 0.0, 800)"
10,16,1.0,189.0,1.0,1343.0,"(0.05, 0.0, 800)"
10,17,0.0,223.0,1.0,1358.0,"(0.05, 0.0, 800)"
10,18,1.0,198.0,1.0,1372.5,"(0.05, 0.0, 800)"
10,19,0.0,203.0,1.0,1356.0,"(0.05, 0.0, 800)"
25,0,1.0,451.0,1.0,1340.0,"(0.05, 0.0, 800)"
25,1,1.0,396.0,1.0,1364.0,"(0.05, 0.0, 800)"
25,2,1.0,397.5,1.0,1330.0,"(0.05, 0.0, 800)"
25,3,1.0,432.5,1.0,1344.5,"(0.05, 0.0, 800)"
25,4,1.0,194.0,1.0,1344.0,"(0.05, 0.0, 800)"
25,5,1.0,190.0,1.0,1341.0,"(0.05, 0.0, 800)"
25,6,1.0,423.0,1.0,1352.5,"(0.05, 0.0, 800)"
25,7,1.0,399.5,1.0,1295.5,"(0.05, 0.0, 800)"
25,8,0.0,193.0,1.0,1350.0,"(0.05, 0.0, 800)"
25,9,0.0,187.0,1.0,1359.0,"(0.05, 0.0, 800)"
25,10,1.0,217.0,1.0,1331.5,"(0.05, 0.0, 800)"
25,11,1.0,423.5,1.0,1365.0,"(0.05, 0.0, 800)"
25,12,1.0,200.0,1.0,1357.0,"(0.05, 0.0, 800)"
25,13,1.0,424.0,1.0,1359.0,"(0.05, 0.0, 800)"
25,14,1.0,414.5,1.0,1356.0,"(0.05, 0.0, 800)"
25,15,1.0,423.0,1.0,1337.5,"(0.05, 0.0, 800)"
25,16,1.0,189.0,1.0,1345.5,"(0.05, 0.0, 800)"
25,17,0.0,223.0,1.0,1335.5,"(0.05, 0.0, 800)"
25,18,1.0,198.0,1.0,1353.0,"(0.05, 0.0, 800)"
25,19,1.0,203.0,1.0,1340.0,"(0.05, 0.0, 800)"
50,0,1.0,451.0,1.0,1339.0,"(0.05, 0.0, 800)"
50,1,1.0,396.0,1.0,1352.0,"(0.05, 0.0, 800)"
50,2,1.0,397.5,1.0,1343.0,"(0.05, 0.0, 800)"
50,3,1.0,432.5,1.0,1343.0,"(0.05, 0.0, 800)"
50,4,1.0,194.0,1.0,1345.0,"(0.05, 0.0, 800)"
50,5,0.0,190.0,1.0,1359.5,"(0.05, 0.0, 800)"
50,6,1.0,423.0,1.0,1349.0,"(0.05, 0.0, 800)"
50,7,1.0,399.5,1.0,1354.0,"(0.05, 0.0, 800)"
50,8,1.0,193.0,1.0,1340.5,"(0.05, 0.0, 800)"
50,9,0.0,187.0,1.0,1359.0,"(0.05, 0.0, 800)"
50,10,1.0,217.0,1.0,1335.5,"(0.05, 0.0, 800)"
50,11,1.0,423.5,1.0,1352.5,"(0.05, 0.0, 800)"
50,12,1.0,200.0,1.0,1350.0,"(0.05, 0.0, 800)"
50,13,1.0,424.0,1.0,1348.0,"(0.05, 0.0, 800)"
50,14,1.0,414.5,1.0,1346.5,"(0.05, 0.0, 800)"
50,15,1.0,423.0,1.0,1348.0,"(0.05, 0.0, 800)"
50,16,1.0,189.0,1.0,1341.5,"(0.05, 0.0, 800)"
50,17,1.0,223.0,1.0,1343.0,"(0.05, 0.0, 800)"
50,18,1.0,198.0,1.0,1345.5,"(0.05, 0.0, 800)"
50,19,1.0,203.0,1.0,1336.0,"(0.05, 0.0, 800)"
100,0,1.0,451.0,1.0,1346.0,"(0.05, 0.0, 800)"
100,1,1.0,396.0,1.0,1346.5,"(0.05, 0.0, 800)"
100,2,1.0,397.5,1.0,1346.5,"(0.05, 0.0, 800)"
100,3,1.0,432.5,1.0,1345.0,"(0.05, 0.0, 800)"
100,4,1.0,194.0,1.0,1348.5,"(0.05, 0.0, 800)"
100,5,1.0,190.0,1.0,1347.5,"(0.05, 0.0, 800)"
100,6,1.0,423.0,1.0,1348.5,"(0.05, 0.0, 800)"
100,7,1.0,399.5,1.0,1346.5,"(0.05, 0.0, 800)"
100,8,1.0,193.0,1.0,1348.5,"(0.05, 0.0, 800)"
100,9,1.0,187.0,1.0,1347.5,"(0.05, 0.0, 800)"
100,10,0.0,217.0,1.0,1348.5,"(0.05, 0.0, 800)"
100,11,1.0,423.5,1.0,1348.5,"(0.05, 0.0, 800)"
100,12,1.0,200.0,1.0,1350.0,"(0.05, 0.0, 800)"
100,13,1.0,424.0,1.0,1346.0,"(0.05, 0.0, 800)"
100,14,1.0,414.5,1.0,1347.5,"(0.05, 0.0, 800)"
100,15,1.0,423.0,1.0,1350.5,"(0.05, 0.0, 800)"
100,16,1.0,189.0,1.0,1347.0,"(0.05, 0.0, 800)"
100,17,0.0,223.0,1.0,1348.0,"(0.05, 0.0, 800)"
100,18,1.0,198.0,1.0,1346.5,"(0.05, 0.0, 800)"
100,19,1.0,203.0,1.0,1347.5,"(0.05, 0.0, 800)"
