i_stim,u_frozen,u_filter,group,seed,synchrony,lz_full,u_drift
0.00,0.050,0.898281,canon,0,0.0043665740,1.0883984188,0.000e+00
0.00,0.050,0.898281,canon,1,-0.0046333659,1.0173562841,0.000e+00
0.00,0.050,0.898281,canon,2,0.0141746554,0.9773093665,0.000e+00
0.00,0.050,0.898281,canon,3,0.0154520228,1.2192366360,0.000e+00
0.00,0.050,0.898281,canon,4,-0.0054855888,1.5242515154,0.000e+00
0.00,0.050,0.898281,canon,5,0.0127254618,1.5176684605,0.000e+00
0.00,0.050,0.898281,canon,6,-0.0001377578,1.4746043093,0.000e+00
0.00,0.050,0.898281,canon,7,-0.0022228434,1.0755066028,0.000e+00
0.00,0.050,0.898281,canon,8,0.0056245222,1.1328340397,0.000e+00
0.00,0.050,0.898281,canon,9,0.0107181533,1.3758584851,0.000e+00
0.00,0.150,0.810340,canon,0,0.0035249752,1.0777009545,0.000e+00
0.00,0.150,0.810340,canon,1,-0.0061625951,0.9967842374,0.000e+00
0.00,0.150,0.810340,canon,2,0.0235295675,0.9855381852,0.000e+00
0.00,0.150,0.810340,canon,3,0.0144581549,1.1871442431,0.000e+00
0.00,0.150,0.810340,canon,4,-0.0050894706,1.4918848286,0.000e+00
0.00,0.150,0.810340,canon,5,0.0126687829,1.5025822929,0.000e+00
0.00,0.150,0.810340,canon,6,-0.0003626600,1.4488206774,0.000e+00
0.00,0.150,0.810340,canon,7,-0.0031556578,1.0661806083,0.000e+00
0.00,0.150,0.810340,canon,8,0.0055979770,1.0988215891,0.000e+00
0.00,0.150,0.810340,canon,9,0.0098654366,1.2510547349,0.000e+00
0.00,0.250,0.665794,canon,0,0.0016847878,1.0247622209,0.000e+00
0.00,0.250,0.665794,canon,1,-0.0065827481,0.9959613555,0.000e+00
0.00,0.250,0.665794,canon,2,0.0245917623,0.9816980698,0.000e+00
0.00,0.250,0.665794,canon,3,0.0126777543,1.1259766908,0.000e+00
0.00,0.250,0.665794,canon,4,-0.0038272040,1.1303653941,0.000e+00
0.00,0.250,0.665794,canon,5,0.0125428945,1.3440403861,0.000e+00
0.00,0.250,0.665794,canon,6,-0.0006158398,1.2861643613,0.000e+00
0.00,0.250,0.665794,canon,7,-0.0032508308,0.9814237758,0.000e+00
0.00,0.250,0.665794,canon,8,0.0036407287,1.0442370918,0.000e+00
0.00,0.250,0.665794,canon,9,0.0088237810,1.1975674134,0.000e+00
0.00,0.325,0.510354,canon,0,0.0024402119,1.0022701165,0.000e+00
0.00,0.325,0.510354,canon,1,-0.0054115407,0.9989785890,0.000e+00
0.00,0.325,0.510354,canon,2,0.0349555286,0.9844410093,0.000e+00
0.00,0.325,0.510354,canon,3,0.0105129465,1.1034845864,0.000e+00
0.00,0.325,0.510354,canon,4,0.0039101117,0.9731949571,0.000e+00
0.00,0.325,0.510354,canon,5,0.0116653255,1.2392600948,0.000e+00
0.00,0.325,0.510354,canon,6,-0.0009215669,1.1040331743,0.000e+00
0.00,0.325,0.510354,canon,7,0.0008010405,0.9751150148,0.000e+00
0.00,0.325,0.510354,canon,8,0.0047078000,1.0129675808,0.000e+00
0.00,0.325,0.510354,canon,9,0.0068912385,1.0595975534,0.000e+00
0.00,0.400,0.314216,canon,0,0.0018794272,0.9811494819,0.000e+00
0.00,0.400,0.314216,canon,1,-0.0065035106,1.0008986467,0.000e+00
0.00,0.400,0.314216,canon,2,0.0243948612,0.9984300011,0.000e+00
0.00,0.400,0.314216,canon,3,0.0067455218,1.0088531715,0.000e+00
0.00,0.400,0.314216,canon,4,-0.0009646760,0.9734692511,0.000e+00
0.00,0.400,0.314216,canon,5,0.0094759793,1.0637119627,0.000e+00
0.00,0.400,0.314216,canon,6,-0.0051200083,1.0080302896,0.000e+00
0.00,0.400,0.314216,canon,7,0.0050435789,0.9800523060,0.000e+00
0.00,0.400,0.314216,canon,8,0.0031394011,0.9984300011,0.000e+00
0.00,0.400,0.314216,canon,9,0.0028227228,0.9844410093,0.000e+00
0.00,0.450,0.165800,canon,0,-0.0009537930,0.9940412978,0.000e+00
0.00,0.450,0.165800,canon,1,-0.0076564310,1.0121446989,0.000e+00
0.00,0.450,0.165800,canon,2,0.0208263445,1.0168076962,0.000e+00
0.00,0.450,0.165800,canon,3,0.0067722338,0.9858124791,0.000e+00
0.00,0.450,0.165800,canon,4,0.0003496980,0.9742921330,0.000e+00
0.00,0.450,0.165800,canon,5,0.0056421577,0.9904754764,0.000e+00
0.00,0.450,0.165800,canon,6,-0.0023901352,0.9959613555,0.000e+00
0.00,0.450,0.165800,canon,7,0.0014484416,0.9877325368,0.000e+00
0.00,0.450,0.165800,canon,8,0.0024321662,0.9915726522,0.000e+00
0.00,0.450,0.165800,canon,9,0.0022299272,0.9951384736,0.000e+00
0.00,0.500,0.010000,canon,0,0.0001779523,1.0176305781,0.000e+00
0.00,0.500,0.010000,canon,1,-0.0000456786,1.0409455643,0.000e+00
0.00,0.500,0.010000,canon,2,0.0154700177,1.0395740946,0.000e+00
0.00,0.500,0.010000,canon,3,0.0078380946,0.9943155918,0.000e+00
0.00,0.500,0.010000,canon,4,0.0043411663,0.9855381852,0.000e+00
0.00,0.500,0.010000,canon,5,0.0073045388,1.0041901742,0.000e+00
0.00,0.500,0.010000,canon,6,-0.0069502535,0.9899268885,0.000e+00
0.00,0.500,0.010000,canon,7,-0.0037244671,1.0030929984,0.000e+00
0.00,0.500,0.010000,canon,8,0.0039736739,1.0003500588,0.000e+00
0.00,0.500,0.010000,canon,9,-0.0013096043,1.0096760533,0.000e+00
0.00,0.550,-0.145800,canon,0,-0.0047314247,1.0497229710,0.000e+00
0.00,0.550,-0.145800,canon,1,0.0018634901,1.0744094270,0.000e+00
0.00,0.550,-0.145800,canon,2,0.0256055578,1.0645348446,0.000e+00
0.00,0.550,-0.145800,canon,3,-0.0031861205,1.0200992237,0.000e+00
0.00,0.550,-0.145800,canon,4,0.0072104478,1.0096760533,0.000e+00
0.00,0.550,-0.145800,canon,5,0.0089715892,1.0277794544,0.000e+00
0.00,0.550,-0.145800,canon,6,-0.0066471750,0.9976071192,0.000e+00
0.00,0.550,-0.145800,canon,7,-0.0009046603,1.0368311550,0.000e+00
0.00,0.550,-0.145800,canon,8,0.0004102154,1.0310709819,0.000e+00
0.00,0.550,-0.145800,canon,9,0.0035292959,1.0456085616,0.000e+00
0.00,0.650,-0.429200,canon,0,0.0164660384,1.1451772678,0.000e+00
0.00,0.650,-0.429200,canon,1,0.0030969162,1.2030532926,0.000e+00
0.00,0.650,-0.429200,canon,2,-0.0017977390,1.3358115674,0.000e+00
0.00,0.650,-0.429200,canon,3,0.0108101270,1.1641035507,0.000e+00
0.00,0.650,-0.429200,canon,4,0.0014626871,1.3558350262,0.000e+00
0.00,0.650,-0.429200,canon,5,0.0108933332,1.3657096087,0.000e+00
0.00,0.650,-0.429200,canon,6,-0.0040706755,1.3454118559,0.000e+00
0.00,0.650,-0.429200,canon,7,-0.0004296251,1.1550518502,0.000e+00
0.00,0.650,-0.429200,canon,8,0.0053983763,1.0982730012,0.000e+00
0.00,0.650,-0.429200,canon,9,0.0231091276,1.2145736387,0.000e+00
0.00,0.800,-0.726359,canon,0,0.0133864388,1.2222538695,0.000e+00
0.00,0.800,-0.726359,canon,1,0.0018079713,1.2639465509,0.000e+00
0.00,0.800,-0.726359,canon,2,0.0009219839,1.3632409631,0.000e+00
0.00,0.800,-0.726359,canon,3,0.0107295595,1.0831868336,0.000e+00
0.00,0.800,-0.726359,canon,4,0.0019779349,1.2343228036,0.000e+00
0.00,0.800,-0.726359,canon,5,0.0156884191,1.3146909328,0.000e+00
0.00,0.800,-0.726359,canon,6,-0.0049680154,1.2694324300,0.000e+00
0.00,0.800,-0.726359,canon,7,0.0002191150,1.1273481606,0.000e+00
0.00,0.800,-0.726359,canon,8,0.0058697119,1.0996444710,0.000e+00
0.00,0.800,-0.726359,canon,9,0.0197132107,1.1534060865,0.000e+00
0.00,0.950,-0.878281,canon,0,0.0073688998,1.1942758859,0.000e+00
0.00,0.950,-0.878281,canon,1,-0.0040037193,1.2905530646,0.000e+00
0.00,0.950,-0.878281,canon,2,0.0079198857,1.3160624026,0.000e+00
0.00,0.950,-0.878281,canon,3,0.0083685021,1.1350283914,0.000e+00
0.00,0.950,-0.878281,canon,4,-0.0035924405,1.2293855124,0.000e+00
0.00,0.950,-0.878281,canon,5,-0.0004511597,1.2282883365,0.000e+00
0.00,0.950,-0.878281,canon,6,-0.0029819699,1.2617521992,0.000e+00
0.00,0.950,-0.878281,canon,7,0.0119265170,1.1890643008,0.000e+00
0.00,0.950,-0.878281,canon,8,-0.0012529394,1.1199422238,0.000e+00
0.00,0.950,-0.878281,canon,9,-0.0007161357,1.1671207843,0.000e+00
0.10,0.050,0.898281,canon,0,0.4621800292,1.5291888067,0.000e+00
0.10,0.050,0.898281,canon,1,0.3889112062,1.5461950319,0.000e+00
0.10,0.050,0.898281,canon,2,0.2188831501,1.5028565868,0.000e+00
0.10,0.050,0.898281,canon,3,0.3617367892,1.5470179138,0.000e+00
0.10,0.050,0.898281,canon,4,0.4773440226,1.5267201610,0.000e+00
0.10,0.050,0.898281,canon,5,0.5927807640,1.5760930732,0.000e+00
0.10,0.050,0.898281,canon,6,0.4482470529,1.5549724385,0.000e+00
0.10,0.050,0.898281,canon,7,0.3066183022,1.5171198726,0.000e+00
0.10,0.050,0.898281,canon,8,0.3862411726,1.5237029275,0.000e+00
0.10,0.050,0.898281,canon,9,0.4790296870,1.5390633891,0.000e+00
0.10,0.150,0.810340,canon,0,0.4062693740,1.5151998149,0.000e+00
0.10,0.150,0.810340,canon,1,0.3596138115,1.5330289220,0.000e+00
0.10,0.150,0.810340,canon,2,0.2072114137,1.4850274797,0.000e+00
0.10,0.150,0.810340,canon,3,0.3437837861,1.5300116885,0.000e+00
0.10,0.150,0.810340,canon,4,0.4115346767,1.5160226967,0.000e+00
0.10,0.150,0.810340,canon,5,0.5299568027,1.5640241391,0.000e+00
0.10,0.150,0.810340,canon,6,0.5228618852,1.5483893836,0.000e+00
0.10,0.150,0.810340,canon,7,0.3889937657,1.5319317462,0.000e+00
0.10,0.150,0.810340,canon,8,0.2264710515,1.4918848286,0.000e+00
0.10,0.150,0.810340,canon,9,0.3968910340,1.5316574523,0.000e+00
0.10,0.250,0.665794,canon,0,0.3791096877,1.5009365291,0.000e+00
0.10,0.250,0.665794,canon,1,0.3077560758,1.5020337050,0.000e+00
0.10,0.250,0.665794,canon,2,0.1997047505,1.4671983725,0.000e+00
0.10,0.250,0.665794,canon,3,0.4168339749,1.5215085759,0.000e+00
0.10,0.250,0.665794,canon,4,0.2909172652,1.4990164715,0.000e+00
0.10,0.250,0.665794,canon,5,0.4867862239,1.5316574523,0.000e+00
0.10,0.250,0.665794,canon,6,0.4143686081,1.5190399303,0.000e+00
0.10,0.250,0.665794,canon,7,0.3770243578,1.5086167599,0.000e+00
0.10,0.250,0.665794,canon,8,0.2276460006,1.4671983725,0.000e+00
0.10,0.250,0.665794,canon,9,0.3310395527,1.5091653478,0.000e+00
0.10,0.325,0.510354,canon,0,0.2514875124,1.4778958368,0.000e+00
0.10,0.325,0.510354,canon,1,0.2873568372,1.4927077105,0.000e+00
0.10,0.325,0.510354,canon,2,0.1243988636,1.4932562984,0.000e+00
0.10,0.325,0.510354,canon,3,0.2552401624,1.5012108231,0.000e+00
0.10,0.325,0.510354,canon,4,0.1854054592,1.4872218313,0.000e+00
0.10,0.325,0.510354,canon,5,0.3716204154,1.5204114000,0.000e+00
0.10,0.325,0.510354,canon,6,0.3013466071,1.4951763561,0.000e+00
0.10,0.325,0.510354,canon,7,0.2168990519,1.4916105346,0.000e+00
0.10,0.325,0.510354,canon,8,0.1478308656,1.4543065566,0.000e+00
0.10,0.325,0.510354,canon,9,0.2196347878,1.4979192956,0.000e+00
0.10,0.400,0.314216,canon,0,0.2200603586,1.4803644824,0.000e+00
0.10,0.400,0.314216,canon,1,0.1266081658,1.4767986610,0.000e+00
0.10,0.400,0.314216,canon,2,0.0413983536,1.4751528972,0.000e+00
0.10,0.400,0.314216,canon,3,0.1548306265,1.4639068450,0.000e+00
0.10,0.400,0.314216,canon,4,0.1155384279,1.4630839632,0.000e+00
0.10,0.400,0.314216,canon,5,0.1926864609,1.4855760676,0.000e+00
0.10,0.400,0.314216,canon,6,0.1245121449,1.4787187187,0.000e+00
0.10,0.400,0.314216,canon,7,0.0912893151,1.4493692654,0.000e+00
0.10,0.400,0.314216,canon,8,0.0568750588,1.4309915703,0.000e+00
0.10,0.400,0.314216,canon,9,0.0704761463,1.4630839632,0.000e+00
0.10,0.450,0.165800,canon,0,0.0485522213,1.4718613698,0.000e+00
0.10,0.450,0.165800,canon,1,0.0539104691,1.4636325511,0.000e+00
0.10,0.450,0.165800,canon,2,0.0239321045,1.4647297269,0.000e+00
0.10,0.450,0.165800,canon,3,-0.0044857322,1.4408661527,0.000e+00
0.10,0.450,0.165800,canon,4,0.0716363548,1.4381232131,0.000e+00
0.10,0.450,0.165800,canon,5,0.0901274178,1.4666497846,0.000e+00
0.10,0.450,0.165800,canon,6,0.0212463832,1.4455291500,0.000e+00
0.10,0.450,0.165800,canon,7,0.0487796015,1.4356545675,0.000e+00
0.10,0.450,0.165800,canon,8,0.0177896077,1.4389460950,0.000e+00
0.10,0.450,0.165800,canon,9,0.0439684379,1.4501921472,0.000e+00
0.10,0.500,0.010000,canon,0,0.0038443080,1.4688441363,0.000e+00
0.10,0.500,0.010000,canon,1,-0.0078291608,1.4597924357,0.000e+00
0.10,0.500,0.010000,canon,2,0.0125845311,1.4765243670,0.000e+00
0.10,0.500,0.010000,canon,3,0.0081276874,1.4523864989,0.000e+00
0.10,0.500,0.010000,canon,4,0.0035248764,1.4581466720,0.000e+00
0.10,0.500,0.010000,canon,5,0.0150836550,1.4809130703,0.000e+00
0.10,0.500,0.010000,canon,6,0.0085347648,1.4540322626,0.000e+00
0.10,0.500,0.010000,canon,7,0.0189918063,1.4551294384,0.000e+00
0.10,0.500,0.010000,canon,8,0.0038722580,1.4469006197,0.000e+00
0.10,0.500,0.010000,canon,9,0.0021933880,1.4595181417,0.000e+00
0.10,0.550,-0.145800,canon,0,-0.0023872456,1.4740557214,0.000e+00
0.10,0.550,-0.145800,canon,1,-0.0026297422,1.4688441363,0.000e+00
0.10,0.550,-0.145800,canon,2,0.0137220138,1.4650040209,0.000e+00
0.10,0.550,-0.145800,canon,3,0.0049421137,1.4581466720,0.000e+00
0.10,0.550,-0.145800,canon,4,0.0021497242,1.4619867873,0.000e+00
0.10,0.550,-0.145800,canon,5,0.0020403109,1.4795416006,0.000e+00
0.10,0.550,-0.145800,canon,6,0.0070426429,1.4652783148,0.000e+00
0.10,0.550,-0.145800,canon,7,-0.0145385913,1.4691184302,0.000e+00
0.10,0.550,-0.145800,canon,8,0.0030042245,1.4485463835,0.000e+00
0.10,0.550,-0.145800,canon,9,0.0069301961,1.4567752022,0.000e+00
0.10,0.650,-0.429200,canon,0,0.0068947942,1.3281313366,0.000e+00
0.10,0.650,-0.429200,canon,1,-0.0017048243,1.3508977350,0.000e+00
0.10,0.650,-0.429200,canon,2,0.0041072773,1.3657096087,0.000e+00
0.10,0.650,-0.429200,canon,3,0.0074935206,1.1539546744,0.000e+00
0.10,0.650,-0.429200,canon,4,-0.0071980329,1.1709608997,0.000e+00
0.10,0.650,-0.429200,canon,5,0.0098761699,1.1662979024,0.000e+00
0.10,0.650,-0.429200,canon,6,-0.0047581709,1.1150049326,0.000e+00
0.10,0.650,-0.429200,canon,7,0.0005848000,1.1007416468,0.000e+00
0.10,0.650,-0.429200,canon,8,0.0128443581,1.1427086222,0.000e+00
0.10,0.650,-0.429200,canon,9,0.0130353753,1.1224108694,0.000e+00
0.10,0.800,-0.726359,canon,0,0.0100001657,1.3330686279,0.000e+00
0.10,0.800,-0.726359,canon,1,-0.0014070182,1.3391030949,0.000e+00
0.10,0.800,-0.726359,canon,2,0.0038778458,1.2886330069,0.000e+00
0.10,0.800,-0.726359,canon,3,0.0077675308,1.1874185370,0.000e+00
0.10,0.800,-0.726359,canon,4,-0.0022059284,1.1347540974,0.000e+00
0.10,0.800,-0.726359,canon,5,0.0050801242,1.1399656826,0.000e+00
0.10,0.800,-0.726359,canon,6,-0.0008978512,1.1032102924,0.000e+00
0.10,0.800,-0.726359,canon,7,0.0013071974,1.1040331743,0.000e+00
0.10,0.800,-0.726359,canon,8,0.0141067742,1.1676693722,0.000e+00
0.10,0.800,-0.726359,canon,9,0.0082749680,1.1369484491,0.000e+00
0.10,0.950,-0.878281,canon,0,-0.0007712088,1.3818929521,0.000e+00
0.10,0.950,-0.878281,canon,1,0.0081941585,1.4159054027,0.000e+00
0.10,0.950,-0.878281,canon,2,-0.0018062378,1.3668067845,0.000e+00
0.10,0.950,-0.878281,canon,3,-0.0074655291,1.1805611881,0.000e+00
0.10,0.950,-0.878281,canon,4,-0.0066925656,1.1424343282,0.000e+00
0.10,0.950,-0.878281,canon,5,-0.0031784736,1.1627320810,0.000e+00
0.10,0.950,-0.878281,canon,6,0.0020152099,1.1514860288,0.000e+00
0.10,0.950,-0.878281,canon,7,0.0053259877,1.1545032623,0.000e+00
0.10,0.950,-0.878281,canon,8,0.0103259084,1.2052476442,0.000e+00
0.10,0.950,-0.878281,canon,9,0.0080585975,1.2203338118,0.000e+00
0.10,0.050,0.898281,repli,3041,0.4731082257,1.5538752627,0.000e+00
0.10,0.050,0.898281,repli,3042,0.4859909489,1.5758187792,0.000e+00
0.10,0.050,0.898281,repli,3043,0.4211705867,1.5398862709,0.000e+00
0.10,0.050,0.898281,repli,3044,0.2804854295,1.5198628121,0.000e+00
0.10,0.050,0.898281,repli,3045,0.5620613527,1.5834990100,0.000e+00
0.10,0.050,0.898281,repli,3046,0.4916191416,1.5566182023,0.000e+00
0.10,0.050,0.898281,repli,3047,0.3680069565,1.5250743973,0.000e+00
0.10,0.050,0.898281,repli,3048,0.4657286399,1.5313831583,0.000e+00
0.10,0.050,0.898281,repli,3049,0.4212228043,1.5442749742,0.000e+00
0.10,0.050,0.898281,repli,3050,0.5292691014,1.5390633891,0.000e+00
0.10,0.150,0.810340,repli,3041,0.4286614862,1.5445492682,0.000e+00
0.10,0.150,0.810340,repli,3042,0.5078954104,1.5802074825,0.000e+00
0.10,0.150,0.810340,repli,3043,0.4857663658,1.5248001033,0.000e+00
0.10,0.150,0.810340,repli,3044,0.1787330660,1.4836560099,0.000e+00
0.10,0.150,0.810340,repli,3045,0.4833141107,1.5648470210,0.000e+00
0.10,0.150,0.810340,repli,3046,0.4979587235,1.5461950319,0.000e+00
0.10,0.150,0.810340,repli,3047,0.3154687858,1.5258972792,0.000e+00
0.10,0.150,0.810340,repli,3048,0.3932331216,1.5245258094,0.000e+00
0.10,0.150,0.810340,repli,3049,0.4152732569,1.5322060402,0.000e+00
0.10,0.150,0.810340,repli,3050,0.5419496872,1.5209599880,0.000e+00
0.10,0.250,0.665794,repli,3041,0.4282004567,1.5223314577,0.000e+00
0.10,0.250,0.665794,repli,3042,0.4599111245,1.5453721501,0.000e+00
0.10,0.250,0.665794,repli,3043,0.3318923310,1.4800901885,0.000e+00
0.10,0.250,0.665794,repli,3044,0.1816392381,1.4814616582,0.000e+00
0.10,0.250,0.665794,repli,3045,0.3716439779,1.5431777984,0.000e+00
0.10,0.250,0.665794,repli,3046,0.3878572849,1.5184913424,0.000e+00
0.10,0.250,0.665794,repli,3047,0.2579542997,1.5135540511,0.000e+00
0.10,0.250,0.665794,repli,3048,0.2693486867,1.5025822929,0.000e+00
0.10,0.250,0.665794,repli,3049,0.2975978766,1.5077938781,0.000e+00
0.10,0.250,0.665794,repli,3050,0.3632372154,1.5069709962,0.000e+00
0.10,0.325,0.510354,repli,3041,0.2741773988,1.4976450017,0.000e+00
0.10,0.325,0.510354,repli,3042,0.3866657046,1.5333032160,0.000e+00
0.10,0.325,0.510354,repli,3043,0.2099371399,1.4746043093,0.000e+00
0.10,0.325,0.510354,repli,3044,0.1993462685,1.4710384879,0.000e+00
0.10,0.325,0.510354,repli,3045,0.3415191642,1.5028565868,0.000e+00
0.10,0.325,0.510354,repli,3046,0.2242305107,1.4954506500,0.000e+00
0.10,0.325,0.510354,repli,3047,0.1968283357,1.4880447132,0.000e+00
0.10,0.325,0.510354,repli,3048,0.1315271605,1.4674726665,0.000e+00
0.10,0.325,0.510354,repli,3049,0.3289760484,1.4913362407,0.000e+00
0.10,0.325,0.510354,repli,3050,0.2385799101,1.4869475374,0.000e+00
0.10,0.400,0.314216,repli,3041,0.0812098044,1.4781701308,0.000e+00
0.10,0.400,0.314216,repli,3042,0.1432239232,1.4754271912,0.000e+00
0.10,0.400,0.314216,repli,3043,0.0730285115,1.4249571032,0.000e+00
0.10,0.400,0.314216,repli,3044,0.1012884568,1.4499178533,0.000e+00
0.10,0.400,0.314216,repli,3045,0.1768027560,1.4855760676,0.000e+00
0.10,0.400,0.314216,repli,3046,0.1339911619,1.4680212544,0.000e+00
0.10,0.400,0.314216,repli,3047,0.1079977940,1.4682955483,0.000e+00
0.10,0.400,0.314216,repli,3048,0.1424708833,1.4661011967,0.000e+00
0.10,0.400,0.314216,repli,3049,0.0639698661,1.4721356637,0.000e+00
0.10,0.400,0.314216,repli,3050,0.1121056648,1.4699413121,0.000e+00
0.10,0.450,0.165800,repli,3041,0.0031159001,1.4661011967,0.000e+00
0.10,0.450,0.165800,repli,3042,0.0139829951,1.4581466720,0.000e+00
0.10,0.450,0.165800,repli,3043,0.0233783756,1.4359288615,0.000e+00
0.10,0.450,0.165800,repli,3044,0.0604204264,1.4647297269,0.000e+00
0.10,0.450,0.165800,repli,3045,0.0328854568,1.4554037324,0.000e+00
0.10,0.450,0.165800,repli,3046,0.0557782200,1.4474492077,0.000e+00
0.10,0.450,0.165800,repli,3047,0.0366786297,1.4644554330,0.000e+00
0.10,0.450,0.165800,repli,3048,0.0437303730,1.4743300154,0.000e+00
0.10,0.450,0.165800,repli,3049,0.0667412785,1.4452548560,0.000e+00
0.10,0.450,0.165800,repli,3050,0.1290981058,1.4474492077,0.000e+00
0.10,0.500,0.010000,repli,3041,0.0108861829,1.4715870758,0.000e+00
0.10,0.500,0.010000,repli,3042,-0.0157621318,1.4650040209,0.000e+00
0.10,0.500,0.010000,repli,3043,-0.0011534394,1.4488206774,0.000e+00
0.10,0.500,0.010000,repli,3044,0.0108489514,1.4628096692,0.000e+00
0.10,0.500,0.010000,repli,3045,0.0145584091,1.4622610813,0.000e+00
0.10,0.500,0.010000,repli,3046,0.0353405044,1.4501921472,0.000e+00
0.10,0.500,0.010000,repli,3047,-0.0006588870,1.4781701308,0.000e+00
0.10,0.500,0.010000,repli,3048,0.0082948737,1.4844788918,0.000e+00
0.10,0.500,0.010000,repli,3049,-0.0105594754,1.4592438478,0.000e+00
0.10,0.500,0.010000,repli,3050,0.0120142101,1.4460777379,0.000e+00
0.10,0.550,-0.145800,repli,3041,0.0156975256,1.4828331280,0.000e+00
0.10,0.550,-0.145800,repli,3042,0.0026871966,1.4751528972,0.000e+00
0.10,0.550,-0.145800,repli,3043,-0.0033069090,1.4691184302,0.000e+00
0.10,0.550,-0.145800,repli,3044,-0.0015844824,1.4721356637,0.000e+00
0.10,0.550,-0.145800,repli,3045,0.0094186704,1.4795416006,0.000e+00
0.10,0.550,-0.145800,repli,3046,0.0278784871,1.4639068450,0.000e+00
0.10,0.550,-0.145800,repli,3047,-0.0084294422,1.4661011967,0.000e+00
0.10,0.550,-0.145800,repli,3048,0.0133744839,1.4737814275,0.000e+00
0.10,0.550,-0.145800,repli,3049,0.0039312393,1.4688441363,0.000e+00
0.10,0.550,-0.145800,repli,3050,0.0132617723,1.4534836747,0.000e+00
0.10,0.650,-0.429200,repli,3041,0.0049669594,1.3242912213,0.000e+00
0.10,0.650,-0.429200,repli,3042,0.0045451558,1.3009762350,0.000e+00
0.10,0.650,-0.429200,repli,3043,-0.0042188661,1.2255453970,0.000e+00
0.10,0.650,-0.429200,repli,3044,-0.0008328602,1.3050906443,0.000e+00
0.10,0.650,-0.429200,repli,3045,0.0132257591,1.1001930589,0.000e+00
0.10,0.650,-0.429200,repli,3046,0.0071815807,1.1270738666,0.000e+00
0.10,0.650,-0.429200,repli,3047,0.0033222293,1.3681782543,0.000e+00
0.10,0.650,-0.429200,repli,3048,0.0013725762,1.1078732897,0.000e+00
0.10,0.650,-0.429200,repli,3049,-0.0000103188,1.2079905838,0.000e+00
0.10,0.650,-0.429200,repli,3050,0.0015752924,1.2249968091,0.000e+00
0.10,0.800,-0.726359,repli,3041,0.0037987816,1.3166109905,0.000e+00
0.10,0.800,-0.726359,repli,3042,0.0048971566,1.3267598669,0.000e+00
0.10,0.800,-0.726359,repli,3043,-0.0085469056,1.2666894904,0.000e+00
0.10,0.800,-0.726359,repli,3044,-0.0016910214,1.3585779658,0.000e+00
0.10,0.800,-0.726359,repli,3045,0.0110493021,1.1490173831,0.000e+00
0.10,0.800,-0.726359,repli,3046,0.0069685340,1.0796210122,0.000e+00
0.10,0.800,-0.726359,repli,3047,-0.0002983113,1.3528177927,0.000e+00
0.10,0.800,-0.726359,repli,3048,0.0020348349,1.2079905838,0.000e+00
0.10,0.800,-0.726359,repli,3049,-0.0002696865,1.1196679298,0.000e+00
0.10,0.800,-0.726359,repli,3050,0.0001753196,1.1443543859,0.000e+00
0.10,0.950,-0.878281,repli,3041,-0.0021228495,1.4307172763,0.000e+00
0.10,0.950,-0.878281,repli,3042,0.0123880317,1.3695497241,0.000e+00
0.10,0.950,-0.878281,repli,3043,-0.0091212799,1.2842443036,0.000e+00
0.10,0.950,-0.878281,repli,3044,-0.0147430050,1.3618694933,0.000e+00
0.10,0.950,-0.878281,repli,3045,0.0030894839,1.1865956552,0.000e+00
0.10,0.950,-0.878281,repli,3046,0.0004843390,1.1394170947,0.000e+00
0.10,0.950,-0.878281,repli,3047,0.0000571284,1.4518379110,0.000e+00
0.10,0.950,-0.878281,repli,3048,0.0015816398,1.2206081058,0.000e+00
0.10,0.950,-0.878281,repli,3049,-0.0040886394,1.2568149080,0.000e+00
0.10,0.950,-0.878281,repli,3050,-0.0026899223,1.1934530041,0.000e+00
0.20,0.050,0.898281,canon,0,0.7673932880,1.6128484633,0.000e+00
0.20,0.050,0.898281,canon,1,0.7673387957,1.6139456392,0.000e+00
0.20,0.050,0.898281,canon,2,0.7444578702,1.6002309413,0.000e+00
0.20,0.050,0.898281,canon,3,0.7660163886,1.6114769936,0.000e+00
0.20,0.050,0.898281,canon,4,0.7757479303,1.5961165320,0.000e+00
0.20,0.050,0.898281,canon,5,0.8032320689,1.5988594716,0.000e+00
0.20,0.050,0.898281,canon,6,0.7862449650,1.6128484633,0.000e+00
0.20,0.050,0.898281,canon,7,0.7255263134,1.6103798177,0.000e+00
0.20,0.050,0.898281,canon,8,0.8402298139,1.6018767051,0.000e+00
0.20,0.050,0.898281,canon,9,0.8200212563,1.5955679441,0.000e+00
0.20,0.150,0.810340,canon,0,0.7487150114,1.5991337655,0.000e+00
0.20,0.150,0.810340,canon,1,0.8181457566,1.6048939386,0.000e+00
0.20,0.150,0.810340,canon,2,0.7362504907,1.5980365897,0.000e+00
0.20,0.150,0.810340,canon,3,0.7901979601,1.6035224688,0.000e+00
0.20,0.150,0.810340,canon,4,0.7819613004,1.5870648314,0.000e+00
0.20,0.150,0.810340,canon,5,0.8170343079,1.6007795293,0.000e+00
0.20,0.150,0.810340,canon,6,0.8185586971,1.6095569359,0.000e+00
0.20,0.150,0.810340,canon,7,0.7392155038,1.5961165320,0.000e+00
0.20,0.150,0.810340,canon,8,0.8056574191,1.5941964743,0.000e+00
0.20,0.150,0.810340,canon,9,0.7934148524,1.5933735924,0.000e+00
0.20,0.250,0.665794,canon,0,0.7062865167,1.6002309413,0.000e+00
0.20,0.250,0.665794,canon,1,0.7946997072,1.6002309413,0.000e+00
0.20,0.250,0.665794,canon,2,0.7004124936,1.6035224688,0.000e+00
0.20,0.250,0.665794,canon,3,0.7714002692,1.5952936501,0.000e+00
0.20,0.250,0.665794,canon,4,0.7517865554,1.5925507106,0.000e+00
0.20,0.250,0.665794,canon,5,0.7927522687,1.5947450622,0.000e+00
0.20,0.250,0.665794,canon,6,0.8040193810,1.5876134194,0.000e+00
0.20,0.250,0.665794,canon,7,0.7136592033,1.5983108837,0.000e+00
0.20,0.250,0.665794,canon,8,0.7736741087,1.5961165320,0.000e+00
0.20,0.250,0.665794,canon,9,0.7450461523,1.5867905375,0.000e+00
0.20,0.325,0.510354,canon,0,0.6360822407,1.6002309413,0.000e+00
0.20,0.325,0.510354,canon,1,0.7274195059,1.5898077710,0.000e+00
0.20,0.325,0.510354,canon,2,0.6284601299,1.6040710567,0.000e+00
0.20,0.325,0.510354,canon,3,0.7266150691,1.5955679441,0.000e+00
0.20,0.325,0.510354,canon,4,0.6818012968,1.5985851776,0.000e+00
0.20,0.325,0.510354,canon,5,0.7267297946,1.5969394139,0.000e+00
0.20,0.325,0.510354,canon,6,0.7455770932,1.5941964743,0.000e+00
0.20,0.325,0.510354,canon,7,0.6381653998,1.5922764166,0.000e+00
0.20,0.325,0.510354,canon,8,0.6913705502,1.5961165320,0.000e+00
0.20,0.325,0.510354,canon,9,0.6289204670,1.5922764166,0.000e+00
0.20,0.400,0.314216,canon,0,0.4848830718,1.5876134194,0.000e+00
0.20,0.400,0.314216,canon,1,0.5443632430,1.5909049468,0.000e+00
0.20,0.400,0.314216,canon,2,0.4603553460,1.5843218919,0.000e+00
0.20,0.400,0.314216,canon,3,0.5403451247,1.5881620073,0.000e+00
0.20,0.400,0.314216,canon,4,0.5376693468,1.5892591831,0.000e+00
0.20,0.400,0.314216,canon,5,0.5715456000,1.5925507106,0.000e+00
0.20,0.400,0.314216,canon,6,0.5820232353,1.5947450622,0.000e+00
0.20,0.400,0.314216,canon,7,0.4758953172,1.5876134194,0.000e+00
0.20,0.400,0.314216,canon,8,0.5449034461,1.5917278287,0.000e+00
0.20,0.400,0.314216,canon,9,0.4541872355,1.5876134194,0.000e+00
0.20,0.450,0.165800,canon,0,0.3230470031,1.5799331886,0.000e+00
0.20,0.450,0.165800,canon,1,0.3528274600,1.5738987215,0.000e+00
0.20,0.450,0.165800,canon,2,0.2645279914,1.5826761281,0.000e+00
0.20,0.450,0.165800,canon,3,0.3647060094,1.5895334770,0.000e+00
0.20,0.450,0.165800,canon,4,0.3813727590,1.5810303644,0.000e+00
0.20,0.450,0.165800,canon,5,0.3864728720,1.5815789523,0.000e+00
0.20,0.450,0.165800,canon,6,0.3753940697,1.5870648314,0.000e+00
0.20,0.450,0.165800,canon,7,0.3213852810,1.5802074825,0.000e+00
0.20,0.450,0.165800,canon,8,0.3970781019,1.5906306529,0.000e+00
0.20,0.450,0.165800,canon,9,0.2861349872,1.5758187792,0.000e+00
0.20,0.500,0.010000,canon,0,0.1546669872,1.5802074825,0.000e+00
0.20,0.500,0.010000,canon,1,0.1402374379,1.5714300759,0.000e+00
0.20,0.500,0.010000,canon,2,0.1367559029,1.5758187792,0.000e+00
0.20,0.500,0.010000,canon,3,0.1778734552,1.5859676556,0.000e+00
0.20,0.500,0.010000,canon,4,0.2327559795,1.5733501336,0.000e+00
0.20,0.500,0.010000,canon,5,0.1877407756,1.5793846007,0.000e+00
0.20,0.500,0.010000,canon,6,0.1930546468,1.5755444853,0.000e+00
0.20,0.500,0.010000,canon,7,0.1881748645,1.5771902490,0.000e+00
0.20,0.500,0.010000,canon,8,0.2132149789,1.5851447737,0.000e+00
0.20,0.500,0.010000,canon,9,0.1650411061,1.5717043699,0.000e+00
0.20,0.550,-0.145800,canon,0,0.0583567580,1.5818532463,0.000e+00
0.20,0.550,-0.145800,canon,1,0.0579782277,1.5769159551,0.000e+00
0.20,0.550,-0.145800,canon,2,0.0734240777,1.5777388369,0.000e+00
0.20,0.550,-0.145800,canon,3,0.0724550592,1.5769159551,0.000e+00
0.20,0.550,-0.145800,canon,4,0.1440625410,1.5747216034,0.000e+00
0.20,0.550,-0.145800,canon,5,0.0826393703,1.5818532463,0.000e+00
0.20,0.550,-0.145800,canon,6,0.0826502521,1.5843218919,0.000e+00
0.20,0.550,-0.145800,canon,7,0.0958720294,1.5760930732,0.000e+00
0.20,0.550,-0.145800,canon,8,0.0980825595,1.5845961858,0.000e+00
0.20,0.550,-0.145800,canon,9,0.0785785828,1.5730758397,0.000e+00
0.20,0.650,-0.429200,canon,0,0.0054153333,1.2680609602,0.000e+00
0.20,0.650,-0.429200,canon,1,-0.0044846837,1.2414544464,0.000e+00
0.20,0.650,-0.429200,canon,2,0.0030119251,1.1177478721,0.000e+00
0.20,0.650,-0.429200,canon,3,0.0051252435,1.2217052816,0.000e+00
0.20,0.650,-0.429200,canon,4,-0.0060739017,1.1429829161,0.000e+00
0.20,0.650,-0.429200,canon,5,-0.0005365658,1.1427086222,0.000e+00
0.20,0.650,-0.429200,canon,6,-0.0000540793,1.1213136936,0.000e+00
0.20,0.650,-0.429200,canon,7,0.0180625430,1.2334999217,0.000e+00
0.20,0.650,-0.429200,canon,8,0.0202708512,1.2836957157,0.000e+00
0.20,0.650,-0.429200,canon,9,0.0139465822,1.2392600948,0.000e+00
0.20,0.800,-0.726359,canon,0,0.0070075294,1.2406315646,0.000e+00
0.20,0.800,-0.726359,canon,1,-0.0057326742,1.1753496030,0.000e+00
0.20,0.800,-0.726359,canon,2,0.0027977274,1.0653577265,0.000e+00
0.20,0.800,-0.726359,canon,3,0.0053851054,1.2839700097,0.000e+00
0.20,0.800,-0.726359,canon,4,-0.0059346271,1.1369484491,0.000e+00
0.20,0.800,-0.726359,canon,5,0.0006551444,1.1676693722,0.000e+00
0.20,0.800,-0.726359,canon,6,-0.0027242461,1.1517603227,0.000e+00
0.20,0.800,-0.726359,canon,7,0.0103220841,1.2880844190,0.000e+00
0.20,0.800,-0.726359,canon,8,0.0148040934,1.2971361196,0.000e+00
0.20,0.800,-0.726359,canon,9,0.0280601923,1.2963132377,0.000e+00
0.20,0.950,-0.878281,canon,0,0.0120803132,1.3094793476,0.000e+00
0.20,0.950,-0.878281,canon,1,-0.0094363769,1.2721753696,0.000e+00
0.20,0.950,-0.878281,canon,2,0.0008120451,1.1207651056,0.000e+00
0.20,0.950,-0.878281,canon,3,0.0024133207,1.3081078778,0.000e+00
0.20,0.950,-0.878281,canon,4,-0.0035904618,1.2249968091,0.000e+00
0.20,0.950,-0.878281,canon,5,0.0071252447,1.3064621141,0.000e+00
0.20,0.950,-0.878281,canon,6,-0.0051756878,1.2315798640,0.000e+00
0.20,0.950,-0.878281,canon,7,0.0012434278,1.3064621141,0.000e+00
0.20,0.950,-0.878281,canon,8,0.0037482572,1.3476062075,0.000e+00
0.20,0.950,-0.878281,canon,9,0.0050352300,1.3698240180,0.000e+00
0.35,0.050,0.898281,canon,0,0.8361796631,1.6441179744,0.000e+00
0.35,0.050,0.898281,canon,1,0.8561759575,1.6336948040,0.000e+00
0.35,0.050,0.898281,canon,2,0.7834488468,1.6476837958,0.000e+00
0.35,0.050,0.898281,canon,3,0.8488952989,1.6375349194,0.000e+00
0.35,0.050,0.898281,canon,4,0.8198742682,1.6345176859,0.000e+00
0.35,0.050,0.898281,canon,5,0.8525077223,1.6452151502,0.000e+00
0.35,0.050,0.898281,canon,6,0.8706703883,1.6378092134,0.000e+00
0.35,0.050,0.898281,canon,7,0.8511462412,1.6427465046,0.000e+00
0.35,0.050,0.898281,canon,8,0.8648172785,1.6334205101,0.000e+00
0.35,0.050,0.898281,canon,9,0.7822627353,1.6350662738,0.000e+00
0.35,0.150,0.810340,canon,0,0.7987500919,1.6438436804,0.000e+00
0.35,0.150,0.810340,canon,1,0.8295532410,1.6339690980,0.000e+00
0.35,0.150,0.810340,canon,2,0.7452510667,1.6520724991,0.000e+00
0.35,0.150,0.810340,canon,3,0.8174351149,1.6394549771,0.000e+00
0.35,0.150,0.810340,canon,4,0.7934830613,1.6369863315,0.000e+00
0.35,0.150,0.810340,canon,5,0.8283479287,1.6468609139,0.000e+00
0.35,0.150,0.810340,canon,6,0.8522508822,1.6394549771,0.000e+00
0.35,0.150,0.810340,canon,7,0.8243910420,1.6460380321,0.000e+00
0.35,0.150,0.810340,canon,8,0.8399402546,1.6361634496,0.000e+00
0.35,0.150,0.810340,canon,9,0.7448977266,1.6397292711,0.000e+00
0.35,0.250,0.665794,canon,0,0.7104850053,1.6463123260,0.000e+00
0.35,0.250,0.665794,canon,1,0.7712308920,1.6512496172,0.000e+00
0.35,0.250,0.665794,canon,2,0.6649776701,1.6594784359,0.000e+00
0.35,0.250,0.665794,canon,3,0.7467440618,1.6457637381,0.000e+00
0.35,0.250,0.665794,canon,4,0.7261199285,1.6394549771,0.000e+00
0.35,0.250,0.665794,canon,5,0.7676653937,1.6542668507,0.000e+00
0.35,0.250,0.665794,canon,6,0.8059363845,1.6375349194,0.000e+00
0.35,0.250,0.665794,canon,7,0.7628232063,1.6474095018,0.000e+00
0.35,0.250,0.665794,canon,8,0.7796468269,1.6463123260,0.000e+00
0.35,0.250,0.665794,canon,9,0.6647328348,1.6457637381,0.000e+00
0.35,0.325,0.510354,canon,0,0.5678688385,1.6545411447,0.000e+00
0.35,0.325,0.510354,canon,1,0.6664537554,1.6509753233,0.000e+00
0.35,0.325,0.510354,canon,2,0.5543871273,1.6578326722,0.000e+00
0.35,0.325,0.510354,canon,3,0.6341067536,1.6490552656,0.000e+00
0.35,0.325,0.510354,canon,4,0.6019204071,1.6534439689,0.000e+00
0.35,0.325,0.510354,canon,5,0.6600865770,1.6633185513,0.000e+00
0.35,0.325,0.510354,canon,6,0.7116394371,1.6474095018,0.000e+00
0.35,0.325,0.510354,canon,7,0.6539444489,1.6608499057,0.000e+00
0.35,0.325,0.510354,canon,8,0.6741349620,1.6539925568,0.000e+00
0.35,0.325,0.510354,canon,9,0.5376889658,1.6583812601,0.000e+00
0.35,0.400,0.314216,canon,0,0.3267816957,1.6622213755,0.000e+00
0.35,0.400,0.314216,canon,1,0.4078522305,1.6583812601,0.000e+00
0.35,0.400,0.314216,canon,2,0.3589664619,1.6613984936,0.000e+00
0.35,0.400,0.314216,canon,3,0.4364122360,1.6564612024,0.000e+00
0.35,0.400,0.314216,canon,4,0.4324386109,1.6589298480,0.000e+00
0.35,0.400,0.314216,canon,5,0.4473875026,1.6545411447,0.000e+00
0.35,0.400,0.314216,canon,6,0.4777634560,1.6561869084,0.000e+00
0.35,0.400,0.314216,canon,7,0.4281520108,1.6627699634,0.000e+00
0.35,0.400,0.314216,canon,8,0.4384377444,1.6572840843,0.000e+00
0.35,0.400,0.314216,canon,9,0.3140302008,1.6501524414,0.000e+00
0.35,0.450,0.165800,canon,0,0.1680566987,1.6608499057,0.000e+00
0.35,0.450,0.165800,canon,1,0.2119798017,1.6586555540,0.000e+00
0.35,0.450,0.165800,canon,2,0.2089883262,1.6690787244,0.000e+00
0.35,0.450,0.165800,canon,3,0.2756965032,1.6600270238,0.000e+00
0.35,0.450,0.165800,canon,4,0.2874615396,1.6603013178,0.000e+00
0.35,0.450,0.165800,canon,5,0.2905423252,1.6603013178,0.000e+00
0.35,0.450,0.165800,canon,6,0.2694614085,1.6594784359,0.000e+00
0.35,0.450,0.165800,canon,7,0.2436446907,1.6638671392,0.000e+00
0.35,0.450,0.165800,canon,8,0.2572289315,1.6567354964,0.000e+00
0.35,0.450,0.165800,canon,9,0.1719934418,1.6597527299,0.000e+00
0.35,0.500,0.010000,canon,0,0.0758149304,1.6537182628,0.000e+00
0.35,0.500,0.010000,canon,1,0.0859548851,1.6550897326,0.000e+00
0.35,0.500,0.010000,canon,2,0.1108942736,1.6646900211,0.000e+00
0.35,0.500,0.010000,canon,3,0.1642489855,1.6594784359,0.000e+00
0.35,0.500,0.010000,canon,4,0.1709579944,1.6613984936,0.000e+00
0.35,0.500,0.010000,canon,5,0.1667690850,1.6592041420,0.000e+00
0.35,0.500,0.010000,canon,6,0.1230926760,1.6575583782,0.000e+00
0.35,0.500,0.010000,canon,7,0.1259804532,1.6564612024,0.000e+00
0.35,0.500,0.010000,canon,8,0.1332211557,1.6556383205,0.000e+00
0.35,0.500,0.010000,canon,9,0.0800423749,1.6564612024,0.000e+00
0.35,0.550,-0.145800,canon,0,0.0353178012,1.6517982051,0.000e+00
0.35,0.550,-0.145800,canon,1,0.0358603552,1.6517982051,0.000e+00
0.35,0.550,-0.145800,canon,2,0.0674238654,1.6548154387,0.000e+00
0.35,0.550,-0.145800,canon,3,0.1030335845,1.6556383205,0.000e+00
0.35,0.550,-0.145800,canon,4,0.1060395419,1.6586555540,0.000e+00
0.35,0.550,-0.145800,canon,5,0.0969877177,1.6507010293,0.000e+00
0.35,0.550,-0.145800,canon,6,0.0583363176,1.6608499057,0.000e+00
0.35,0.550,-0.145800,canon,7,0.0614848473,1.6490552656,0.000e+00
0.35,0.550,-0.145800,canon,8,0.0686965147,1.6496038535,0.000e+00
0.35,0.550,-0.145800,canon,9,0.0433042802,1.6633185513,0.000e+00
0.35,0.650,-0.429200,canon,0,0.0016314158,1.1273481606,0.000e+00
0.35,0.650,-0.429200,canon,1,0.0029343252,1.0963529435,0.000e+00
0.35,0.650,-0.429200,canon,2,0.0284470965,1.0697464298,0.000e+00
0.35,0.650,-0.429200,canon,3,0.0126068135,1.2699810179,0.000e+00
0.35,0.650,-0.429200,canon,4,0.0003487570,1.2186880481,0.000e+00
0.35,0.650,-0.429200,canon,5,0.0029230890,1.2241739272,0.000e+00
0.35,0.650,-0.429200,canon,6,0.0025787402,1.2354199794,0.000e+00
0.35,0.650,-0.429200,canon,7,0.0077974366,1.2293855124,0.000e+00
0.35,0.650,-0.429200,canon,8,0.0114076139,1.2743697212,0.000e+00
0.35,0.650,-0.429200,canon,9,0.0084597850,1.2647694327,0.000e+00
0.35,0.800,-0.726359,canon,0,-0.0029183170,1.1051303501,0.000e+00
0.35,0.800,-0.726359,canon,1,-0.0040984864,1.0475286193,0.000e+00
0.35,0.800,-0.726359,canon,2,0.0030103014,1.0414941523,0.000e+00
0.35,0.800,-0.726359,canon,3,0.0070908198,1.2568149080,0.000e+00
0.35,0.800,-0.726359,canon,4,0.0056218216,1.2362428613,0.000e+00
0.35,0.800,-0.726359,canon,5,0.0065874204,1.2378886250,0.000e+00
0.35,0.800,-0.726359,canon,6,-0.0013282536,1.2650437267,0.000e+00
0.35,0.800,-0.726359,canon,7,0.0035545808,1.2132021689,0.000e+00
0.35,0.800,-0.726359,canon,8,0.0136373509,1.2592835536,0.000e+00
0.35,0.800,-0.726359,canon,9,0.0054200540,1.2672380783,0.000e+00
0.35,0.950,-0.878281,canon,0,0.0041998328,1.0889470067,0.000e+00
0.35,0.950,-0.878281,canon,1,-0.0010288138,1.0524659105,0.000e+00
0.35,0.950,-0.878281,canon,2,-0.0029610258,0.9707263115,0.000e+00
0.35,0.950,-0.878281,canon,3,0.0080540706,1.3248398092,0.000e+00
0.35,0.950,-0.878281,canon,4,-0.0047734838,1.3007019410,0.000e+00
0.35,0.950,-0.878281,canon,5,0.0028095990,1.3092050537,0.000e+00
0.35,0.950,-0.878281,canon,6,-0.0102850213,1.3248398092,0.000e+00
0.35,0.950,-0.878281,canon,7,-0.0009941238,1.3105765234,0.000e+00
0.35,0.950,-0.878281,canon,8,-0.0009833868,1.2628493750,0.000e+00
0.35,0.950,-0.878281,canon,9,0.0045162271,1.2219795755,0.000e+00
0.50,0.050,0.898281,canon,0,0.6976088479,1.6035224688,0.000e+00
0.50,0.050,0.898281,canon,1,0.7793044378,1.6070882903,0.000e+00
0.50,0.050,0.898281,canon,2,0.6461589766,1.5977622957,0.000e+00
0.50,0.050,0.898281,canon,3,0.6725122263,1.6035224688,0.000e+00
0.50,0.050,0.898281,canon,4,0.5521184895,1.5974880018,0.000e+00
0.50,0.050,0.898281,canon,5,0.7375119022,1.6035224688,0.000e+00
0.50,0.050,0.898281,canon,6,0.8302483736,1.6007795293,0.000e+00
0.50,0.050,0.898281,canon,7,0.6231022315,1.6120255815,0.000e+00
0.50,0.050,0.898281,canon,8,0.7807115927,1.6059911144,0.000e+00
0.50,0.050,0.898281,canon,9,0.6475224862,1.5928250045,0.000e+00
0.50,0.150,0.810340,canon,0,0.6289459381,1.5977622957,0.000e+00
0.50,0.150,0.810340,canon,1,0.7322097388,1.6024252930,0.000e+00
0.50,0.150,0.810340,canon,2,0.5853777233,1.5922764166,0.000e+00
0.50,0.150,0.810340,canon,3,0.6059798722,1.5936478864,0.000e+00
0.50,0.150,0.810340,canon,4,0.4821209624,1.5928250045,0.000e+00
0.50,0.150,0.810340,canon,5,0.6860267702,1.5958422380,0.000e+00
0.50,0.150,0.810340,canon,6,0.7894570433,1.6079111721,0.000e+00
0.50,0.150,0.810340,canon,7,0.5576727003,1.5963908260,0.000e+00
0.50,0.150,0.810340,canon,8,0.7305007212,1.6029738809,0.000e+00
0.50,0.150,0.810340,canon,9,0.5740466239,1.5884363012,0.000e+00
0.50,0.250,0.665794,canon,0,0.4729263966,1.5878877133,0.000e+00
0.50,0.250,0.665794,canon,1,0.6287314524,1.5933735924,0.000e+00
0.50,0.250,0.665794,canon,2,0.4633622377,1.5851447737,0.000e+00
0.50,0.250,0.665794,canon,3,0.4823376360,1.5867905375,0.000e+00
0.50,0.250,0.665794,canon,4,0.3760637610,1.5925507106,0.000e+00
0.50,0.250,0.665794,canon,5,0.5668315366,1.5813046584,0.000e+00
0.50,0.250,0.665794,canon,6,0.6804924899,1.5969394139,0.000e+00
0.50,0.250,0.665794,canon,7,0.5151818510,1.5920021227,0.000e+00
0.50,0.250,0.665794,canon,8,0.6172979553,1.5963908260,0.000e+00
0.50,0.250,0.665794,canon,9,0.4169446833,1.5725272518,0.000e+00
0.50,0.325,0.510354,canon,0,0.2795591317,1.5815789523,0.000e+00
0.50,0.325,0.510354,canon,1,0.4511048971,1.5766416611,0.000e+00
0.50,0.325,0.510354,canon,2,0.3118671027,1.5749958974,0.000e+00
0.50,0.325,0.510354,canon,3,0.3328241092,1.5777388369,0.000e+00
0.50,0.325,0.510354,canon,4,0.2611721727,1.5791103067,0.000e+00
0.50,0.325,0.510354,canon,5,0.3978066431,1.5648470210,0.000e+00
0.50,0.325,0.510354,canon,6,0.5068230670,1.5774645430,0.000e+00
0.50,0.325,0.510354,canon,7,0.3695179021,1.5780131309,0.000e+00
0.50,0.325,0.510354,canon,8,0.4733207680,1.5807560704,0.000e+00
0.50,0.325,0.510354,canon,9,0.2537434179,1.5752701913,0.000e+00
0.50,0.400,0.314216,canon,0,0.1182023586,1.5648470210,0.000e+00
0.50,0.400,0.314216,canon,1,0.2188821804,1.5642984331,0.000e+00
0.50,0.400,0.314216,canon,2,0.1471121980,1.5662184908,0.000e+00
0.50,0.400,0.314216,canon,3,0.1783596156,1.5579896721,0.000e+00
0.50,0.400,0.314216,canon,4,0.1311670255,1.5634755512,0.000e+00
0.50,0.400,0.314216,canon,5,0.1987361765,1.5615554935,0.000e+00
0.50,0.400,0.314216,canon,6,0.2558544590,1.5667670787,0.000e+00
0.50,0.400,0.314216,canon,7,0.1868367236,1.5670413726,0.000e+00
0.50,0.400,0.314216,canon,8,0.2174754199,1.5678642545,0.000e+00
0.50,0.400,0.314216,canon,9,0.0946351126,1.5642984331,0.000e+00
0.50,0.450,0.165800,canon,0,0.0556522836,1.5590868479,0.000e+00
0.50,0.450,0.165800,canon,1,0.0941262665,1.5563439083,0.000e+00
0.50,0.450,0.165800,canon,2,0.0761600318,1.5588125539,0.000e+00
0.50,0.450,0.165800,canon,3,0.1058433282,1.5596354358,0.000e+00
0.50,0.450,0.165800,canon,4,0.0677764249,1.5596354358,0.000e+00
0.50,0.450,0.165800,canon,5,0.1049589763,1.5604583177,0.000e+00
0.50,0.450,0.165800,canon,6,0.1228173666,1.5585382600,0.000e+00
0.50,0.450,0.165800,canon,7,0.0899919151,1.5588125539,0.000e+00
0.50,0.450,0.165800,canon,8,0.0935255552,1.5566182023,0.000e+00
0.50,0.450,0.165800,canon,9,0.0596394400,1.5610069056,0.000e+00
0.50,0.500,0.010000,canon,0,0.0246024050,1.5536009688,0.000e+00
0.50,0.500,0.010000,canon,1,0.0395096798,1.5475665017,0.000e+00
0.50,0.500,0.010000,canon,2,0.0436010527,1.5533266748,0.000e+00
0.50,0.500,0.010000,canon,3,0.0696986815,1.5560696144,0.000e+00
0.50,0.500,0.010000,canon,4,0.0292103676,1.5483893836,0.000e+00
0.50,0.500,0.010000,canon,5,0.0626648323,1.5557953204,0.000e+00
0.50,0.500,0.010000,canon,6,0.0581781386,1.5527780869,0.000e+00
0.50,0.500,0.010000,canon,7,0.0457629595,1.5588125539,0.000e+00
0.50,0.500,0.010000,canon,8,0.0423871664,1.5497608534,0.000e+00
0.50,0.500,0.010000,canon,9,0.0387788038,1.5590868479,0.000e+00
0.50,0.550,-0.145800,canon,0,0.0129870909,1.5563439083,0.000e+00
0.50,0.550,-0.145800,canon,1,0.0182623554,1.5475665017,0.000e+00
0.50,0.550,-0.145800,canon,2,0.0334769853,1.5453721501,0.000e+00
0.50,0.550,-0.145800,canon,3,0.0539546428,1.5492122655,0.000e+00
0.50,0.550,-0.145800,canon,4,0.0121613423,1.5530523809,0.000e+00
0.50,0.550,-0.145800,canon,5,0.0378846478,1.5530523809,0.000e+00
0.50,0.550,-0.145800,canon,6,0.0271977408,1.5481150896,0.000e+00
0.50,0.550,-0.145800,canon,7,0.0205837070,1.5525037929,0.000e+00
0.50,0.550,-0.145800,canon,8,0.0224359015,1.5450978561,0.000e+00
0.50,0.550,-0.145800,canon,9,0.0248756659,1.5519552050,0.000e+00
0.50,0.650,-0.429200,canon,0,0.0019572079,1.0812667759,0.000e+00
0.50,0.650,-0.429200,canon,1,0.0141737006,1.0505458528,0.000e+00
0.50,0.650,-0.429200,canon,2,0.0185655738,1.0557574380,0.000e+00
0.50,0.650,-0.429200,canon,3,0.0087542301,1.1652007266,0.000e+00
0.50,0.650,-0.429200,canon,4,0.0079608661,1.2003103530,0.000e+00
0.50,0.650,-0.429200,canon,5,0.0019733002,1.1854984793,0.000e+00
0.50,0.650,-0.429200,canon,6,0.0220060431,1.1959216497,0.000e+00
0.50,0.650,-0.429200,canon,7,0.0050420150,1.1457258557,0.000e+00
0.50,0.650,-0.429200,canon,8,0.0046584499,1.1833041277,0.000e+00
0.50,0.650,-0.429200,canon,9,0.0199628008,1.1822069519,0.000e+00
0.50,0.800,-0.726359,canon,0,0.0065361960,1.0694721358,0.000e+00
0.50,0.800,-0.726359,canon,1,0.0094434830,1.0360082731,0.000e+00
0.50,0.800,-0.726359,canon,2,0.0205588326,1.0590489655,0.000e+00
0.50,0.800,-0.726359,canon,3,0.0280651967,1.1487430892,0.000e+00
0.50,0.800,-0.726359,canon,4,0.0051757277,1.1638292568,0.000e+00
0.50,0.800,-0.726359,canon,5,0.0075269977,1.1753496030,0.000e+00
0.50,0.800,-0.726359,canon,6,0.0067337409,1.1531317925,0.000e+00
0.50,0.800,-0.726359,canon,7,0.0046314574,1.1139077567,0.000e+00
0.50,0.800,-0.726359,canon,8,0.0320467801,1.1594405535,0.000e+00
0.50,0.800,-0.726359,canon,9,0.0059178852,1.1421600342,0.000e+00
0.50,0.950,-0.878281,canon,0,-0.0004154271,1.0546602622,0.000e+00
0.50,0.950,-0.878281,canon,1,0.0005704859,1.0176305781,0.000e+00
0.50,0.950,-0.878281,canon,2,0.0054248244,0.9729206632,0.000e+00
0.50,0.950,-0.878281,canon,3,-0.0020548076,1.1737038392,0.000e+00
0.50,0.950,-0.878281,canon,4,0.0120357057,1.1108905232,0.000e+00
0.50,0.950,-0.878281,canon,5,-0.0030267890,1.1967445316,0.000e+00
0.50,0.950,-0.878281,canon,6,-0.0157388116,1.2074419959,0.000e+00
0.50,0.950,-0.878281,canon,7,-0.0018960396,1.1701380178,0.000e+00
0.50,0.950,-0.878281,canon,8,0.0037474428,1.1169249903,0.000e+00
0.50,0.950,-0.878281,canon,9,0.0086180054,1.0798953061,0.000e+00
0.75,0.050,0.898281,canon,0,0.6610282609,1.5738987215,0.000e+00
0.75,0.050,0.898281,canon,1,0.5922147398,1.5700586061,0.000e+00
0.75,0.050,0.898281,canon,2,0.5861221380,1.5736244276,0.000e+00
0.75,0.050,0.898281,canon,3,0.3850219097,1.5700586061,0.000e+00
0.75,0.050,0.898281,canon,4,0.2748311602,1.5793846007,0.000e+00
0.75,0.050,0.898281,canon,5,0.5916853891,1.5733501336,0.000e+00
0.75,0.050,0.898281,canon,6,0.5277574291,1.5667670787,0.000e+00
0.75,0.050,0.898281,canon,7,0.5391301787,1.5774645430,0.000e+00
0.75,0.050,0.898281,canon,8,0.5001064212,1.5821275402,0.000e+00
0.75,0.050,0.898281,canon,9,0.6575290312,1.5689614303,0.000e+00
0.75,0.150,0.810340,canon,0,0.6057887063,1.5706071941,0.000e+00
0.75,0.150,0.810340,canon,1,0.5357569584,1.5703329001,0.000e+00
0.75,0.150,0.810340,canon,2,0.5261381388,1.5749958974,0.000e+00
0.75,0.150,0.810340,canon,3,0.3437261024,1.5692357243,0.000e+00
0.75,0.150,0.810340,canon,4,0.2411543377,1.5766416611,0.000e+00
0.75,0.150,0.810340,canon,5,0.5320725355,1.5728015457,0.000e+00
0.75,0.150,0.810340,canon,6,0.4722001153,1.5711557820,0.000e+00
0.75,0.150,0.810340,canon,7,0.5172427535,1.5777388369,0.000e+00
0.75,0.150,0.810340,canon,8,0.4227476819,1.5744473094,0.000e+00
0.75,0.150,0.810340,canon,9,0.6102468807,1.5637498452,0.000e+00
0.75,0.250,0.665794,canon,0,0.4798671918,1.5659441968,0.000e+00
0.75,0.250,0.665794,canon,1,0.4322335058,1.5703329001,0.000e+00
0.75,0.250,0.665794,canon,2,0.3267158422,1.5788360127,0.000e+00
0.75,0.250,0.665794,canon,3,0.3347887269,1.5706071941,0.000e+00
0.75,0.250,0.665794,canon,4,0.1788403459,1.5791103067,0.000e+00
0.75,0.250,0.665794,canon,5,0.4192927395,1.5774645430,0.000e+00
0.75,0.250,0.665794,canon,6,0.3552423707,1.5700586061,0.000e+00
0.75,0.250,0.665794,canon,7,0.4341775894,1.5730758397,0.000e+00
0.75,0.250,0.665794,canon,8,0.4546514252,1.5695100182,0.000e+00
0.75,0.250,0.665794,canon,9,0.5174907105,1.5656699028,0.000e+00
0.75,0.325,0.510354,canon,0,0.3140167888,1.5684128424,0.000e+00
0.75,0.325,0.510354,canon,1,0.3071262749,1.5706071941,0.000e+00
0.75,0.325,0.510354,canon,2,0.2346130635,1.5744473094,0.000e+00
0.75,0.325,0.510354,canon,3,0.2549315866,1.5686871364,0.000e+00
0.75,0.325,0.510354,canon,4,0.1137827993,1.5763673671,0.000e+00
0.75,0.325,0.510354,canon,5,0.2823736594,1.5758187792,0.000e+00
0.75,0.325,0.510354,canon,6,0.2184622572,1.5758187792,0.000e+00
0.75,0.325,0.510354,canon,7,0.2515727613,1.5706071941,0.000e+00
0.75,0.325,0.510354,canon,8,0.3243545005,1.5749958974,0.000e+00
0.75,0.325,0.510354,canon,9,0.3993954026,1.5675899605,0.000e+00
0.75,0.400,0.314216,canon,0,0.1784005627,1.5700586061,0.000e+00
0.75,0.400,0.314216,canon,1,0.1728802386,1.5738987215,0.000e+00
0.75,0.400,0.314216,canon,2,0.1478170726,1.5719786638,0.000e+00
0.75,0.400,0.314216,canon,3,0.1719041763,1.5681385485,0.000e+00
0.75,0.400,0.314216,canon,4,0.0472761125,1.5763673671,0.000e+00
0.75,0.400,0.314216,canon,5,0.1334796349,1.5744473094,0.000e+00
0.75,0.400,0.314216,canon,6,0.0967511553,1.5717043699,0.000e+00
0.75,0.400,0.314216,canon,7,0.1401278099,1.5717043699,0.000e+00
0.75,0.400,0.314216,canon,8,0.1939883561,1.5758187792,0.000e+00
0.75,0.400,0.314216,canon,9,0.2430841086,1.5722529578,0.000e+00
0.75,0.450,0.165800,canon,0,0.0951553235,1.5763673671,0.000e+00
0.75,0.450,0.165800,canon,1,0.1064820317,1.5703329001,0.000e+00
0.75,0.450,0.165800,canon,2,0.1079501309,1.5717043699,0.000e+00
0.75,0.450,0.165800,canon,3,0.1051425062,1.5730758397,0.000e+00
0.75,0.450,0.165800,canon,4,0.0074611640,1.5774645430,0.000e+00
0.75,0.450,0.165800,canon,5,0.0602670795,1.5717043699,0.000e+00
0.75,0.450,0.165800,canon,6,0.0435241335,1.5758187792,0.000e+00
0.75,0.450,0.165800,canon,7,0.0736120575,1.5771902490,0.000e+00
0.75,0.450,0.165800,canon,8,0.1273132228,1.5719786638,0.000e+00
0.75,0.450,0.165800,canon,9,0.1449857993,1.5728015457,0.000e+00
0.75,0.500,0.010000,canon,0,0.0447509023,1.5741730155,0.000e+00
0.75,0.500,0.010000,canon,1,0.0685789465,1.5664927847,0.000e+00
0.75,0.500,0.010000,canon,2,0.0863411623,1.5741730155,0.000e+00
0.75,0.500,0.010000,canon,3,0.0681107690,1.5711557820,0.000e+00
0.75,0.500,0.010000,canon,4,-0.0004176238,1.5714300759,0.000e+00
0.75,0.500,0.010000,canon,5,0.0154877509,1.5725272518,0.000e+00
0.75,0.500,0.010000,canon,6,0.0215408463,1.5788360127,0.000e+00
0.75,0.500,0.010000,canon,7,0.0279165161,1.5747216034,0.000e+00
0.75,0.500,0.010000,canon,8,0.0797844055,1.5747216034,0.000e+00
0.75,0.500,0.010000,canon,9,0.0634980311,1.5733501336,0.000e+00
0.75,0.550,-0.145800,canon,0,0.0221674711,1.5717043699,0.000e+00
0.75,0.550,-0.145800,canon,1,0.0474144307,1.5651213149,0.000e+00
0.75,0.550,-0.145800,canon,2,0.0719998363,1.5684128424,0.000e+00
0.75,0.550,-0.145800,canon,3,0.0510004724,1.5670413726,0.000e+00
0.75,0.550,-0.145800,canon,4,-0.0089754519,1.5717043699,0.000e+00
0.75,0.550,-0.145800,canon,5,-0.0027114291,1.5645727270,0.000e+00
0.75,0.550,-0.145800,canon,6,0.0026558656,1.5711557820,0.000e+00
0.75,0.550,-0.145800,canon,7,0.0044073021,1.5695100182,0.000e+00
0.75,0.550,-0.145800,canon,8,0.0499444547,1.5632012572,0.000e+00
0.75,0.550,-0.145800,canon,9,0.0221542736,1.5659441968,0.000e+00
0.75,0.650,-0.429200,canon,0,0.3067558584,1.4943534742,0.000e+00
0.75,0.650,-0.429200,canon,1,0.3339759139,1.4507407351,0.000e+00
0.75,0.650,-0.429200,canon,2,0.3644790698,1.4735071335,0.000e+00
0.75,0.650,-0.429200,canon,3,0.3795186891,1.4537579687,0.000e+00
0.75,0.650,-0.429200,canon,4,0.2777310097,1.4005449411,0.000e+00
0.75,0.650,-0.429200,canon,5,0.3670874031,1.4504664412,0.000e+00
0.75,0.650,-0.429200,canon,6,0.3367027257,1.4499178533,0.000e+00
0.75,0.650,-0.429200,canon,7,0.0165811632,1.1377713309,0.000e+00
0.75,0.650,-0.429200,canon,8,0.3151776526,1.4485463835,0.000e+00
0.75,0.650,-0.429200,canon,9,0.3433619165,1.4438833862,0.000e+00
0.75,0.800,-0.726359,canon,0,0.3052159186,1.5025822929,0.000e+00
0.75,0.800,-0.726359,canon,1,0.3221752898,1.4696670181,0.000e+00
0.75,0.800,-0.726359,canon,2,0.3329614602,1.4334602159,0.000e+00
0.75,0.800,-0.726359,canon,3,0.1555957245,1.2776612487,0.000e+00
0.75,0.800,-0.726359,canon,4,0.2781413340,1.3876531252,0.000e+00
0.75,0.800,-0.726359,canon,5,0.3174923900,1.4370260373,0.000e+00
0.75,0.800,-0.726359,canon,6,0.3111635111,1.4485463835,0.000e+00
0.75,0.800,-0.726359,canon,7,0.0716515060,1.1287196304,0.000e+00
0.75,0.800,-0.726359,canon,8,0.2924028186,1.4458034439,0.000e+00
0.75,0.800,-0.726359,canon,9,0.3625601895,1.4318144521,0.000e+00
0.75,0.950,-0.878281,canon,0,0.0006285008,1.1451772678,0.000e+00
0.75,0.950,-0.878281,canon,1,-0.0008427639,1.0848325974,0.000e+00
0.75,0.950,-0.878281,canon,2,-0.0031530585,1.0535630863,0.000e+00
0.75,0.950,-0.878281,canon,3,0.0094724337,1.1152792265,0.000e+00
0.75,0.950,-0.878281,canon,4,-0.0046166681,1.0491743830,0.000e+00
0.75,0.950,-0.878281,canon,5,0.0113333116,1.1432572101,0.000e+00
0.75,0.950,-0.878281,canon,6,-0.0012148059,1.1594405535,0.000e+00
0.75,0.950,-0.878281,canon,7,-0.0129047339,1.0571289078,0.000e+00
0.75,0.950,-0.878281,canon,8,0.0059765051,1.0713921935,0.000e+00
0.75,0.950,-0.878281,canon,9,0.0157919277,1.0848325974,0.000e+00
1.00,0.050,0.898281,canon,0,0.8796135496,1.5503094413,0.000e+00
1.00,0.050,0.898281,canon,1,0.8589342187,1.5489379715,0.000e+00
1.00,0.050,0.898281,canon,2,0.8737242403,1.5544238506,0.000e+00
1.00,0.050,0.898281,canon,3,0.8644019727,1.5555210265,0.000e+00
1.00,0.050,0.898281,canon,4,0.7701340928,1.5593611418,0.000e+00
1.00,0.050,0.898281,canon,5,0.8347950601,1.5645727270,0.000e+00
1.00,0.050,0.898281,canon,6,0.8897786397,1.5505837352,0.000e+00
1.00,0.050,0.898281,canon,7,0.8613763804,1.5541495567,0.000e+00
1.00,0.050,0.898281,canon,8,0.8799363820,1.5574410842,0.000e+00
1.00,0.050,0.898281,canon,9,0.8288869136,1.5546981446,0.000e+00
1.00,0.150,0.810340,canon,0,0.8632723597,1.5450978561,0.000e+00
1.00,0.150,0.810340,canon,1,0.8457512588,1.5500351473,0.000e+00
1.00,0.150,0.810340,canon,2,0.8559920739,1.5505837352,0.000e+00
1.00,0.150,0.810340,canon,3,0.8461107458,1.5530523809,0.000e+00
1.00,0.150,0.810340,canon,4,0.7487984339,1.5571667902,0.000e+00
1.00,0.150,0.810340,canon,5,0.8104033832,1.5571667902,0.000e+00
1.00,0.150,0.810340,canon,6,0.8767330354,1.5530523809,0.000e+00
1.00,0.150,0.810340,canon,7,0.8460547396,1.5525037929,0.000e+00
1.00,0.150,0.810340,canon,8,0.8628560785,1.5530523809,0.000e+00
1.00,0.150,0.810340,canon,9,0.8110686696,1.5505837352,0.000e+00
1.00,0.250,0.665794,canon,0,0.8254849239,1.5497608534,0.000e+00
1.00,0.250,0.665794,canon,1,0.8160546977,1.5475665017,0.000e+00
1.00,0.250,0.665794,canon,2,0.8140814135,1.5483893836,0.000e+00
1.00,0.250,0.665794,canon,3,0.8127386877,1.5563439083,0.000e+00
1.00,0.250,0.665794,canon,4,0.6959843585,1.5579896721,0.000e+00
1.00,0.250,0.665794,canon,5,0.7468150425,1.5601840237,0.000e+00
1.00,0.250,0.665794,canon,6,0.8444048763,1.5527780869,0.000e+00
1.00,0.250,0.665794,canon,7,0.8086187460,1.5536009688,0.000e+00
1.00,0.250,0.665794,canon,8,0.8207246304,1.5563439083,0.000e+00
1.00,0.250,0.665794,canon,9,0.7693534608,1.5568924962,0.000e+00
1.00,0.325,0.510354,canon,0,0.7614663673,1.5525037929,0.000e+00
1.00,0.325,0.510354,canon,1,0.7640040585,1.5423549166,0.000e+00
1.00,0.325,0.510354,canon,2,0.7336055536,1.5478407957,0.000e+00
1.00,0.325,0.510354,canon,3,0.7589826990,1.5505837352,0.000e+00
1.00,0.325,0.510354,canon,4,0.6170153575,1.5566182023,0.000e+00
1.00,0.325,0.510354,canon,5,0.6549989640,1.5568924962,0.000e+00
1.00,0.325,0.510354,canon,6,0.7831603827,1.5527780869,0.000e+00
1.00,0.325,0.510354,canon,7,0.7403929645,1.5549724385,0.000e+00
1.00,0.325,0.510354,canon,8,0.7547304605,1.5533266748,0.000e+00
1.00,0.325,0.510354,canon,9,0.6998771031,1.5527780869,0.000e+00
1.00,0.400,0.314216,canon,0,0.6182430840,1.5467436199,0.000e+00
1.00,0.400,0.314216,canon,1,0.6460213046,1.5445492682,0.000e+00
1.00,0.400,0.314216,canon,2,0.5329312619,1.5530523809,0.000e+00
1.00,0.400,0.314216,canon,3,0.6354042036,1.5560696144,0.000e+00
1.00,0.400,0.314216,canon,4,0.4883362146,1.5563439083,0.000e+00
1.00,0.400,0.314216,canon,5,0.4901423259,1.5621040814,0.000e+00
1.00,0.400,0.314216,canon,6,0.6455707433,1.5489379715,0.000e+00
1.00,0.400,0.314216,canon,7,0.5904276418,1.5530523809,0.000e+00
1.00,0.400,0.314216,canon,8,0.6136441177,1.5577153781,0.000e+00
1.00,0.400,0.314216,canon,9,0.5594840889,1.5593611418,0.000e+00
1.00,0.450,0.165800,canon,0,0.4629955034,1.5519552050,0.000e+00
1.00,0.450,0.165800,canon,1,0.5173974668,1.5459207380,0.000e+00
1.00,0.450,0.165800,canon,2,0.4079904265,1.5536009688,0.000e+00
1.00,0.450,0.165800,canon,3,0.4967174161,1.5568924962,0.000e+00
1.00,0.450,0.165800,canon,4,0.3490836845,1.5626526693,0.000e+00
1.00,0.450,0.165800,canon,5,0.3417402436,1.5610069056,0.000e+00
1.00,0.450,0.165800,canon,6,0.4843845491,1.5497608534,0.000e+00
1.00,0.450,0.165800,canon,7,0.4351296269,1.5560696144,0.000e+00
1.00,0.450,0.165800,canon,8,0.4697716419,1.5557953204,0.000e+00
1.00,0.450,0.165800,canon,9,0.4108520625,1.5577153781,0.000e+00
1.00,0.500,0.010000,canon,0,0.2758635148,1.5494865594,0.000e+00
1.00,0.500,0.010000,canon,1,0.3494963107,1.5475665017,0.000e+00
1.00,0.500,0.010000,canon,2,0.2920381509,1.5546981446,0.000e+00
1.00,0.500,0.010000,canon,3,0.3414524744,1.5629269633,0.000e+00
1.00,0.500,0.010000,canon,4,0.2259140244,1.5601840237,0.000e+00
1.00,0.500,0.010000,canon,5,0.2044646659,1.5615554935,0.000e+00
1.00,0.500,0.010000,canon,6,0.3169412581,1.5590868479,0.000e+00
1.00,0.500,0.010000,canon,7,0.2708915739,1.5588125539,0.000e+00
1.00,0.500,0.010000,canon,8,0.3173247700,1.5593611418,0.000e+00
1.00,0.500,0.010000,canon,9,0.2462936156,1.5571667902,0.000e+00
1.00,0.550,-0.145800,canon,0,0.1443707993,1.5560696144,0.000e+00
1.00,0.550,-0.145800,canon,1,0.2182619306,1.5536009688,0.000e+00
1.00,0.550,-0.145800,canon,2,0.2007617101,1.5557953204,0.000e+00
1.00,0.550,-0.145800,canon,3,0.2145917036,1.5601840237,0.000e+00
1.00,0.550,-0.145800,canon,4,0.1185842953,1.5604583177,0.000e+00
1.00,0.550,-0.145800,canon,5,0.0992158085,1.5626526693,0.000e+00
1.00,0.550,-0.145800,canon,6,0.1720767780,1.5585382600,0.000e+00
1.00,0.550,-0.145800,canon,7,0.1460727780,1.5612811995,0.000e+00
1.00,0.550,-0.145800,canon,8,0.1985082112,1.5607326116,0.000e+00
1.00,0.550,-0.145800,canon,9,0.1168364111,1.5612811995,0.000e+00
1.00,0.650,-0.429200,canon,0,0.2986607788,1.5766416611,0.000e+00
1.00,0.650,-0.429200,canon,1,0.3113425511,1.5760930732,0.000e+00
1.00,0.650,-0.429200,canon,2,0.3493307760,1.5769159551,0.000e+00
1.00,0.650,-0.429200,canon,3,0.3129527445,1.5684128424,0.000e+00
1.00,0.650,-0.429200,canon,4,0.2557571114,1.5571667902,0.000e+00
1.00,0.650,-0.429200,canon,5,0.3201679701,1.5541495567,0.000e+00
1.00,0.650,-0.429200,canon,6,0.2575115564,1.5758187792,0.000e+00
1.00,0.650,-0.429200,canon,7,0.3146358596,1.5393376830,0.000e+00
1.00,0.650,-0.429200,canon,8,0.3598376327,1.5933735924,0.000e+00
1.00,0.650,-0.429200,canon,9,0.3175932998,1.5585382600,0.000e+00
1.00,0.800,-0.726359,canon,0,0.2714602259,1.5793846007,0.000e+00
1.00,0.800,-0.726359,canon,1,0.2648061279,1.5588125539,0.000e+00
1.00,0.800,-0.726359,canon,2,0.2824222838,1.5670413726,0.000e+00
1.00,0.800,-0.726359,canon,3,0.3358097591,1.5656699028,0.000e+00
1.00,0.800,-0.726359,canon,4,0.1975457600,1.5492122655,0.000e+00
1.00,0.800,-0.726359,canon,5,0.3136730281,1.5497608534,0.000e+00
1.00,0.800,-0.726359,canon,6,0.2767164351,1.5626526693,0.000e+00
1.00,0.800,-0.726359,canon,7,0.3036572079,1.5401605649,0.000e+00
1.00,0.800,-0.726359,canon,8,0.2745440049,1.5749958974,0.000e+00
1.00,0.800,-0.726359,canon,9,0.2961597851,1.5514066171,0.000e+00
1.00,0.950,-0.878281,canon,0,0.0477455789,1.3286799246,0.000e+00
1.00,0.950,-0.878281,canon,1,0.0704060940,1.2779355426,0.000e+00
1.00,0.950,-0.878281,canon,2,0.0698372495,1.2784841305,0.000e+00
1.00,0.950,-0.878281,canon,3,0.0942987161,1.3437660922,0.000e+00
1.00,0.950,-0.878281,canon,4,0.0284622196,1.2101849354,0.000e+00
1.00,0.950,-0.878281,canon,5,0.0558994792,1.2809527762,0.000e+00
1.00,0.950,-0.878281,canon,6,0.0580422374,1.3519949108,0.000e+00
1.00,0.950,-0.878281,canon,7,0.0218980341,1.1956473557,0.000e+00
1.00,0.950,-0.878281,canon,8,0.0362180534,1.2258196909,0.000e+00
1.00,0.950,-0.878281,canon,9,-0.0090091691,1.2598321415,0.000e+00
1.00,0.050,0.898281,repli,3041,0.8705212458,1.5516809111,0.000e+00
1.00,0.050,0.898281,repli,3042,0.8525060450,1.5557953204,0.000e+00
1.00,0.050,0.898281,repli,3043,0.8656572359,1.5555210265,0.000e+00
1.00,0.050,0.898281,repli,3044,0.8712117086,1.5555210265,0.000e+00
1.00,0.050,0.898281,repli,3045,0.8742545340,1.5519552050,0.000e+00
1.00,0.050,0.898281,repli,3046,0.7935718610,1.5536009688,0.000e+00
1.00,0.050,0.898281,repli,3047,0.9065728924,1.5505837352,0.000e+00
1.00,0.050,0.898281,repli,3048,0.8399808406,1.5563439083,0.000e+00
1.00,0.050,0.898281,repli,3049,0.8902076540,1.5486636776,0.000e+00
1.00,0.050,0.898281,repli,3050,0.8184807472,1.5500351473,0.000e+00
1.00,0.150,0.810340,repli,3041,0.8587941143,1.5530523809,0.000e+00
1.00,0.150,0.810340,repli,3042,0.8347830586,1.5489379715,0.000e+00
1.00,0.150,0.810340,repli,3043,0.8521448743,1.5579896721,0.000e+00
1.00,0.150,0.810340,repli,3044,0.8569458709,1.5555210265,0.000e+00
1.00,0.150,0.810340,repli,3045,0.8578841270,1.5536009688,0.000e+00
1.00,0.150,0.810340,repli,3046,0.7720449652,1.5546981446,0.000e+00
1.00,0.150,0.810340,repli,3047,0.8936647591,1.5481150896,0.000e+00
1.00,0.150,0.810340,repli,3048,0.8186830334,1.5579896721,0.000e+00
1.00,0.150,0.810340,repli,3049,0.8747831947,1.5544238506,0.000e+00
1.00,0.150,0.810340,repli,3050,0.8184088636,1.5503094413,0.000e+00
1.00,0.250,0.665794,repli,3041,0.8272052818,1.5483893836,0.000e+00
1.00,0.250,0.665794,repli,3042,0.7939823358,1.5522294990,0.000e+00
1.00,0.250,0.665794,repli,3043,0.8188227282,1.5544238506,0.000e+00
1.00,0.250,0.665794,repli,3044,0.8079039751,1.5599097298,0.000e+00
1.00,0.250,0.665794,repli,3045,0.8169946342,1.5514066171,0.000e+00
1.00,0.250,0.665794,repli,3046,0.7224955355,1.5549724385,0.000e+00
1.00,0.250,0.665794,repli,3047,0.8612373398,1.5500351473,0.000e+00
1.00,0.250,0.665794,repli,3048,0.7677124579,1.5571667902,0.000e+00
1.00,0.250,0.665794,repli,3049,0.8374630844,1.5525037929,0.000e+00
1.00,0.250,0.665794,repli,3050,0.7608153189,1.5472922078,0.000e+00
1.00,0.325,0.510354,repli,3041,0.7658839553,1.5549724385,0.000e+00
1.00,0.325,0.510354,repli,3042,0.7201769056,1.5481150896,0.000e+00
1.00,0.325,0.510354,repli,3043,0.7179332280,1.5492122655,0.000e+00
1.00,0.325,0.510354,repli,3044,0.7425637193,1.5527780869,0.000e+00
1.00,0.325,0.510354,repli,3045,0.7442356338,1.5527780869,0.000e+00
1.00,0.325,0.510354,repli,3046,0.6399244859,1.5571667902,0.000e+00
1.00,0.325,0.510354,repli,3047,0.8021244426,1.5478407957,0.000e+00
1.00,0.325,0.510354,repli,3048,0.6823591091,1.5555210265,0.000e+00
1.00,0.325,0.510354,repli,3049,0.7684045897,1.5514066171,0.000e+00
1.00,0.325,0.510354,repli,3050,0.6687536674,1.5486636776,0.000e+00
1.00,0.400,0.314216,repli,3041,0.6390335859,1.5533266748,0.000e+00
1.00,0.400,0.314216,repli,3042,0.5854009908,1.5489379715,0.000e+00
1.00,0.400,0.314216,repli,3043,0.5884890691,1.5536009688,0.000e+00
1.00,0.400,0.314216,repli,3044,0.5872085758,1.5552467325,0.000e+00
1.00,0.400,0.314216,repli,3045,0.5947015784,1.5546981446,0.000e+00
1.00,0.400,0.314216,repli,3046,0.4695405278,1.5505837352,0.000e+00
1.00,0.400,0.314216,repli,3047,0.5754280375,1.5442749742,0.000e+00
1.00,0.400,0.314216,repli,3048,0.5174920671,1.5563439083,0.000e+00
1.00,0.400,0.314216,repli,3049,0.6079075150,1.5541495567,0.000e+00
1.00,0.400,0.314216,repli,3050,0.5124181362,1.5505837352,0.000e+00
1.00,0.450,0.165800,repli,3041,0.5112760616,1.5571667902,0.000e+00
1.00,0.450,0.165800,repli,3042,0.4442503099,1.5541495567,0.000e+00
1.00,0.450,0.165800,repli,3043,0.4429472648,1.5505837352,0.000e+00
1.00,0.450,0.165800,repli,3044,0.4334036602,1.5546981446,0.000e+00
1.00,0.450,0.165800,repli,3045,0.4366130440,1.5577153781,0.000e+00
1.00,0.450,0.165800,repli,3046,0.3515372266,1.5560696144,0.000e+00
1.00,0.450,0.165800,repli,3047,0.4307985598,1.5525037929,0.000e+00
1.00,0.450,0.165800,repli,3048,0.3690899418,1.5555210265,0.000e+00
1.00,0.450,0.165800,repli,3049,0.4322804205,1.5538752627,0.000e+00
1.00,0.450,0.165800,repli,3050,0.3687102228,1.5522294990,0.000e+00
1.00,0.500,0.010000,repli,3041,0.3664647500,1.5541495567,0.000e+00
1.00,0.500,0.010000,repli,3042,0.3252067964,1.5610069056,0.000e+00
1.00,0.500,0.010000,repli,3043,0.2875295696,1.5574410842,0.000e+00
1.00,0.500,0.010000,repli,3044,0.2836152392,1.5489379715,0.000e+00
1.00,0.500,0.010000,repli,3045,0.2713003050,1.5590868479,0.000e+00
1.00,0.500,0.010000,repli,3046,0.2475486380,1.5541495567,0.000e+00
1.00,0.500,0.010000,repli,3047,0.2689040205,1.5533266748,0.000e+00
1.00,0.500,0.010000,repli,3048,0.2273896951,1.5601840237,0.000e+00
1.00,0.500,0.010000,repli,3049,0.2572989207,1.5522294990,0.000e+00
1.00,0.500,0.010000,repli,3050,0.2365684147,1.5511323232,0.000e+00
1.00,0.550,-0.145800,repli,3041,0.2376524593,1.5579896721,0.000e+00
1.00,0.550,-0.145800,repli,3042,0.2219086580,1.5544238506,0.000e+00
1.00,0.550,-0.145800,repli,3043,0.1706893421,1.5557953204,0.000e+00
1.00,0.550,-0.145800,repli,3044,0.1670742150,1.5519552050,0.000e+00
1.00,0.550,-0.145800,repli,3045,0.1426162809,1.5615554935,0.000e+00
1.00,0.550,-0.145800,repli,3046,0.1640344664,1.5519552050,0.000e+00
1.00,0.550,-0.145800,repli,3047,0.1550665244,1.5500351473,0.000e+00
1.00,0.550,-0.145800,repli,3048,0.1101649800,1.5555210265,0.000e+00
1.00,0.550,-0.145800,repli,3049,0.1175239715,1.5574410842,0.000e+00
1.00,0.550,-0.145800,repli,3050,0.1380918565,1.5546981446,0.000e+00
1.00,0.650,-0.429200,repli,3041,0.3262376312,1.5648470210,0.000e+00
1.00,0.650,-0.429200,repli,3042,0.3067186104,1.5870648314,0.000e+00
1.00,0.650,-0.429200,repli,3043,0.3303814146,1.5802074825,0.000e+00
1.00,0.650,-0.429200,repli,3044,0.2865925271,1.5656699028,0.000e+00
1.00,0.650,-0.429200,repli,3045,0.3112671280,1.5538752627,0.000e+00
1.00,0.650,-0.429200,repli,3046,0.3598791742,1.5316574523,0.000e+00
1.00,0.650,-0.429200,repli,3047,0.2383043728,1.5659441968,0.000e+00
1.00,0.650,-0.429200,repli,3048,0.3123874996,1.5659441968,0.000e+00
1.00,0.650,-0.429200,repli,3049,0.2991554722,1.5508580292,0.000e+00
1.00,0.650,-0.429200,repli,3050,0.3100698763,1.5267201610,0.000e+00
1.00,0.800,-0.726359,repli,3041,0.2576884697,1.5514066171,0.000e+00
1.00,0.800,-0.726359,repli,3042,0.2386613337,1.5749958974,0.000e+00
1.00,0.800,-0.726359,repli,3043,0.2614921741,1.5719786638,0.000e+00
1.00,0.800,-0.726359,repli,3044,0.2745196193,1.5522294990,0.000e+00
1.00,0.800,-0.726359,repli,3045,0.2602984494,1.5511323232,0.000e+00
1.00,0.800,-0.726359,repli,3046,0.3178505407,1.5141026391,0.000e+00
1.00,0.800,-0.726359,repli,3047,0.2939000631,1.5664927847,0.000e+00
1.00,0.800,-0.726359,repli,3048,0.3090971368,1.5431777984,0.000e+00
1.00,0.800,-0.726359,repli,3049,0.2783005916,1.5557953204,0.000e+00
1.00,0.800,-0.726359,repli,3050,0.2638674128,1.5311088643,0.000e+00
1.00,0.950,-0.878281,repli,3041,0.1970339407,1.3646124328,0.000e+00
1.00,0.950,-0.878281,repli,3042,0.0538036443,1.3517206169,0.000e+00
1.00,0.950,-0.878281,repli,3043,0.0828534770,1.3083821718,0.000e+00
1.00,0.950,-0.878281,repli,3044,0.0565209326,1.2348713915,0.000e+00
1.00,0.950,-0.878281,repli,3045,0.0281833738,1.3231940454,0.000e+00
1.00,0.950,-0.878281,repli,3046,0.0041217009,1.2247225151,0.000e+00
1.00,0.950,-0.878281,repli,3047,0.1842096624,1.3533663806,0.000e+00
1.00,0.950,-0.878281,repli,3048,0.0036937493,1.2516033228,0.000e+00
1.00,0.950,-0.878281,repli,3049,0.1212202872,1.3519949108,0.000e+00
1.00,0.950,-0.878281,repli,3050,0.0483275079,1.2217052816,0.000e+00
