i_stim,u_frozen,label,group,seed,r_global,r_intra,r_inter,n_min,desequilibre,u_final_mean
0.50,,FULL (regime de Table 1),canon,0,0.00660377,0.13166756,-0.11635557,48,0.4800,0.997266
0.50,,FULL (regime de Table 1),canon,1,-0.00372239,0.10805767,-0.11362154,48,0.4800,0.997949
0.50,,FULL (regime de Table 1),canon,2,0.00010410,0.12053601,-0.11791917,50,0.5000,0.994480
0.50,,FULL (regime de Table 1),canon,3,-0.00570347,0.11432704,-0.12419204,47,0.4700,0.997572
0.50,,FULL (regime de Table 1),canon,4,-0.00202464,0.11137105,-0.11324226,49,0.4900,0.998139
0.50,,FULL (regime de Table 1),canon,5,0.00073822,0.10663591,-0.10337754,48,0.4800,0.997520
0.50,,FULL (regime de Table 1),canon,6,0.02715922,0.14234443,-0.09028175,43,0.4300,0.996956
0.50,,FULL (regime de Table 1),canon,7,-0.00255232,0.11488765,-0.11999230,45,0.4500,0.997847
0.50,,FULL (regime de Table 1),canon,8,-0.00515025,0.09379935,-0.10282871,47,0.4700,0.997719
0.50,,FULL (regime de Table 1),canon,9,0.00674905,0.11049684,-0.10032072,42,0.4200,0.997548
0.50,,FULL (regime de Table 1),repli,3061,0.00555706,0.12670292,-0.12119787,41,0.4100,0.989807
0.50,,FULL (regime de Table 1),repli,3062,-0.00225855,0.11747999,-0.11998226,48,0.4800,0.997731
0.50,,FULL (regime de Table 1),repli,3063,-0.00175972,0.11257816,-0.11462878,47,0.4700,0.997519
0.50,,FULL (regime de Table 1),repli,3064,-0.00501057,0.09848739,-0.10775856,46,0.4600,0.998297
0.50,,FULL (regime de Table 1),repli,3065,-0.00486077,0.11935798,-0.12669357,49,0.4900,0.997138
0.50,,FULL (regime de Table 1),repli,3066,0.00243228,0.11527624,-0.10959396,46,0.4600,0.998007
0.50,,FULL (regime de Table 1),repli,3067,-0.00195856,0.10582145,-0.10835400,47,0.4700,0.990105
0.50,,FULL (regime de Table 1),repli,3068,0.00412220,0.11141626,-0.10660738,42,0.4200,0.993596
0.50,,FULL (regime de Table 1),repli,3069,0.00411684,0.11491330,-0.10446368,50,0.5000,0.993456
0.50,,FULL (regime de Table 1),repli,3070,0.00955235,0.12607796,-0.10697326,45,0.4500,0.997745
1.00,,FULL (regime de la bande),canon,0,0.04322468,0.22576859,-0.17690179,34,0.3400,0.999587
1.00,,FULL (regime de la bande),canon,1,0.06986811,0.23192071,-0.16597629,28,0.2800,0.999650
1.00,,FULL (regime de la bande),canon,2,0.04972944,0.22618633,-0.14852908,37,0.3700,0.999096
1.00,,FULL (regime de la bande),canon,3,0.14655724,0.28614796,-0.16282803,19,0.1900,0.999267
1.00,,FULL (regime de la bande),canon,4,0.02403735,0.16090877,-0.12138854,40,0.4000,0.999608
1.00,,FULL (regime de la bande),canon,5,0.00300979,0.12768565,-0.12565816,42,0.4200,0.998829
1.00,,FULL (regime de la bande),canon,6,0.19748499,0.44056151,-0.31145648,20,0.2000,0.999425
1.00,,FULL (regime de la bande),canon,7,0.01930143,0.14570587,-0.10467507,49,0.4900,0.999309
1.00,,FULL (regime de la bande),canon,8,0.03745189,0.15413713,-0.09655382,36,0.3600,0.999535
1.00,,FULL (regime de la bande),canon,9,0.01759049,0.17902631,-0.14384533,45,0.4500,0.999513
1.00,,FULL (regime de la bande),repli,3061,0.03195885,0.17650975,-0.13404882,36,0.3600,0.999363
1.00,,FULL (regime de la bande),repli,3062,0.01786396,0.15826197,-0.12151666,46,0.4600,0.999545
1.00,,FULL (regime de la bande),repli,3063,0.05554557,0.26859702,-0.17470044,39,0.3900,0.999512
1.00,,FULL (regime de la bande),repli,3064,0.04396806,0.24213459,-0.15039215,49,0.4900,0.999104
1.00,,FULL (regime de la bande),repli,3065,0.00255197,0.13434491,-0.13534299,41,0.4100,0.998905
1.00,,FULL (regime de la bande),repli,3066,0.00475825,0.13920940,-0.13232596,43,0.4300,0.999120
1.00,,FULL (regime de la bande),repli,3067,0.02451183,0.18689847,-0.17130735,34,0.3400,0.999399
1.00,,FULL (regime de la bande),repli,3068,0.03687530,0.19075832,-0.13602030,37,0.3700,0.999258
1.00,,FULL (regime de la bande),repli,3069,0.05357730,0.21016621,-0.14040598,33,0.3300,0.999187
1.00,,FULL (regime de la bande),repli,3070,0.08923609,0.30359510,-0.12236920,47,0.4700,0.999606
0.50,0.050,u=0.05 (ablation du preprint),canon,0,0.70097250,0.72971718,-0.70751674,1,0.0100,0.050000
0.50,0.050,u=0.05 (ablation du preprint),canon,1,0.78154390,0.78154390,nan,0,0.0000,0.050000
0.50,0.050,u=0.05 (ablation du preprint),canon,2,0.65155968,0.66533046,-0.02320844,1,0.0100,0.050000
0.50,0.050,u=0.05 (ablation du preprint),canon,3,0.66372949,0.69650727,-0.13129874,2,0.0200,0.050000
0.50,0.050,u=0.05 (ablation du preprint),canon,4,0.55886002,0.65227379,-0.55188817,4,0.0400,0.050000
0.50,0.050,u=0.05 (ablation du preprint),canon,5,0.73919320,0.76068178,-0.31374696,1,0.0100,0.050000
0.50,0.050,u=0.05 (ablation du preprint),canon,6,0.83399473,0.83399473,nan,0,0.0000,0.050000
0.50,0.050,u=0.05 (ablation du preprint),canon,7,0.62269137,0.68446690,-0.36635394,3,0.0300,0.050000
0.50,0.050,u=0.05 (ablation du preprint),canon,8,0.78622532,0.78622532,nan,0,0.0000,0.050000
0.50,0.050,u=0.05 (ablation du preprint),canon,9,0.64146956,0.67408293,-0.14957112,2,0.0200,0.050000
0.50,0.050,u=0.05 (ablation du preprint),repli,3061,0.73729183,0.73729183,nan,0,0.0000,0.050000
0.50,0.050,u=0.05 (ablation du preprint),repli,3062,0.59424207,0.69625996,-0.19910977,6,0.0600,0.050000
0.50,0.050,u=0.05 (ablation du preprint),repli,3063,0.74192368,0.74192368,nan,0,0.0000,0.050000
0.50,0.050,u=0.05 (ablation du preprint),repli,3064,0.64695061,0.65945895,0.03404214,1,0.0100,0.050000
0.50,0.050,u=0.05 (ablation du preprint),repli,3065,0.52176160,0.60766229,-0.28751333,5,0.0500,0.050000
0.50,0.050,u=0.05 (ablation du preprint),repli,3066,0.64070922,0.67851520,-0.27627846,2,0.0200,0.050000
0.50,0.050,u=0.05 (ablation du preprint),repli,3067,0.64035635,0.67617307,-0.22838180,2,0.0200,0.050000
0.50,0.050,u=0.05 (ablation du preprint),repli,3068,0.65435553,0.65435553,nan,0,0.0000,0.050000
0.50,0.050,u=0.05 (ablation du preprint),repli,3069,0.78308625,0.78308625,nan,0,0.0000,0.050000
0.50,0.050,u=0.05 (ablation du preprint),repli,3070,0.80426249,0.80426249,nan,0,0.0000,0.050000
0.50,0.950,u=0.95 (repulsif fort fige),canon,0,0.00796990,0.10453425,-0.10292822,36,0.3600,0.950000
0.50,0.950,u=0.95 (repulsif fort fige),canon,1,0.00403413,0.11900130,-0.11195954,44,0.4400,0.950000
0.50,0.950,u=0.95 (repulsif fort fige),canon,2,-0.00272196,0.10110940,-0.10987797,42,0.4200,0.950000
0.50,0.950,u=0.95 (repulsif fort fige),canon,3,-0.00217749,0.10976885,-0.11268574,47,0.4700,0.950000
0.50,0.950,u=0.95 (repulsif fort fige),canon,4,-0.00003878,0.12730547,-0.12987691,43,0.4300,0.950000
0.50,0.950,u=0.95 (repulsif fort fige),canon,5,-0.00102899,0.11907843,-0.11873426,50,0.5000,0.950000
0.50,0.950,u=0.95 (repulsif fort fige),canon,6,-0.00655495,0.09938519,-0.11046022,49,0.4900,0.950000
0.50,0.950,u=0.95 (repulsif fort fige),canon,7,-0.00320761,0.12698073,-0.13245255,46,0.4600,0.950000
0.50,0.950,u=0.95 (repulsif fort fige),canon,8,0.00232688,0.08825411,-0.08215446,48,0.4800,0.950000
0.50,0.950,u=0.95 (repulsif fort fige),canon,9,0.00185182,0.13367822,-0.13255624,43,0.4300,0.950000
0.50,0.950,u=0.95 (repulsif fort fige),repli,3061,-0.00485813,0.11849544,-0.12613603,48,0.4800,0.950000
0.50,0.950,u=0.95 (repulsif fort fige),repli,3062,0.01519937,0.12514231,-0.09826390,42,0.4200,0.950000
0.50,0.950,u=0.95 (repulsif fort fige),repli,3063,-0.00081413,0.12717400,-0.12634391,49,0.4900,0.950000
0.50,0.950,u=0.95 (repulsif fort fige),repli,3064,0.00196636,0.10964174,-0.10492876,46,0.4600,0.950000
0.50,0.950,u=0.95 (repulsif fort fige),repli,3065,-0.00411922,0.10521708,-0.11161572,48,0.4800,0.950000
0.50,0.950,u=0.95 (repulsif fort fige),repli,3066,0.00102522,0.11108002,-0.10823208,46,0.4600,0.950000
0.50,0.950,u=0.95 (repulsif fort fige),repli,3067,0.00349617,0.11468543,-0.10555741,49,0.4900,0.950000
0.50,0.950,u=0.95 (repulsif fort fige),repli,3068,-0.00456865,0.10338361,-0.11348477,44,0.4400,0.950000
0.50,0.950,u=0.95 (repulsif fort fige),repli,3069,-0.00578041,0.12679806,-0.13665575,47,0.4700,0.950000
0.50,0.950,u=0.95 (repulsif fort fige),repli,3070,-0.00361754,0.10615910,-0.11128561,49,0.4900,0.950000
